movieId,title,genres
1,Toy Story (1995),Adventure|Animation|Children|Comedy|Fantasy
2,Jumanji (1995),Adventure|Children|Fantasy
3,Grumpier Old Men (1995),Comedy|Romance
4,Waiting to Exhale (1995),Comedy|Drama|Romance
5,Father of the Bride Part II (1995),Comedy
6,Heat (1995),Action|Crime|Thriller
7,Sabrina (1995),Comedy|Romance
8,Tom and Huck (1995),Adventure|Children
9,Sudden Death (1995),Action
10,GoldenEye (1995),Action|Adventure|Thriller
11,"American President, The (1995)",Comedy|Drama|Romance
13,Balto (1995),Adventure|Animation|Children
14,Nixon (1995),Drama
15,Cutthroat Island (1995),Action|Adventure|Romance
16,Casino (1995),Crime|Drama
17,Sense and Sensibility (1995),Drama|Romance
18,Four Rooms (1995),Comedy
19,Ace Ventura: When Nature Calls (1995),Comedy
20,Money Train (1995),Action|Comedy|Crime|Drama|Thriller
21,Get Shorty (1995),Comedy|Crime|Thriller
22,Copycat (1995),Crime|Drama|Horror|Mystery|Thriller
23,Assassins (1995),Action|Crime|Thriller
24,Powder (1995),Drama|Sci-Fi
25,Leaving Las Vegas (1995),Drama|Romance
26,Othello (1995),Drama
27,Now and Then (1995),Children|Drama
28,Persuasion (1995),Drama|Romance
29,"City of Lost Children, The (Cité des enfants perdus, La) (1995)",Adventure|Drama|Fantasy|Mystery|Sci-Fi
31,Dangerous Minds (1995),Drama
32,Twelve Monkeys (a.k.a. 12 Monkeys) (1995),Mystery|Sci-Fi|Thriller
34,Babe (1995),Children|Drama
35,Carrington (1995),Drama|Romance
36,Dead Man Walking (1995),Crime|Drama
39,Clueless (1995),Comedy|Romance
40,"Cry, the Beloved Country (1995)",Drama
41,Richard III (1995),Drama|War
42,Dead Presidents (1995),Action|Crime|Drama
43,Restoration (1995),Drama
44,Mortal Kombat (1995),Action|Adventure|Fantasy
45,To Die For (1995),Comedy|Drama|Thriller
46,How to Make an American Quilt (1995),Drama|Romance
47,Seven (a.k.a. Se7en) (1995),Mystery|Thriller
48,Pocahontas (1995),Animation|Children|Drama|Musical|Romance
49,When Night Is Falling (1995),Drama|Romance
50,"Usual Suspects, The (1995)",Crime|Mystery|Thriller
52,Mighty Aphrodite (1995),Comedy|Drama|Romance
58,"Postman, The (Postino, Il) (1994)",Comedy|Drama|Romance
59,"Confessional, The (Confessionnal, Le) (1995)",Drama|Mystery
60,"Indian in the Cupboard, The (1995)",Adventure|Children|Fantasy
62,Mr. Holland's Opus (1995),Drama
63,Don't Be a Menace to South Central While Drinking Your Juice in the Hood (1996),Comedy|Crime
64,Two if by Sea (1996),Comedy|Romance
65,Bio-Dome (1996),Comedy
66,Lawnmower Man 2: Beyond Cyberspace (1996),Action|Sci-Fi|Thriller
69,Friday (1995),Comedy
70,From Dusk Till Dawn (1996),Action|Comedy|Horror|Thriller
73,"Misérables, Les (1995)",Drama|War
74,Bed of Roses (1996),Drama|Romance
75,Big Bully (1996),Comedy|Drama
76,Screamers (1995),Action|Sci-Fi|Thriller
78,"Crossing Guard, The (1995)",Action|Crime|Drama|Thriller
79,"Juror, The (1996)",Drama|Thriller
81,Things to Do in Denver When You're Dead (1995),Crime|Drama|Romance
83,Once Upon a Time... When We Were Colored (1995),Drama|Romance
85,Angels and Insects (1995),Drama|Romance
86,White Squall (1996),Action|Adventure|Drama
88,Black Sheep (1996),Comedy
89,Nick of Time (1995),Action|Thriller
94,Beautiful Girls (1996),Comedy|Drama|Romance
95,Broken Arrow (1996),Action|Adventure|Thriller
97,"Hate (Haine, La) (1995)",Crime|Drama
100,City Hall (1996),Drama|Thriller
101,Bottle Rocket (1996),Adventure|Comedy|Crime|Romance
102,Mr. Wrong (1996),Comedy
103,Unforgettable (1996),Mystery|Sci-Fi|Thriller
104,Happy Gilmore (1996),Comedy
105,"Bridges of Madison County, The (1995)",Drama|Romance
107,Muppet Treasure Island (1996),Adventure|Children|Comedy|Musical
110,Braveheart (1995),Action|Drama|War
111,Taxi Driver (1976),Crime|Drama|Thriller
112,Rumble in the Bronx (Hont faan kui) (1995),Action|Adventure|Comedy|Crime
117,"Young Poisoner's Handbook, The (1995)",Crime|Drama
122,Boomerang (1992),Comedy|Romance
125,Flirting With Disaster (1996),Comedy
126,"NeverEnding Story III, The (1994)",Adventure|Children|Fantasy
132,Jade (1995),Thriller
135,Down Periscope (1996),Comedy
140,Up Close and Personal (1996),Drama|Romance
141,"Birdcage, The (1996)",Comedy
144,"Brothers McMullen, The (1995)",Comedy
145,Bad Boys (1995),Action|Comedy|Crime|Drama|Thriller
147,"Basketball Diaries, The (1995)",Drama
149,Amateur (1994),Crime|Drama|Thriller
150,Apollo 13 (1995),Adventure|Drama|IMAX
151,Rob Roy (1995),Action|Drama|Romance|War
153,Batman Forever (1995),Action|Adventure|Comedy|Crime
156,Blue in the Face (1995),Comedy|Drama
157,Canadian Bacon (1995),Comedy|War
158,Casper (1995),Adventure|Children
159,Clockers (1995),Crime|Drama|Mystery
160,Congo (1995),Action|Adventure|Mystery|Sci-Fi
161,Crimson Tide (1995),Drama|Thriller|War
162,Crumb (1994),Documentary
163,Desperado (1995),Action|Romance|Western
164,Devil in a Blue Dress (1995),Crime|Film-Noir|Mystery|Thriller
165,Die Hard: With a Vengeance (1995),Action|Crime|Thriller
168,First Knight (1995),Action|Drama|Romance
169,Free Willy 2: The Adventure Home (1995),Adventure|Children|Drama
170,Hackers (1995),Action|Adventure|Crime|Thriller
171,Jeffrey (1995),Comedy|Drama
172,Johnny Mnemonic (1995),Action|Sci-Fi|Thriller
173,Judge Dredd (1995),Action|Crime|Sci-Fi
174,Jury Duty (1995),Comedy
175,Kids (1995),Drama
176,Living in Oblivion (1995),Comedy
177,Lord of Illusions (1995),Horror
180,Mallrats (1995),Comedy|Romance
181,Mighty Morphin Power Rangers: The Movie (1995),Action|Children
182,Moonlight and Valentino (1995),Drama|Romance
185,"Net, The (1995)",Action|Crime|Thriller
186,Nine Months (1995),Comedy|Romance
187,Party Girl (1995),Comedy
188,"Prophecy, The (1995)",Fantasy|Horror|Mystery
190,Safe (1995),Thriller
193,Showgirls (1995),Drama
194,Smoke (1995),Comedy|Drama
195,Something to Talk About (1995),Comedy|Drama|Romance
196,Species (1995),Horror|Sci-Fi
197,"Stars Fell on Henrietta, The (1995)",Drama
198,Strange Days (1995),Action|Crime|Drama|Mystery|Sci-Fi|Thriller
199,"Umbrellas of Cherbourg, The (Parapluies de Cherbourg, Les) (1964)",Drama|Musical|Romance
203,"To Wong Foo, Thanks for Everything! Julie Newmar (1995)",Comedy
204,Under Siege 2: Dark Territory (1995),Action
205,Unstrung Heroes (1995),Comedy|Drama
207,"Walk in the Clouds, A (1995)",Drama|Romance
208,Waterworld (1995),Action|Adventure|Sci-Fi
209,White Man's Burden (1995),Drama
213,Burnt by the Sun (Utomlyonnye solntsem) (1994),Drama
215,Before Sunrise (1995),Drama|Romance
216,Billy Madison (1995),Comedy
218,Boys on the Side (1995),Comedy|Drama
219,"Cure, The (1995)",Drama
222,Circle of Friends (1995),Drama|Romance
223,Clerks (1994),Comedy
224,Don Juan DeMarco (1995),Comedy|Drama|Romance
225,Disclosure (1994),Drama|Thriller
227,Drop Zone (1994),Action|Thriller
229,Death and the Maiden (1994),Drama|Thriller
230,Dolores Claiborne (1995),Drama|Thriller
231,Dumb & Dumber (Dumb and Dumber) (1994),Adventure|Comedy
232,Eat Drink Man Woman (Yin shi nan nu) (1994),Comedy|Drama|Romance
233,Exotica (1994),Drama
234,Exit to Eden (1994),Comedy
235,Ed Wood (1994),Comedy|Drama
236,French Kiss (1995),Action|Comedy|Romance
237,Forget Paris (1995),Comedy|Romance
239,"Goofy Movie, A (1995)",Animation|Children|Comedy|Romance
242,Farinelli: il castrato (1994),Drama|Musical
243,Gordy (1995),Children|Comedy|Fantasy
246,Hoop Dreams (1994),Documentary
247,Heavenly Creatures (1994),Crime|Drama
248,Houseguest (1994),Comedy
249,Immortal Beloved (1994),Drama|Romance
252,I.Q. (1994),Comedy|Romance
253,Interview with the Vampire: The Vampire Chronicles (1994),Drama|Horror
256,Junior (1994),Comedy|Sci-Fi
258,"Kid in King Arthur's Court, A (1995)",Adventure|Children|Comedy|Fantasy|Romance
259,Kiss of Death (1995),Crime|Drama|Thriller
260,Star Wars: Episode IV - A New Hope (1977),Action|Adventure|Sci-Fi
261,Little Women (1994),Drama
262,"Little Princess, A (1995)",Children|Drama
265,Like Water for Chocolate (Como agua para chocolate) (1992),Drama|Fantasy|Romance
266,Legends of the Fall (1994),Drama|Romance|War|Western
267,Major Payne (1995),Comedy
270,Love Affair (1994),Drama|Romance
272,"Madness of King George, The (1994)",Comedy|Drama
273,Mary Shelley's Frankenstein (Frankenstein) (1994),Drama|Horror|Sci-Fi
275,Mixed Nuts (1994),Comedy
276,Milk Money (1994),Comedy|Romance
277,Miracle on 34th Street (1994),Drama
278,Miami Rhapsody (1995),Comedy
280,Murder in the First (1995),Drama|Thriller
281,Nobody's Fool (1994),Comedy|Drama|Romance
282,Nell (1994),Drama
288,Natural Born Killers (1994),Action|Crime|Thriller
289,Only You (1994),Comedy|Romance
290,Once Were Warriors (1994),Crime|Drama
292,Outbreak (1995),Action|Drama|Sci-Fi|Thriller
293,Léon: The Professional (a.k.a. The Professional) (Léon) (1994),Action|Crime|Drama|Thriller
296,Pulp Fiction (1994),Comedy|Crime|Drama|Thriller
299,Priest (1994),Drama
300,Quiz Show (1994),Drama
301,Picture Bride (Bijo photo) (1994),Drama|Romance
303,"Quick and the Dead, The (1995)",Action|Thriller|Western
304,Roommates (1995),Comedy|Drama
305,Ready to Wear (Pret-A-Porter) (1994),Comedy
306,Three Colors: Red (Trois couleurs: Rouge) (1994),Drama
307,Three Colors: Blue (Trois couleurs: Bleu) (1993),Drama
308,Three Colors: White (Trzy kolory: Bialy) (1994),Comedy|Drama
312,Stuart Saves His Family (1995),Comedy
314,"Secret of Roan Inish, The (1994)",Children|Drama|Fantasy|Mystery
315,"Specialist, The (1994)",Action|Drama|Thriller
316,Stargate (1994),Action|Adventure|Sci-Fi
317,"Santa Clause, The (1994)",Comedy|Drama|Fantasy
318,"Shawshank Redemption, The (1994)",Crime|Drama
319,Shallow Grave (1994),Comedy|Drama|Thriller
322,Swimming with Sharks (1995),Comedy|Drama
325,National Lampoon's Senior Trip (1995),Comedy
327,Tank Girl (1995),Action|Comedy|Sci-Fi
328,Tales from the Crypt Presents: Demon Knight (1995),Horror|Thriller
329,Star Trek: Generations (1994),Adventure|Drama|Sci-Fi
330,Tales from the Hood (1995),Action|Crime|Horror
332,Village of the Damned (1995),Horror|Sci-Fi
333,Tommy Boy (1995),Comedy
334,Vanya on 42nd Street (1994),Drama
335,Underneath (1995),Mystery|Thriller
337,What's Eating Gilbert Grape (1993),Drama
338,Virtuosity (1995),Action|Sci-Fi|Thriller
339,While You Were Sleeping (1995),Comedy|Romance
342,Muriel's Wedding (1994),Comedy
343,"Baby-Sitters Club, The (1995)",Children
344,Ace Ventura: Pet Detective (1994),Comedy
345,"Adventures of Priscilla, Queen of the Desert, The (1994)",Comedy|Drama
347,Bitter Moon (1992),Drama|Film-Noir|Romance
348,Bullets Over Broadway (1994),Comedy
349,Clear and Present Danger (1994),Action|Crime|Drama|Thriller
350,"Client, The (1994)",Drama|Mystery|Thriller
351,"Corrina, Corrina (1994)",Comedy|Drama|Romance
353,"Crow, The (1994)",Action|Crime|Fantasy|Thriller
355,"Flintstones, The (1994)",Children|Comedy|Fantasy
356,Forrest Gump (1994),Comedy|Drama|Romance|War
357,Four Weddings and a Funeral (1994),Comedy|Romance
358,Higher Learning (1995),Drama
361,It Could Happen to You (1994),Comedy|Drama|Romance
362,"Jungle Book, The (1994)",Adventure|Children|Romance
364,"Lion King, The (1994)",Adventure|Animation|Children|Drama|Musical|IMAX
365,Little Buddha (1993),Drama
366,"Wes Craven's New Nightmare (Nightmare on Elm Street Part 7: Freddy's Finale, A) (1994)",Drama|Horror|Mystery|Thriller
367,"Mask, The (1994)",Action|Comedy|Crime|Fantasy
368,Maverick (1994),Adventure|Comedy|Western
369,Mrs. Parker and the Vicious Circle (1994),Drama
370,Naked Gun 33 1/3: The Final Insult (1994),Action|Comedy
371,"Paper, The (1994)",Comedy|Drama
372,Reality Bites (1994),Comedy|Drama|Romance
373,Red Rock West (1992),Thriller
374,Richie Rich (1994),Children|Comedy
376,"River Wild, The (1994)",Action|Thriller
377,Speed (1994),Action|Romance|Thriller
378,Speechless (1994),Comedy|Romance
379,Timecop (1994),Action|Sci-Fi|Thriller
380,True Lies (1994),Action|Adventure|Comedy|Romance|Thriller
381,When a Man Loves a Woman (1994),Drama|Romance
382,Wolf (1994),Drama|Horror|Romance|Thriller
383,Wyatt Earp (1994),Western
387,"Low Down Dirty Shame, A (1994)",Action|Comedy
391,Jason's Lyric (1994),Crime|Drama
393,Street Fighter (1994),Action|Adventure|Fantasy
405,Highlander III: The Sorcerer (a.k.a. Highlander: The Final Dimension) (1994),Action|Fantasy
407,In the Mouth of Madness (1995),Horror|Thriller
408,8 Seconds (1994),Drama
409,Above the Rim (1994),Crime|Drama
410,Addams Family Values (1993),Children|Comedy|Fantasy
412,"Age of Innocence, The (1993)",Drama
413,Airheads (1994),Comedy
415,Another Stakeout (1993),Comedy|Thriller
416,Bad Girls (1994),Western
417,Barcelona (1994),Comedy|Romance
418,Being Human (1993),Drama
419,"Beverly Hillbillies, The (1993)",Comedy
420,Beverly Hills Cop III (1994),Action|Comedy|Crime|Thriller
421,Black Beauty (1994),Adventure|Children|Drama
422,Blink (1994),Thriller
423,Blown Away (1994),Action|Thriller
425,Blue Sky (1994),Drama|Romance
426,Body Snatchers (1993),Horror|Sci-Fi|Thriller
427,Boxing Helena (1993),Drama|Mystery|Romance|Thriller
428,"Bronx Tale, A (1993)",Drama
431,Carlito's Way (1993),Crime|Drama
432,City Slickers II: The Legend of Curly's Gold (1994),Adventure|Comedy|Western
433,Clean Slate (1994),Comedy
434,Cliffhanger (1993),Action|Adventure|Thriller
435,Coneheads (1993),Comedy|Sci-Fi
437,Cops and Robbersons (1994),Comedy
438,"Cowboy Way, The (1994)",Action|Comedy|Drama
440,Dave (1993),Comedy|Romance
441,Dazed and Confused (1993),Comedy
442,Demolition Man (1993),Action|Adventure|Sci-Fi
444,Even Cowgirls Get the Blues (1993),Comedy|Romance
445,Fatal Instinct (1993),Comedy
446,Farewell My Concubine (Ba wang bie ji) (1993),Drama|Romance
450,With Honors (1994),Comedy|Drama
452,Widows' Peak (1994),Drama
453,For Love or Money (1993),Comedy|Romance
454,"Firm, The (1993)",Drama|Thriller
455,Free Willy (1993),Adventure|Children|Drama
456,Fresh (1994),Crime|Drama|Thriller
457,"Fugitive, The (1993)",Thriller
458,Geronimo: An American Legend (1993),Drama|Western
459,"Getaway, The (1994)",Action|Adventure|Crime|Drama|Romance|Thriller
460,Getting Even with Dad (1994),Comedy
464,Hard Target (1993),Action|Adventure|Crime|Thriller
465,Heaven & Earth (1993),Action|Drama|War
466,Hot Shots! Part Deux (1993),Action|Comedy|War
468,"Englishman Who Went Up a Hill But Came Down a Mountain, The (1995)",Comedy|Romance
471,"Hudsucker Proxy, The (1994)",Comedy
473,In the Army Now (1994),Comedy|War
474,In the Line of Fire (1993),Action|Thriller
475,In the Name of the Father (1993),Drama
477,What's Love Got to Do with It? (1993),Drama|Musical
480,Jurassic Park (1993),Action|Adventure|Sci-Fi|Thriller
481,Kalifornia (1993),Drama|Thriller
482,Killing Zoe (1994),Crime|Drama|Thriller
483,King of the Hill (1993),Drama
485,Last Action Hero (1993),Action|Adventure|Comedy|Fantasy
488,M. Butterfly (1993),Drama|Romance
490,Malice (1993),Thriller
491,"Man Without a Face, The (1993)",Drama
492,Manhattan Murder Mystery (1993),Comedy|Mystery
493,Menace II Society (1993),Action|Crime|Drama
494,Executive Decision (1996),Action|Adventure|Thriller
497,Much Ado About Nothing (1993),Comedy|Romance
500,Mrs. Doubtfire (1993),Comedy|Drama
501,Naked (1993),Drama
502,"Next Karate Kid, The (1994)",Action|Children|Romance
505,North (1994),Comedy
506,Orlando (1992),Drama|Fantasy|Romance
507,"Perfect World, A (1993)",Crime|Drama|Thriller
508,Philadelphia (1993),Drama
509,"Piano, The (1993)",Drama|Romance
512,"Puppet Masters, The (1994)",Horror|Sci-Fi
514,"Ref, The (1994)",Comedy
515,"Remains of the Day, The (1993)",Drama|Romance
516,Renaissance Man (1994),Comedy|Drama
517,Rising Sun (1993),Action|Drama|Mystery
518,"Road to Wellville, The (1994)",Comedy
519,RoboCop 3 (1993),Action|Crime|Drama|Sci-Fi|Thriller
520,Robin Hood: Men in Tights (1993),Comedy
521,Romeo Is Bleeding (1993),Crime|Thriller
524,Rudy (1993),Drama
527,Schindler's List (1993),Drama|War
529,Searching for Bobby Fischer (1993),Drama
531,"Secret Garden, The (1993)",Children|Drama
532,Serial Mom (1994),Comedy|Crime|Horror
533,"Shadow, The (1994)",Action|Adventure|Fantasy|Mystery
534,Shadowlands (1993),Drama|Romance
535,Short Cuts (1993),Drama
537,Sirens (1994),Drama
538,Six Degrees of Separation (1993),Drama
539,Sleepless in Seattle (1993),Comedy|Drama|Romance
540,Sliver (1993),Thriller
541,Blade Runner (1982),Action|Sci-Fi|Thriller
542,Son in Law (1993),Comedy|Drama|Romance
543,So I Married an Axe Murderer (1993),Comedy|Romance|Thriller
546,Super Mario Bros. (1993),Action|Adventure|Children|Comedy|Fantasy|Sci-Fi
548,Terminal Velocity (1994),Action|Mystery|Thriller
549,Thirty-Two Short Films About Glenn Gould (1993),Drama|Musical
550,Threesome (1994),Comedy|Romance
551,"Nightmare Before Christmas, The (1993)",Animation|Children|Fantasy|Musical
552,"Three Musketeers, The (1993)",Action|Adventure|Comedy|Romance
553,Tombstone (1993),Action|Drama|Western
555,True Romance (1993),Crime|Thriller
556,"War Room, The (1993)",Documentary
558,"Pagemaster, The (1994)",Action|Adventure|Animation|Children|Fantasy
562,Welcome to the Dollhouse (1995),Comedy|Drama
565,Cronos (1993),Drama|Horror
569,Little Big League (1994),Comedy|Drama
574,Spanking the Monkey (1994),Comedy|Drama
575,"Little Rascals, The (1994)",Children|Comedy
577,Andre (1994),Adventure|Children|Drama
581,"Celluloid Closet, The (1995)",Documentary
585,"Brady Bunch Movie, The (1995)",Comedy
586,Home Alone (1990),Children|Comedy
587,Ghost (1990),Comedy|Drama|Fantasy|Romance|Thriller
588,Aladdin (1992),Adventure|Animation|Children|Comedy|Musical
589,Terminator 2: Judgment Day (1991),Action|Sci-Fi
590,Dances with Wolves (1990),Adventure|Drama|Western
592,Batman (1989),Action|Crime|Thriller
593,"Silence of the Lambs, The (1991)",Crime|Horror|Thriller
594,Snow White and the Seven Dwarfs (1937),Animation|Children|Drama|Fantasy|Musical
595,Beauty and the Beast (1991),Animation|Children|Fantasy|Musical|Romance|IMAX
596,Pinocchio (1940),Animation|Children|Fantasy|Musical
597,Pretty Woman (1990),Comedy|Romance
599,"Wild Bunch, The (1969)",Adventure|Western
603,"Bye Bye, Love (1995)",Comedy
605,One Fine Day (1996),Drama|Romance
606,Candyman: Farewell to the Flesh (1995),Fantasy|Horror
608,Fargo (1996),Comedy|Crime|Drama|Thriller
609,Homeward Bound II: Lost in San Francisco (1996),Adventure|Children
610,Heavy Metal (1981),Action|Adventure|Animation|Horror|Sci-Fi
611,Hellraiser: Bloodline (1996),Action|Horror|Sci-Fi
612,"Pallbearer, The (1996)",Comedy
613,Jane Eyre (1996),Drama|Romance
616,"Aristocats, The (1970)",Animation|Children
618,Two Much (1995),Comedy|Romance
619,Ed (1996),Comedy
627,"Last Supper, The (1995)",Drama|Thriller
628,Primal Fear (1996),Crime|Drama|Mystery|Thriller
633,Denise Calls Up (1995),Comedy
634,Theodore Rex (1995),Comedy
635,"Family Thing, A (1996)",Comedy|Drama
637,Sgt. Bilko (1996),Comedy
638,Jack and Sarah (1995),Romance
639,Girl 6 (1996),Comedy|Drama
640,Diabolique (1996),Drama|Thriller
647,Courage Under Fire (1996),Action|Crime|Drama|War
648,Mission: Impossible (1996),Action|Adventure|Mystery|Thriller
650,Moll Flanders (1996),Drama
653,Dragonheart (1996),Action|Adventure|Fantasy
661,James and the Giant Peach (1996),Adventure|Animation|Children|Fantasy|Musical
662,Fear (1996),Thriller
663,Kids in the Hall: Brain Candy (1996),Comedy
665,Underground (1995),Comedy|Drama|War
670,"World of Apu, The (Apur Sansar) (1959)",Drama
671,Mystery Science Theater 3000: The Movie (1996),Comedy|Sci-Fi
673,Space Jam (1996),Adventure|Animation|Children|Comedy|Fantasy|Sci-Fi
674,Barbarella (1968),Adventure|Comedy|Sci-Fi
680,"Alphaville (Alphaville, une étrange aventure de Lemmy Caution) (1965)",Drama|Mystery|Romance|Sci-Fi|Thriller
685,It's My Party (1996),Drama
688,Operation Dumbo Drop (1995),Action|Adventure|Comedy|War
694,"Substitute, The (1996)",Action|Crime|Drama
695,True Crime (1996),Mystery|Thriller
697,Feeling Minnesota (1996),Drama|Romance
701,Daens (1992),Drama
706,Sunset Park (1996),Drama
707,Mulholland Falls (1996),Crime|Drama|Thriller
708,"Truth About Cats & Dogs, The (1996)",Comedy|Romance
710,Celtic Pride (1996),Comedy
714,Dead Man (1995),Drama|Mystery|Western
719,Multiplicity (1996),Comedy
720,Wallace & Gromit: The Best of Aardman Animation (1996),Adventure|Animation|Comedy
722,"Haunted World of Edward D. Wood Jr., The (1996)",Documentary
724,"Craft, The (1996)",Drama|Fantasy|Horror|Thriller
725,"Great White Hype, The (1996)",Comedy
728,Cold Comfort Farm (1995),Comedy
731,Heaven's Prisoners (1996),Crime|Thriller
733,"Rock, The (1996)",Action|Adventure|Thriller
736,Twister (1996),Action|Adventure|Romance|Thriller
737,Barb Wire (1996),Action|Sci-Fi
741,Ghost in the Shell (Kôkaku kidôtai) (1995),Animation|Sci-Fi
742,Thinner (1996),Horror|Thriller
743,Spy Hard (1996),Comedy
744,Brothers in Trouble (1995),Drama
745,Wallace & Gromit: A Close Shave (1995),Animation|Children|Comedy
748,"Arrival, The (1996)",Action|Sci-Fi|Thriller
750,Dr. Strangelove or: How I Learned to Stop Worrying and Love the Bomb (1964),Comedy|War
754,Gold Diggers: The Secret of Bear Mountain (1995),Adventure|Children
759,Maya Lin: A Strong Clear Vision (1994),Documentary
760,Stalingrad (1993),Drama|War
761,"Phantom, The (1996)",Action|Adventure
762,Striptease (1996),Comedy|Crime
765,Jack (1996),Comedy|Drama
766,I Shot Andy Warhol (1996),Drama
778,Trainspotting (1996),Comedy|Crime|Drama
780,Independence Day (a.k.a. ID4) (1996),Action|Adventure|Sci-Fi|Thriller
781,Stealing Beauty (1996),Drama
782,"Fan, The (1996)",Drama|Thriller
783,"Hunchback of Notre Dame, The (1996)",Animation|Children|Drama|Musical|Romance
784,"Cable Guy, The (1996)",Comedy|Thriller
785,Kingpin (1996),Comedy
786,Eraser (1996),Action|Drama|Thriller
788,"Nutty Professor, The (1996)",Comedy|Fantasy|Romance|Sci-Fi
789,"I, the Worst of All (Yo, la peor de todas) (1990)",Drama
798,Daylight (1996),Action|Adventure|Drama|Thriller
799,"Frighteners, The (1996)",Comedy|Horror|Thriller
800,Lone Star (1996),Drama|Mystery|Western
802,Phenomenon (1996),Drama|Romance
805,"Time to Kill, A (1996)",Drama|Thriller
806,American Buffalo (1996),Crime|Drama
809,Fled (1996),Action|Adventure
810,Kazaam (1996),Children|Comedy|Fantasy
818,"Very Brady Sequel, A (1996)",Comedy
829,Joe's Apartment (1996),Comedy|Fantasy|Musical
830,"First Wives Club, The (1996)",Comedy
832,Ransom (1996),Crime|Thriller
833,High School High (1996),Comedy
836,Chain Reaction (1996),Action|Adventure|Thriller
837,Matilda (1996),Children|Comedy|Fantasy
838,Emma (1996),Comedy|Drama|Romance
839,"Crow: City of Angels, The (1996)",Action|Thriller
842,Tales from the Crypt Presents: Bordello of Blood (1996),Comedy|Horror
846,Flirt (1995),Drama
848,"Spitfire Grill, The (1996)",Drama
849,Escape from L.A. (1996),Action|Adventure|Sci-Fi|Thriller
851,Basquiat (1996),Drama
852,Tin Cup (1996),Comedy|Drama|Romance
858,"Godfather, The (1972)",Crime|Drama
861,Supercop (Police Story 3: Supercop) (Jing cha gu shi III: Chao ji jing cha) (1992),Action|Comedy|Crime|Thriller
866,Bound (1996),Crime|Drama|Romance|Thriller
869,Kansas City (1996),Crime|Drama|Musical|Thriller
875,Nothing to Lose (1994),Action|Crime|Drama
879,"Relic, The (1997)",Horror|Thriller
880,"Island of Dr. Moreau, The (1996)",Sci-Fi|Thriller
881,First Kid (1996),Children|Comedy
882,"Trigger Effect, The (1996)",Drama|Thriller
886,Bulletproof (1996),Action|Comedy|Crime
891,Halloween: The Curse of Michael Myers (Halloween 6: The Curse of Michael Myers) (1995),Horror|Thriller
892,Twelfth Night (1996),Comedy|Drama|Romance
897,For Whom the Bell Tolls (1943),Adventure|Drama|Romance|War
898,"Philadelphia Story, The (1940)",Comedy|Drama|Romance
899,Singin' in the Rain (1952),Comedy|Musical|Romance
902,Breakfast at Tiffany's (1961),Drama|Romance
903,Vertigo (1958),Drama|Mystery|Romance|Thriller
904,Rear Window (1954),Mystery|Thriller
906,Gaslight (1944),Drama|Thriller
907,"Gay Divorcee, The (1934)",Comedy|Musical|Romance
908,North by Northwest (1959),Action|Adventure|Mystery|Romance|Thriller
909,"Apartment, The (1960)",Comedy|Drama|Romance
910,Some Like It Hot (1959),Comedy|Crime
911,Charade (1963),Comedy|Crime|Mystery|Romance|Thriller
912,Casablanca (1942),Drama|Romance
913,"Maltese Falcon, The (1941)",Film-Noir|Mystery
914,My Fair Lady (1964),Comedy|Drama|Musical|Romance
915,Sabrina (1954),Comedy|Romance
916,Roman Holiday (1953),Comedy|Drama|Romance
917,"Little Princess, The (1939)",Children|Drama
918,Meet Me in St. Louis (1944),Musical
919,"Wizard of Oz, The (1939)",Adventure|Children|Fantasy|Musical
920,Gone with the Wind (1939),Drama|Romance|War
921,My Favorite Year (1982),Comedy
922,Sunset Blvd. (a.k.a. Sunset Boulevard) (1950),Drama|Film-Noir|Romance
923,Citizen Kane (1941),Drama|Mystery
924,2001: A Space Odyssey (1968),Adventure|Drama|Sci-Fi
926,All About Eve (1950),Drama
928,Rebecca (1940),Drama|Mystery|Romance|Thriller
929,Foreign Correspondent (1940),Drama|Film-Noir|Mystery|Thriller
930,Notorious (1946),Film-Noir|Romance|Thriller
931,Spellbound (1945),Mystery|Romance|Thriller
932,"Affair to Remember, An (1957)",Drama|Romance
933,To Catch a Thief (1955),Crime|Mystery|Romance|Thriller
934,Father of the Bride (1950),Comedy
935,"Band Wagon, The (1953)",Comedy|Musical
938,Gigi (1958),Musical
940,"Adventures of Robin Hood, The (1938)",Action|Adventure|Romance
942,Laura (1944),Crime|Film-Noir|Mystery
943,"Ghost and Mrs. Muir, The (1947)",Drama|Fantasy|Romance
944,Lost Horizon (1937),Drama
945,Top Hat (1935),Comedy|Musical|Romance
946,To Be or Not to Be (1942),Comedy|Drama|War
948,Giant (1956),Drama|Romance|Western
949,East of Eden (1955),Drama
950,"Thin Man, The (1934)",Comedy|Crime
951,His Girl Friday (1940),Comedy|Romance
952,Around the World in 80 Days (1956),Adventure|Comedy
953,It's a Wonderful Life (1946),Children|Drama|Fantasy|Romance
954,Mr. Smith Goes to Washington (1939),Drama
955,Bringing Up Baby (1938),Comedy|Romance
959,Of Human Bondage (1934),Drama
965,"39 Steps, The (1935)",Drama|Mystery|Thriller
968,Night of the Living Dead (1968),Horror|Sci-Fi|Thriller
969,"African Queen, The (1951)",Adventure|Comedy|Romance|War
971,Cat on a Hot Tin Roof (1958),Drama
973,Meet John Doe (1941),Comedy|Drama
986,Fly Away Home (1996),Adventure|Children
991,Michael Collins (1996),Drama
994,Big Night (1996),Comedy|Drama
996,Last Man Standing (1996),Action|Crime|Drama|Thriller
998,Set It Off (1996),Action|Crime
999,2 Days in the Valley (1996),Crime|Film-Noir
1000,Curdled (1996),Crime
1003,Extreme Measures (1996),Drama|Thriller
1005,D3: The Mighty Ducks (1996),Children|Comedy
1006,"Chamber, The (1996)",Drama
1009,Escape to Witch Mountain (1975),Adventure|Children|Fantasy
1010,"Love Bug, The (1969)",Children|Comedy
1011,Herbie Rides Again (1974),Children|Comedy|Fantasy|Romance
1012,Old Yeller (1957),Children|Drama
1013,"Parent Trap, The (1961)",Children|Comedy|Romance
1015,Homeward Bound: The Incredible Journey (1993),Adventure|Children|Drama
1017,Swiss Family Robinson (1960),Adventure|Children
1018,That Darn Cat! (1965),Children|Comedy|Mystery
1019,"20,000 Leagues Under the Sea (1954)",Adventure|Drama|Sci-Fi
1020,Cool Runnings (1993),Comedy
1021,Angels in the Outfield (1994),Children|Comedy
1022,Cinderella (1950),Animation|Children|Fantasy|Musical|Romance
1023,Winnie the Pooh and the Blustery Day (1968),Animation|Children|Musical
1024,"Three Caballeros, The (1945)",Animation|Children|Musical
1025,"Sword in the Stone, The (1963)",Animation|Children|Fantasy|Musical
1027,Robin Hood: Prince of Thieves (1991),Adventure|Drama
1028,Mary Poppins (1964),Children|Comedy|Fantasy|Musical
1029,Dumbo (1941),Animation|Children|Drama|Musical
1030,Pete's Dragon (1977),Adventure|Animation|Children|Musical
1031,Bedknobs and Broomsticks (1971),Adventure|Children|Musical
1032,Alice in Wonderland (1951),Adventure|Animation|Children|Fantasy|Musical
1033,"Fox and the Hound, The (1981)",Animation|Children|Drama
1035,"Sound of Music, The (1965)",Musical|Romance
1036,Die Hard (1988),Action|Crime|Thriller
1037,"Lawnmower Man, The (1992)",Action|Horror|Sci-Fi|Thriller
1041,Secrets & Lies (1996),Drama
1042,That Thing You Do! (1996),Comedy|Drama
1043,To Gillian on Her 37th Birthday (1996),Drama|Romance
1044,Surviving Picasso (1996),Drama
1046,Beautiful Thing (1996),Drama|Romance
1047,"Long Kiss Goodnight, The (1996)",Action|Drama|Thriller
1049,"Ghost and the Darkness, The (1996)",Action|Adventure
1051,Trees Lounge (1996),Drama
1056,Jude (1996),Drama
1059,William Shakespeare's Romeo + Juliet (1996),Drama|Romance
1060,Swingers (1996),Comedy|Drama
1061,Sleepers (1996),Thriller
1066,Shall We Dance (1937),Comedy|Musical|Romance
1073,Willy Wonka & the Chocolate Factory (1971),Children|Comedy|Fantasy|Musical
1077,Sleeper (1973),Comedy|Sci-Fi
1078,Bananas (1971),Comedy|War
1079,"Fish Called Wanda, A (1988)",Comedy|Crime
1080,Monty Python's Life of Brian (1979),Comedy
1081,Victor/Victoria (1982),Comedy|Musical|Romance
1082,"Candidate, The (1972)",Drama
1083,"Great Race, The (1965)",Comedy|Musical
1084,Bonnie and Clyde (1967),Crime|Drama
1085,"Old Man and the Sea, The (1958)",Adventure|Drama
1086,Dial M for Murder (1954),Crime|Mystery|Thriller
1088,Dirty Dancing (1987),Drama|Musical|Romance
1089,Reservoir Dogs (1992),Crime|Mystery|Thriller
1090,Platoon (1986),Drama|War
1091,Weekend at Bernie's (1989),Comedy
1092,Basic Instinct (1992),Crime|Mystery|Thriller
1093,"Doors, The (1991)",Drama
1094,"Crying Game, The (1992)",Drama|Romance|Thriller
1095,Glengarry Glen Ross (1992),Drama
1096,Sophie's Choice (1982),Drama
1097,E.T. the Extra-Terrestrial (1982),Children|Drama|Sci-Fi
1099,"Christmas Carol, A (1938)",Children|Drama|Fantasy
1100,Days of Thunder (1990),Action|Drama|Romance
1101,Top Gun (1986),Action|Romance
1103,Rebel Without a Cause (1955),Drama
1104,"Streetcar Named Desire, A (1951)",Drama
1111,Microcosmos (Microcosmos: Le peuple de l'herbe) (1996),Documentary
1112,Palookaville (1996),Action|Comedy|Drama
1113,"Associate, The (1996)",Comedy
1120,"People vs. Larry Flynt, The (1996)",Comedy|Drama
1124,On Golden Pond (1981),Drama
1125,"Return of the Pink Panther, The (1975)",Comedy|Crime
1126,Drop Dead Fred (1991),Comedy|Fantasy
1127,"Abyss, The (1989)",Action|Adventure|Sci-Fi|Thriller
1128,"Fog, The (1980)",Horror
1129,Escape from New York (1981),Action|Adventure|Sci-Fi|Thriller
1130,"Howling, The (1980)",Horror|Mystery
1131,Jean de Florette (1986),Drama|Mystery
1132,Manon of the Spring (Manon des sources) (1986),Drama
1135,Private Benjamin (1980),Comedy
1136,Monty Python and the Holy Grail (1975),Adventure|Comedy|Fantasy
1144,"Line King: The Al Hirschfeld Story, The (1996)",Documentary
1147,When We Were Kings (1996),Documentary
1148,Wallace & Gromit: The Wrong Trousers (1993),Animation|Children|Comedy|Crime
1161,"Tin Drum, The (Blechtrommel, Die) (1979)",Drama|War
1163,Mina Tannenbaum (1994),Drama
1172,Cinema Paradiso (Nuovo cinema Paradiso) (1989),Drama
1173,"Cook the Thief His Wife & Her Lover, The (1989)",Comedy|Drama
1175,Delicatessen (1991),Comedy|Drama|Romance
1176,"Double Life of Veronique, The (Double Vie de Véronique, La) (1991)",Drama|Fantasy|Romance
1177,Enchanted April (1992),Drama|Romance
1178,Paths of Glory (1957),Drama|War
1179,"Grifters, The (1990)",Crime|Drama|Film-Noir
1181,"Shooter, The (1997)",Western
1183,"English Patient, The (1996)",Drama|Romance|War
1185,My Left Foot (1989),Drama
1186,"Sex, Lies, and Videotape (1989)",Drama
1187,Passion Fish (1992),Drama
1188,Strictly Ballroom (1992),Comedy|Romance
1189,"Thin Blue Line, The (1988)",Documentary
1190,Tie Me Up! Tie Me Down! (¡Átame!) (1990),Crime|Drama|Romance
1191,Madonna: Truth or Dare (1991),Documentary|Musical
1192,Paris Is Burning (1990),Documentary
1193,One Flew Over the Cuckoo's Nest (1975),Drama
1194,Cheech and Chong's Up in Smoke (1978),Comedy
1196,Star Wars: Episode V - The Empire Strikes Back (1980),Action|Adventure|Sci-Fi
1197,"Princess Bride, The (1987)",Action|Adventure|Comedy|Fantasy|Romance
1198,Raiders of the Lost Ark (Indiana Jones and the Raiders of the Lost Ark) (1981),Action|Adventure
1199,Brazil (1985),Fantasy|Sci-Fi
1200,Aliens (1986),Action|Adventure|Horror|Sci-Fi
1201,"Good, the Bad and the Ugly, The (Buono, il brutto, il cattivo, Il) (1966)",Action|Adventure|Western
1202,Withnail & I (1987),Comedy
1203,12 Angry Men (1957),Drama
1204,Lawrence of Arabia (1962),Adventure|Drama|War
1206,"Clockwork Orange, A (1971)",Crime|Drama|Sci-Fi|Thriller
1207,To Kill a Mockingbird (1962),Drama
1208,Apocalypse Now (1979),Action|Drama|War
1209,Once Upon a Time in the West (C'era una volta il West) (1968),Action|Drama|Western
1210,Star Wars: Episode VI - Return of the Jedi (1983),Action|Adventure|Sci-Fi
1211,"Wings of Desire (Himmel über Berlin, Der) (1987)",Drama|Fantasy|Romance
1212,"Third Man, The (1949)",Film-Noir|Mystery|Thriller
1213,Goodfellas (1990),Crime|Drama
1214,Alien (1979),Horror|Sci-Fi
1215,Army of Darkness (1993),Action|Adventure|Comedy|Fantasy|Horror
1216,"Big Blue, The (Grand bleu, Le) (1988)",Adventure|Drama|Romance
1217,Ran (1985),Drama|War
1218,"Killer, The (Die xue shuang xiong) (1989)",Action|Crime|Drama|Thriller
1219,Psycho (1960),Crime|Horror
1220,"Blues Brothers, The (1980)",Action|Comedy|Musical
1221,"Godfather: Part II, The (1974)",Crime|Drama
1222,Full Metal Jacket (1987),Drama|War
1223,"Grand Day Out with Wallace and Gromit, A (1989)",Adventure|Animation|Children|Comedy|Sci-Fi
1224,Henry V (1989),Action|Drama|Romance|War
1225,Amadeus (1984),Drama
1227,Once Upon a Time in America (1984),Crime|Drama
1228,Raging Bull (1980),Drama
1230,Annie Hall (1977),Comedy|Romance
1231,"Right Stuff, The (1983)",Drama
1232,Stalker (1979),Drama|Mystery|Sci-Fi
1233,"Boot, Das (Boat, The) (1981)",Action|Drama|War
1234,"Sting, The (1973)",Comedy|Crime
1235,Harold and Maude (1971),Comedy|Drama|Romance
1236,Trust (1990),Comedy|Drama|Romance
1237,"Seventh Seal, The (Sjunde inseglet, Det) (1957)",Drama
1238,Local Hero (1983),Comedy
1240,"Terminator, The (1984)",Action|Sci-Fi|Thriller
1241,Dead Alive (Braindead) (1992),Comedy|Fantasy|Horror
1242,Glory (1989),Drama|War
1243,Rosencrantz and Guildenstern Are Dead (1990),Comedy|Drama
1244,Manhattan (1979),Comedy|Drama|Romance
1245,Miller's Crossing (1990),Crime|Drama|Film-Noir|Thriller
1246,Dead Poets Society (1989),Drama
1247,"Graduate, The (1967)",Comedy|Drama|Romance
1248,Touch of Evil (1958),Crime|Film-Noir|Thriller
1249,"Femme Nikita, La (Nikita) (1990)",Action|Crime|Romance|Thriller
1250,"Bridge on the River Kwai, The (1957)",Adventure|Drama|War
1251,8 1/2 (8½) (1963),Drama|Fantasy
1252,Chinatown (1974),Crime|Film-Noir|Mystery|Thriller
1253,"Day the Earth Stood Still, The (1951)",Drama|Sci-Fi|Thriller
1254,"Treasure of the Sierra Madre, The (1948)",Action|Adventure|Drama|Western
1256,Duck Soup (1933),Comedy|Musical|War
1257,Better Off Dead... (1985),Comedy|Romance
1258,"Shining, The (1980)",Horror
1259,Stand by Me (1986),Adventure|Drama
1260,M (1931),Crime|Film-Noir|Thriller
1261,Evil Dead II (Dead by Dawn) (1987),Action|Comedy|Fantasy|Horror
1262,"Great Escape, The (1963)",Action|Adventure|Drama|War
1263,"Deer Hunter, The (1978)",Drama|War
1264,Diva (1981),Action|Drama|Mystery|Romance|Thriller
1265,Groundhog Day (1993),Comedy|Fantasy|Romance
1266,Unforgiven (1992),Drama|Western
1267,"Manchurian Candidate, The (1962)",Crime|Thriller|War
1268,Pump Up the Volume (1990),Comedy|Drama
1269,Arsenic and Old Lace (1944),Comedy|Mystery|Thriller
1270,Back to the Future (1985),Adventure|Comedy|Sci-Fi
1271,Fried Green Tomatoes (1991),Comedy|Crime|Drama
1272,Patton (1970),Drama|War
1273,Down by Law (1986),Comedy|Drama|Film-Noir
1274,Akira (1988),Action|Adventure|Animation|Sci-Fi
1275,Highlander (1986),Action|Adventure|Fantasy
1276,Cool Hand Luke (1967),Drama
1277,Cyrano de Bergerac (1990),Comedy|Drama|Romance
1278,Young Frankenstein (1974),Comedy|Fantasy
1279,Night on Earth (1991),Comedy|Drama
1280,Raise the Red Lantern (Da hong deng long gao gao gua) (1991),Drama
1281,"Great Dictator, The (1940)",Comedy|Drama|War
1282,Fantasia (1940),Animation|Children|Fantasy|Musical
1283,High Noon (1952),Drama|Western
1284,"Big Sleep, The (1946)",Crime|Film-Noir|Mystery
1285,Heathers (1989),Comedy
1286,Somewhere in Time (1980),Drama|Romance
1287,Ben-Hur (1959),Action|Adventure|Drama
1288,This Is Spinal Tap (1984),Comedy
1289,Koyaanisqatsi (a.k.a. Koyaanisqatsi: Life Out of Balance) (1983),Documentary
1290,Some Kind of Wonderful (1987),Drama|Romance
1291,Indiana Jones and the Last Crusade (1989),Action|Adventure
1292,Being There (1979),Comedy|Drama
1293,Gandhi (1982),Drama
1295,"Unbearable Lightness of Being, The (1988)",Drama
1296,"Room with a View, A (1986)",Drama|Romance
1297,Real Genius (1985),Comedy
1298,Pink Floyd: The Wall (1982),Drama|Musical
1299,"Killing Fields, The (1984)",Drama|War
1300,My Life as a Dog (Mitt liv som hund) (1985),Comedy|Drama
1301,Forbidden Planet (1956),Drama|Sci-Fi
1302,Field of Dreams (1989),Children|Drama|Fantasy
1303,"Man Who Would Be King, The (1975)",Adventure|Drama
1304,Butch Cassidy and the Sundance Kid (1969),Action|Western
1305,"Paris, Texas (1984)",Drama|Romance
1306,Until the End of the World (Bis ans Ende der Welt) (1991),Adventure|Drama|Sci-Fi
1307,When Harry Met Sally... (1989),Comedy|Romance
1316,Anna (1996),Drama
1317,I'm Not Rappaport (1996),Comedy
1320,Alien³ (a.k.a. Alien 3) (1992),Action|Horror|Sci-Fi|Thriller
1321,"American Werewolf in London, An (1981)",Comedy|Horror|Thriller
1326,Amityville II: The Possession (1982),Horror
1329,Blood for Dracula (Andy Warhol's Dracula) (1974),Horror
1330,April Fool's Day (1986),Horror
1333,"Birds, The (1963)",Horror|Thriller
1334,"Blob, The (1958)",Horror|Sci-Fi
1339,Dracula (Bram Stoker's Dracula) (1992),Fantasy|Horror|Romance|Thriller
1340,"Bride of Frankenstein, The (Bride of Frankenstein) (1935)",Drama|Horror|Sci-Fi
1342,Candyman (1992),Horror|Thriller
1343,Cape Fear (1991),Thriller
1345,Carrie (1976),Drama|Fantasy|Horror|Thriller
1347,"Nightmare on Elm Street, A (1984)",Horror|Thriller
1348,"Nosferatu (Nosferatu, eine Symphonie des Grauens) (1922)",Horror
1350,"Omen, The (1976)",Horror|Mystery|Thriller
1351,Blood and Wine (Blood & Wine) (1996),Crime|Drama|Thriller
1354,Breaking the Waves (1996),Drama|Mystery
1355,Nightwatch (1997),Horror|Thriller
1356,Star Trek: First Contact (1996),Action|Adventure|Sci-Fi|Thriller
1357,Shine (1996),Drama|Romance
1358,Sling Blade (1996),Drama
1359,Jingle All the Way (1996),Children|Comedy
1361,Paradise Lost: The Child Murders at Robin Hood Hills (1996),Documentary
1363,"Preacher's Wife, The (1996)",Drama
1366,"Crucible, The (1996)",Drama
1367,101 Dalmatians (1996),Adventure|Children|Comedy
1370,Die Hard 2 (1990),Action|Adventure|Thriller
1371,Star Trek: The Motion Picture (1979),Adventure|Sci-Fi
1372,Star Trek VI: The Undiscovered Country (1991),Action|Mystery|Sci-Fi
1373,Star Trek V: The Final Frontier (1989),Action|Sci-Fi
1374,Star Trek II: The Wrath of Khan (1982),Action|Adventure|Sci-Fi|Thriller
1375,Star Trek III: The Search for Spock (1984),Action|Adventure|Sci-Fi
1376,Star Trek IV: The Voyage Home (1986),Adventure|Comedy|Sci-Fi
1377,Batman Returns (1992),Action|Crime
1378,Young Guns (1988),Action|Comedy|Western
1379,Young Guns II (1990),Action|Western
1380,Grease (1978),Comedy|Musical|Romance
1381,Grease 2 (1982),Comedy|Musical|Romance
1385,Under Siege (1992),Action|Drama|Thriller
1387,Jaws (1975),Action|Horror
1388,Jaws 2 (1978),Horror|Thriller
1391,Mars Attacks! (1996),Action|Comedy|Sci-Fi
1393,Jerry Maguire (1996),Drama|Romance
1394,Raising Arizona (1987),Comedy
1395,Tin Men (1987),Comedy|Drama
1396,Sneakers (1992),Action|Comedy|Crime|Drama|Sci-Fi
1398,In Love and War (1996),Romance|War
1399,Marvin's Room (1996),Drama
1405,Beavis and Butt-Head Do America (1996),Adventure|Animation|Comedy|Crime
1406,La Cérémonie (1995),Crime|Drama|Mystery|Thriller
1407,Scream (1996),Comedy|Horror|Mystery|Thriller
1408,"Last of the Mohicans, The (1992)",Action|Romance|War|Western
1409,Michael (1996),Comedy|Drama|Fantasy|Romance
1410,"Evening Star, The (1996)",Comedy|Drama
1411,Hamlet (1996),Crime|Drama|Romance
1414,Mother (1996),Comedy
1416,Evita (1996),Drama|Musical
1419,Walkabout (1971),Adventure|Drama
1422,Murder at 1600 (1997),Crime|Drama|Mystery|Thriller
1425,Fierce Creatures (1997),Comedy
1426,Zeus and Roxanne (1997),Children
1429,First Strike (Police Story 4: First Strike) (Ging chaat goo si 4: Ji gaan daan yam mo) (1996),Action|Adventure|Comedy|Thriller
1431,Beverly Hills Ninja (1997),Action|Comedy
1432,Metro (1997),Action|Comedy|Crime|Drama|Thriller
1433,The Machine (1994),Horror|Sci-Fi|Thriller
1438,Dante's Peak (1997),Action|Thriller
1439,Meet Wally Sparks (1997),Comedy
1441,Benny & Joon (1993),Comedy|Romance
1442,Prefontaine (1997),Drama
1446,Kolya (Kolja) (1996),Comedy|Drama
1447,Gridlock'd (1997),Crime
1449,Waiting for Guffman (1996),Comedy
1453,"Beautician and the Beast, The (1997)",Comedy|Romance
1454,SubUrbia (1997),Comedy|Drama
1456,"Pest, The (1997)",Comedy
1457,Fools Rush In (1997),Comedy|Drama|Romance
1459,Absolute Power (1997),Mystery|Thriller
1460,That Darn Cat (1997),Children|Comedy|Mystery
1461,Vegas Vacation (National Lampoon's Las Vegas Vacation) (1997),Comedy
1464,Lost Highway (1997),Crime|Drama|Fantasy|Film-Noir|Mystery|Romance
1465,Rosewood (1997),Action|Drama
1466,Donnie Brasco (1997),Crime|Drama
1468,Booty Call (1997),Comedy|Romance
1476,Private Parts (1997),Comedy|Drama
1477,Love Jones (1997),Romance
1479,"Saint, The (1997)",Action|Romance|Sci-Fi|Thriller
1483,Crash (1996),Drama|Thriller
1484,"Daytrippers, The (1996)",Comedy|Drama|Mystery|Romance
1485,Liar Liar (1997),Comedy
1488,"Devil's Own, The (1997)",Action|Drama|Thriller
1499,Anaconda (1997),Action|Adventure|Thriller
1500,Grosse Pointe Blank (1997),Comedy|Crime|Romance
1503,8 Heads in a Duffel Bag (1997),Comedy
1509,All Over Me (1997),Drama
1513,Romy and Michele's High School Reunion (1997),Comedy
1515,Volcano (1997),Action|Drama|Thriller
1517,Austin Powers: International Man of Mystery (1997),Action|Adventure|Comedy
1518,Breakdown (1997),Action|Thriller
1525,Warriors of Virtue (1997),Action|Adventure|Children|Fantasy
1526,Fathers' Day (1997),Comedy
1527,"Fifth Element, The (1997)",Action|Adventure|Comedy|Sci-Fi
1537,Shall We Dance? (Shall We Dansu?) (1996),Comedy|Drama|Romance
1541,Addicted to Love (1997),Comedy|Romance
1544,"Lost World: Jurassic Park, The (1997)",Action|Adventure|Sci-Fi|Thriller
1545,Ponette (1996),Drama
1546,Schizopolis (1996),Comedy
1550,Trial and Error (1997),Comedy|Romance
1551,Buddy (1997),Adventure|Children|Drama
1552,Con Air (1997),Action|Adventure|Thriller
1555,"To Have, or Not (En avoir (ou pas)) (1995)",Drama
1556,Speed 2: Cruise Control (1997),Action|Romance|Thriller
1562,Batman & Robin (1997),Action|Adventure|Fantasy|Thriller
1566,Hercules (1997),Adventure|Animation|Children|Comedy|Musical
1567,The Last Time I Committed Suicide (1997),Drama
1569,My Best Friend's Wedding (1997),Comedy|Romance
1573,Face/Off (1997),Action|Crime|Drama|Thriller
1580,Men in Black (a.k.a. MIB) (1997),Action|Comedy|Sci-Fi
1583,"Simple Wish, A (1997)",Children|Fantasy
1584,Contact (1997),Drama|Sci-Fi
1586,G.I. Jane (1997),Action|Drama
1587,Conan the Barbarian (1982),Action|Adventure|Fantasy
1588,George of the Jungle (1997),Children|Comedy
1589,Cop Land (1997),Action|Crime|Drama|Thriller
1590,Event Horizon (1997),Horror|Sci-Fi|Thriller
1591,Spawn (1997),Action|Adventure|Sci-Fi|Thriller
1592,Air Bud (1997),Children|Comedy
1597,Conspiracy Theory (1997),Drama|Mystery|Romance|Thriller
1600,She's So Lovely (1997),Drama|Romance
1602,Leave It to Beaver (1997),Comedy
1603,Mimic (1997),Horror|Sci-Fi|Thriller
1604,Money Talks (1997),Action|Comedy
1608,Air Force One (1997),Action|Thriller
1609,187 (One Eight Seven) (1997),Drama|Thriller
1610,"Hunt for Red October, The (1990)",Action|Adventure|Thriller
1611,My Own Private Idaho (1991),Drama|Romance
1614,In & Out (1997),Comedy
1615,"Edge, The (1997)",Adventure|Drama
1616,"Peacemaker, The (1997)",Action|Thriller|War
1617,L.A. Confidential (1997),Crime|Film-Noir|Mystery|Thriller
1619,Seven Years in Tibet (1997),Adventure|Drama|War
1620,Kiss the Girls (1997),Crime|Drama|Mystery|Thriller
1623,Wishmaster (1997),Horror
1625,"Game, The (1997)",Drama|Mystery|Thriller
1635,"Ice Storm, The (1997)",Drama
1639,Chasing Amy (1997),Comedy|Drama|Romance
1641,"Full Monty, The (1997)",Comedy|Drama
1643,"Mrs. Brown (a.k.a. Her Majesty, Mrs. Brown) (1997)",Drama|Romance
1644,I Know What You Did Last Summer (1997),Horror|Mystery|Thriller
1645,The Devil's Advocate (1997),Drama|Mystery|Thriller
1648,"House of Yes, The (1997)",Comedy|Drama
1649,"Fast, Cheap & Out of Control (1997)",Documentary
1653,Gattaca (1997),Drama|Sci-Fi|Thriller
1654,FairyTale: A True Story (1997),Children|Drama|Fantasy
1655,Phantoms (1998),Drama|Horror|Thriller
1658,"Life Less Ordinary, A (1997)",Romance|Thriller
1661,Switchback (1997),Crime|Mystery|Thriller
1663,Stripes (1981),Comedy|War
1665,Bean (1997),Comedy
1667,Mad City (1997),Action|Drama
1672,"Rainmaker, The (1997)",Drama
1673,Boogie Nights (1997),Drama
1674,Witness (1985),Drama|Romance|Thriller
1676,Starship Troopers (1997),Action|Sci-Fi
1678,"Joy Luck Club, The (1993)",Drama|Romance
1679,Chairman of the Board (1998),Comedy
1680,Sliding Doors (1998),Drama|Romance
1681,Mortal Kombat: Annihilation (1997),Action|Adventure|Fantasy
1682,"Truman Show, The (1998)",Comedy|Drama|Sci-Fi
1683,"Wings of the Dove, The (1997)",Drama|Romance
1687,"Jackal, The (1997)",Action|Thriller
1688,Anastasia (1997),Adventure|Animation|Children|Drama|Musical
1689,"Man Who Knew Too Little, The (1997)",Comedy|Crime|Thriller
1690,Alien: Resurrection (1997),Action|Horror|Sci-Fi
1693,Amistad (1997),Drama|Mystery
1694,"Apostle, The (1997)",Drama
1696,Bent (1997),Drama|War
1699,"Butcher Boy, The (1997)",Comedy|Drama
1701,Deconstructing Harry (1997),Comedy|Drama
1702,Flubber (1997),Children|Comedy|Fantasy
1704,Good Will Hunting (1997),Drama|Romance
1707,Home Alone 3 (1997),Children|Comedy
1711,Midnight in the Garden of Good and Evil (1997),Crime|Drama|Mystery
1717,Scream 2 (1997),Comedy|Horror|Mystery|Thriller
1718,Stranger in the House (1997),Thriller
1719,"Sweet Hereafter, The (1997)",Drama
1721,Titanic (1997),Drama|Romance
1722,Tomorrow Never Dies (1997),Action|Adventure|Thriller
1726,"Postman, The (1997)",Action|Adventure|Drama|Sci-Fi
1727,"Horse Whisperer, The (1998)",Drama|Romance
1729,Jackie Brown (1997),Crime|Drama|Thriller
1730,Kundun (1997),Drama
1732,"Big Lebowski, The (1998)",Comedy|Crime
1735,Great Expectations (1998),Drama|Romance
1747,Wag the Dog (1997),Comedy
1748,Dark City (1998),Adventure|Film-Noir|Sci-Fi|Thriller
1752,Hard Rain (1998),Action|Crime|Thriller
1753,Half Baked (1998),Comedy
1754,Fallen (1998),Crime|Drama|Fantasy|Thriller
1756,"Prophecy II, The (1998)",Horror
1760,Spice World (1997),Comedy
1762,Deep Rising (1998),Action|Horror|Sci-Fi
1767,Music From Another Room (1998),Drama|Romance
1769,"Replacement Killers, The (1998)",Action|Crime|Thriller
1772,Blues Brothers 2000 (1998),Action|Comedy|Musical
1777,"Wedding Singer, The (1998)",Comedy|Romance
1779,Sphere (1998),Sci-Fi|Thriller
1784,As Good as It Gets (1997),Comedy|Drama|Romance
1792,U.S. Marshals (1998),Action|Crime|Thriller
1794,Love and Death on Long Island (1997),Comedy|Drama
1797,Everest (1998),Documentary|IMAX
1801,"Man in the Iron Mask, The (1998)",Action|Adventure|Drama
1804,"Newton Boys, The (1998)",Crime|Drama
1805,Wild Things (1998),Crime|Drama|Mystery|Thriller
1806,Paulie (1998),Adventure|Children|Comedy
1809,Fireworks (Hana-bi) (1997),Crime|Drama
1810,Primary Colors (1998),Comedy|Drama
1812,Wide Awake (1998),Children|Comedy|Drama
1821,"Object of My Affection, The (1998)",Comedy|Romance
1824,Homegrown (1998),Comedy|Thriller
1829,Chinese Box (1997),Drama|Romance
1831,Lost in Space (1998),Action|Adventure|Sci-Fi
1833,Mercury Rising (1998),Action|Drama|Thriller
1834,"Spanish Prisoner, The (1997)",Crime|Drama|Mystery|Thriller
1835,City of Angels (1998),Drama|Fantasy|Romance
1836,"Last Days of Disco, The (1998)",Comedy|Drama
1840,He Got Game (1998),Drama
1855,Krippendorf's Tribe (1998),Comedy
1858,Mr. Nice Guy (Yat goh ho yan) (1997),Action|Comedy
1859,Taste of Cherry (Ta'm e guilass) (1997),Drama
1862,Species II (1998),Horror|Sci-Fi
1863,Major League: Back to the Minors (1998),Comedy
1866,"Big Hit, The (1998)",Action|Comedy|Crime
1873,"Misérables, Les (1998)",Crime|Drama|Romance|War
1875,Clockwatchers (1997),Comedy
1876,Deep Impact (1998),Drama|Sci-Fi|Thriller
1882,Godzilla (1998),Action|Sci-Fi|Thriller
1883,Bulworth (1998),Comedy|Drama|Romance
1884,Fear and Loathing in Las Vegas (1998),Adventure|Comedy|Drama
1888,Hope Floats (1998),Comedy|Drama|Romance
1892,"Perfect Murder, A (1998)",Thriller
1894,Six Days Seven Nights (1998),Adventure|Comedy|Romance
1895,Can't Hardly Wait (1998),Comedy|Drama|Romance
1905,Marie from the Bay of Angels (Marie Baie Des Anges) (1997),Drama
1907,Mulan (1998),Adventure|Animation|Children|Comedy|Drama|Musical|Romance
1909,"X-Files: Fight the Future, The (1998)",Action|Crime|Mystery|Sci-Fi|Thriller
1911,Dr. Dolittle (1998),Comedy
1912,Out of Sight (1998),Comedy|Crime|Drama|Romance|Thriller
1916,Buffalo '66 (a.k.a. Buffalo 66) (1998),Drama|Romance
1917,Armageddon (1998),Action|Romance|Sci-Fi|Thriller
1918,Lethal Weapon 4 (1998),Action|Comedy|Crime|Thriller
1920,Small Soldiers (1998),Animation|Children|Fantasy|War
1921,Pi (1998),Drama|Sci-Fi|Thriller
1923,There's Something About Mary (1998),Comedy|Romance
1924,Plan 9 from Outer Space (1959),Horror|Sci-Fi
1925,Wings (1927),Action|Drama|Romance|War
1927,All Quiet on the Western Front (1930),Action|Drama|War
1929,Grand Hotel (1932),Drama|Romance
1930,Cavalcade (1933),Drama|Romance|War
1931,Mutiny on the Bounty (1935),Adventure|Drama
1934,You Can't Take It with You (1938),Comedy|Romance
1939,"Best Years of Our Lives, The (1946)",Drama|War
1940,Gentleman's Agreement (1947),Drama
1943,"Greatest Show on Earth, The (1952)",Drama
1944,From Here to Eternity (1953),Drama|Romance|War
1945,On the Waterfront (1954),Crime|Drama
1946,Marty (1955),Drama|Romance
1947,West Side Story (1961),Drama|Musical|Romance
1948,Tom Jones (1963),Adventure|Comedy|Romance
1949,"Man for All Seasons, A (1966)",Drama
1950,In the Heat of the Night (1967),Drama|Mystery
1951,Oliver! (1968),Drama|Musical
1952,Midnight Cowboy (1969),Drama
1953,"French Connection, The (1971)",Action|Crime|Thriller
1954,Rocky (1976),Drama
1955,Kramer vs. Kramer (1979),Drama
1956,Ordinary People (1980),Drama
1957,Chariots of Fire (1981),Drama
1958,Terms of Endearment (1983),Comedy|Drama
1959,Out of Africa (1985),Drama|Romance
1960,"Last Emperor, The (1987)",Drama
1961,Rain Man (1988),Drama
1962,Driving Miss Daisy (1989),Drama
1963,Take the Money and Run (1969),Comedy|Crime
1965,Repo Man (1984),Comedy|Sci-Fi
1966,Metropolitan (1990),Comedy
1967,Labyrinth (1986),Adventure|Fantasy|Musical
1968,"Breakfast Club, The (1985)",Comedy|Drama
1969,"Nightmare on Elm Street 2: Freddy's Revenge, A (1985)",Horror
1970,"Nightmare on Elm Street 3: Dream Warriors, A (1987)",Horror|Thriller
1972,"Nightmare on Elm Street 5: The Dream Child, A (1989)",Horror
1973,"Freddy's Dead: The Final Nightmare (Nightmare on Elm Street Part 6: Freddy's Dead, A) (1991)",Horror
1974,Friday the 13th (1980),Horror|Mystery|Thriller
1975,Friday the 13th Part 2 (1981),Horror
1976,Friday the 13th Part 3: 3D (1982),Horror
1979,Friday the 13th Part VI: Jason Lives (1986),Horror
1980,Friday the 13th Part VII: The New Blood (1988),Horror
1981,Friday the 13th Part VIII: Jason Takes Manhattan (1989),Horror
1982,Halloween (1978),Horror
1983,Halloween II (1981),Horror
1986,Halloween 5: The Revenge of Michael Myers (1989),Horror
1991,Child's Play (1988),Horror|Thriller
1993,Child's Play 3 (1991),Comedy|Horror|Thriller
1994,Poltergeist (1982),Horror|Thriller
1995,Poltergeist II: The Other Side (1986),Horror|Thriller
1996,Poltergeist III (1988),Horror|Thriller
1997,"Exorcist, The (1973)",Horror|Mystery
1998,Exorcist II: The Heretic (1977),Horror
1999,"Exorcist III, The (1990)",Horror
2000,Lethal Weapon (1987),Action|Comedy|Crime|Drama
2001,Lethal Weapon 2 (1989),Action|Comedy|Crime|Drama
2002,Lethal Weapon 3 (1992),Action|Comedy|Crime|Drama
2003,Gremlins (1984),Comedy|Horror
2004,Gremlins 2: The New Batch (1990),Comedy|Horror
2005,"Goonies, The (1985)",Action|Adventure|Children|Comedy|Fantasy
2006,"Mask of Zorro, The (1998)",Action|Comedy|Romance
2009,Soylent Green (1973),Drama|Mystery|Sci-Fi|Thriller
2010,Metropolis (1927),Drama|Sci-Fi
2011,Back to the Future Part II (1989),Adventure|Comedy|Sci-Fi
2012,Back to the Future Part III (1990),Adventure|Comedy|Sci-Fi|Western
2013,"Poseidon Adventure, The (1972)",Action|Adventure|Drama
2014,Freaky Friday (1977),Children|Comedy|Fantasy
2015,"Absent-Minded Professor, The (1961)",Children|Comedy|Fantasy
2016,"Apple Dumpling Gang Rides Again, The (1979)",Children|Comedy|Western
2017,Babes in Toyland (1961),Children|Fantasy|Musical
2018,Bambi (1942),Animation|Children|Drama
2019,Seven Samurai (Shichinin no samurai) (1954),Action|Adventure|Drama
2020,Dangerous Liaisons (1988),Drama|Romance
2021,Dune (1984),Adventure|Sci-Fi
2022,"Last Temptation of Christ, The (1988)",Drama
2023,"Godfather: Part III, The (1990)",Crime|Drama|Mystery|Thriller
2026,Disturbing Behavior (1998),Horror|Thriller
2028,Saving Private Ryan (1998),Action|Drama|War
2034,"Black Hole, The (1979)",Children|Sci-Fi
2036,Blank Check (1994),Children|Comedy
2042,D2: The Mighty Ducks (1994),Children|Comedy
2046,Flight of the Navigator (1986),Adventure|Children|Sci-Fi
2048,"Great Mouse Detective, The (1986)",Action|Animation|Children|Crime
2051,Herbie Goes to Monte Carlo (1977),Adventure|Children|Comedy
2052,Hocus Pocus (1993),Children|Comedy|Fantasy|Horror
2053,"Honey, I Blew Up the Kid (1992)",Children|Comedy|Sci-Fi
2054,"Honey, I Shrunk the Kids (1989)",Adventure|Children|Comedy|Fantasy|Sci-Fi
2058,"Negotiator, The (1998)",Action|Crime|Drama|Mystery|Thriller
2059,"Parent Trap, The (1998)",Children|Comedy|Romance
2062,"Governess, The (1998)",Drama|Romance
2064,Roger & Me (1989),Documentary
2065,"Purple Rose of Cairo, The (1985)",Comedy|Drama|Fantasy|Romance
2066,Out of the Past (1947),Film-Noir
2067,Doctor Zhivago (1965),Drama|Romance|War
2068,Fanny and Alexander (Fanny och Alexander) (1982),Drama|Fantasy|Mystery
2070,Tender Mercies (1983),Drama|Romance|Western
2072,"'burbs, The (1989)",Comedy
2073,Fandango (1985),Comedy
2075,Mephisto (1981),Drama|War
2076,Blue Velvet (1986),Drama|Mystery|Thriller
2077,"Journey of Natty Gann, The (1985)",Adventure|Children
2078,"Jungle Book, The (1967)",Animation|Children|Comedy|Musical
2080,Lady and the Tramp (1955),Animation|Children|Comedy|Romance
2081,"Little Mermaid, The (1989)",Animation|Children|Comedy|Musical|Romance
2082,"Mighty Ducks, The (1992)",Children|Comedy
2083,"Muppet Christmas Carol, The (1992)",Children|Comedy|Musical
2085,101 Dalmatians (One Hundred and One Dalmatians) (1961),Adventure|Animation|Children
2087,Peter Pan (1953),Animation|Children|Fantasy|Musical
2088,Popeye (1980),Adventure|Comedy|Musical
2089,"Rescuers Down Under, The (1990)",Adventure|Animation|Children
2090,"Rescuers, The (1977)",Adventure|Animation|Children|Crime|Drama
2091,Return from Witch Mountain (1978),Children|Sci-Fi
2093,Return to Oz (1985),Adventure|Children|Fantasy
2094,"Rocketeer, The (1991)",Action|Adventure|Sci-Fi
2096,Sleeping Beauty (1959),Animation|Children|Musical
2099,Song of the South (1946),Adventure|Animation|Children|Musical
2100,Splash (1984),Comedy|Fantasy|Romance
2102,Steamboat Willie (1928),Animation|Children|Comedy|Musical
2105,Tron (1982),Action|Adventure|Sci-Fi
2106,Swing Kids (1993),Drama|War
2107,Halloween H20: 20 Years Later (Halloween 7: The Revenge of Laurie Strode) (1998),Horror|Thriller
2108,L.A. Story (1991),Comedy|Romance
2109,"Jerk, The (1979)",Comedy
2110,Dead Men Don't Wear Plaid (1982),Comedy|Crime|Thriller
2111,"Man with Two Brains, The (1983)",Comedy
2112,Grand Canyon (1991),Crime|Drama
2114,"Outsiders, The (1983)",Drama
2115,Indiana Jones and the Temple of Doom (1984),Action|Adventure|Fantasy
2116,"Lord of the Rings, The (1978)",Adventure|Animation|Children|Fantasy
2117,1984 (Nineteen Eighty-Four) (1984),Drama|Sci-Fi
2119,Maximum Overdrive (1986),Horror
2120,Needful Things (1993),Drama|Horror
2121,Cujo (1983),Horror|Thriller
2122,Children of the Corn (1984),Horror|Thriller
2123,All Dogs Go to Heaven (1989),Animation|Children|Comedy|Drama|Fantasy
2124,"Addams Family, The (1991)",Children|Comedy|Fantasy
2125,Ever After: A Cinderella Story (1998),Comedy|Drama|Romance
2126,Snake Eyes (1998),Action|Crime|Mystery|Thriller
2131,Autumn Sonata (Höstsonaten) (1978),Drama
2132,Who's Afraid of Virginia Woolf? (1966),Drama
2133,Adventures in Babysitting (1987),Adventure|Comedy
2134,Weird Science (1985),Comedy|Fantasy|Sci-Fi
2136,"Nutty Professor, The (1963)",Comedy|Sci-Fi
2137,Charlotte's Web (1973),Animation|Children
2139,"Secret of NIMH, The (1982)",Adventure|Animation|Children|Drama
2140,"Dark Crystal, The (1982)",Adventure|Fantasy
2141,"American Tail, An (1986)",Adventure|Animation|Children|Comedy
2142,"American Tail: Fievel Goes West, An (1991)",Adventure|Animation|Children|Musical|Western
2143,Legend (1985),Adventure|Fantasy|Romance
2144,Sixteen Candles (1984),Comedy|Romance
2145,Pretty in Pink (1986),Comedy|Drama|Romance
2146,St. Elmo's Fire (1985),Drama|Romance
2147,"Clan of the Cave Bear, The (1986)",Adventure|Drama|Fantasy
2150,"Gods Must Be Crazy, The (1980)",Adventure|Comedy
2153,"Avengers, The (1998)",Action|Adventure
2155,"Slums of Beverly Hills, The (1998)",Comedy|Drama
2159,Henry: Portrait of a Serial Killer (1986),Crime|Horror|Thriller
2160,Rosemary's Baby (1968),Drama|Horror|Thriller
2161,"NeverEnding Story, The (1984)",Adventure|Children|Fantasy
2163,Attack of the Killer Tomatoes! (1978),Comedy|Horror
2165,Your Friends and Neighbors (1998),Comedy|Drama
2166,Return to Paradise (1998),Crime|Drama|Romance|Thriller
2167,Blade (1998),Action|Horror|Thriller
2169,Dead Man on Campus (1998),Comedy
2174,Beetlejuice (1988),Comedy|Fantasy
2176,Rope (1948),Crime|Drama|Thriller
2177,Family Plot (1976),Comedy|Thriller
2178,Frenzy (1972),Thriller
2180,Torn Curtain (1966),Thriller
2181,Marnie (1964),Drama|Mystery|Romance|Thriller
2186,Strangers on a Train (1951),Crime|Drama|Film-Noir|Thriller
2188,54 (1998),Drama
2193,Willow (1988),Action|Adventure|Fantasy
2194,"Untouchables, The (1987)",Action|Crime|Drama
2195,Dirty Work (1998),Comedy
2202,Lifeboat (1944),Drama|War
2203,Shadow of a Doubt (1943),Crime|Drama|Thriller
2207,Jamaica Inn (1939),Drama
2208,"Lady Vanishes, The (1938)",Drama|Mystery|Thriller
2210,Sabotage (1936),Thriller
2231,Rounders (1998),Drama
2232,Cube (1997),Horror|Mystery|Sci-Fi|Thriller
2236,Simon Birch (1998),Drama
2239,Swept Away (Travolti da un insolito destino nell'azzurro mare d'Agosto) (1975),Comedy|Drama
2240,My Bodyguard (1980),Drama
2241,Class (1983),Comedy
2243,Broadcast News (1987),Comedy|Drama|Romance
2245,Working Girl (1988),Comedy|Drama|Romance
2248,Say Anything... (1989),Comedy|Drama|Romance
2249,My Blue Heaven (1990),Comedy
2250,Men Don't Leave (1990),Drama
2252,Hero (1992),Comedy|Drama
2253,Toys (1992),Comedy|Fantasy
2259,Blame It on Rio (1984),Comedy|Romance
2261,One Crazy Summer (1986),Comedy
2262,About Last Night... (1986),Comedy|Drama|Romance
2265,Nothing But Trouble (1991),Adventure|Comedy
2266,"Butcher's Wife, The (1991)",Comedy|Romance
2268,"Few Good Men, A (1992)",Crime|Drama|Thriller
2269,Indecent Proposal (1993),Drama|Romance
2272,One True Thing (1998),Drama
2273,Rush Hour (1998),Action|Comedy|Crime|Thriller
2278,Ronin (1998),Action|Crime|Thriller
2279,Urban Legend (1998),Horror|Thriller
2280,Clay Pigeons (1998),Crime
2282,Pecker (1998),Comedy|Drama
2285,If.... (1968),Drama
2287,Them! (1954),Horror|Sci-Fi|Thriller
2288,"Thing, The (1982)",Action|Horror|Sci-Fi|Thriller
2289,"Player, The (1992)",Comedy|Crime|Drama
2290,Stardust Memories (1980),Comedy|Drama
2291,Edward Scissorhands (1990),Drama|Fantasy|Romance
2294,Antz (1998),Adventure|Animation|Children|Comedy|Fantasy
2296,"Night at the Roxbury, A (1998)",Comedy
2297,What Dreams May Come (1998),Adventure|Drama|Fantasy|Romance
2300,"Producers, The (1968)",Comedy
2301,History of the World: Part I (1981),Comedy|Musical
2302,My Cousin Vinny (1992),Comedy
2303,Nashville (1975),Drama|Musical
2306,Holy Man (1998),Comedy
2311,2010: The Year We Make Contact (1984),Sci-Fi
2312,Children of a Lesser God (1986),Drama
2313,"Elephant Man, The (1980)",Drama
2315,Bride of Chucky (Child's Play 4) (1998),Comedy|Horror|Thriller
2316,Practical Magic (1998),Drama|Fantasy|Mystery|Romance
2318,Happiness (1998),Comedy|Drama
2321,Pleasantville (1998),Comedy|Drama|Fantasy
2322,Soldier (1998),Action|Sci-Fi|War
2324,Life Is Beautiful (La Vita è bella) (1997),Comedy|Drama|Romance|War
2325,Orgazmo (1997),Comedy
2327,Tales from the Darkside: The Movie (1990),Fantasy|Horror|Thriller
2328,Vampires (1998),Horror|Western
2329,American History X (1998),Crime|Drama
2330,Hands on a Hard Body (1996),Comedy|Documentary
2331,Living Out Loud (1998),Comedy|Drama|Romance
2332,Belly (1998),Crime|Drama
2333,Gods and Monsters (1998),Drama
2334,"Siege, The (1998)",Action|Thriller
2335,"Waterboy, The (1998)",Comedy
2336,Elizabeth (1998),Drama
2338,I Still Know What You Did Last Summer (1998),Horror|Mystery|Thriller
2340,Meet Joe Black (1998),Romance
2347,"Pope of Greenwich Village, The (1984)",Drama
2350,Heart Condition (1990),Comedy
2352,"Big Chill, The (1983)",Comedy|Drama
2353,Enemy of the State (1998),Action|Thriller
2354,"Rugrats Movie, The (1998)",Animation|Children|Comedy
2355,"Bug's Life, A (1998)",Adventure|Animation|Children|Comedy
2356,Celebrity (1998),Comedy
2359,Waking Ned Devine (a.k.a. Waking Ned) (1998),Comedy
2360,"Celebration, The (Festen) (1998)",Drama
2361,Pink Flamingos (1972),Comedy
2363,Godzilla (Gojira) (1954),Drama|Horror|Sci-Fi
2364,"Godzilla 1985: The Legend Is Reborn (Gojira) (Godzilla) (Return of Godzilla, The) (1984)",Action|Horror|Sci-Fi|Thriller
2365,King Kong vs. Godzilla (Kingukongu tai Gojira) (1962),Action|Sci-Fi
2366,King Kong (1933),Action|Adventure|Fantasy|Horror
2367,King Kong (1976),Adventure|Fantasy|Romance|Sci-Fi|Thriller
2369,Desperately Seeking Susan (1985),Comedy|Drama|Romance
2371,Fletch (1985),Comedy|Crime|Mystery
2373,Red Sonja (1985),Action|Adventure|Fantasy
2374,Gung Ho (1986),Comedy|Drama
2375,"Money Pit, The (1986)",Comedy
2376,"View to a Kill, A (1985)",Action|Adventure|Thriller
2377,Lifeforce (1985),Horror|Sci-Fi
2378,Police Academy (1984),Comedy|Crime
2379,Police Academy 2: Their First Assignment (1985),Comedy|Crime
2380,Police Academy 3: Back in Training (1986),Comedy|Crime
2381,Police Academy 4: Citizens on Patrol (1987),Comedy|Crime
2382,Police Academy 5: Assignment: Miami Beach (1988),Comedy|Crime
2383,Police Academy 6: City Under Siege (1989),Comedy|Crime
2384,Babe: Pig in the City (1998),Adventure|Children|Drama
2386,Jerry Springer: Ringmaster (1998),Comedy|Drama
2387,Very Bad Things (1998),Comedy|Crime
2389,Psycho (1998),Crime|Horror|Thriller
2390,Little Voice (1998),Comedy
2391,"Simple Plan, A (1998)",Crime|Drama|Thriller
2392,Jack Frost (1998),Children|Comedy|Drama
2393,Star Trek: Insurrection (1998),Action|Drama|Romance|Sci-Fi
2394,"Prince of Egypt, The (1998)",Animation|Musical
2395,Rushmore (1998),Comedy|Drama
2396,Shakespeare in Love (1998),Comedy|Drama|Romance
2398,Miracle on 34th Street (1947),Comedy|Drama
2399,Santa Claus: The Movie (1985),Adventure|Children|Fantasy
2400,Prancer (1989),Children|Drama|Fantasy
2402,Rambo: First Blood Part II (1985),Action|Adventure|Thriller
2403,First Blood (Rambo: First Blood) (1982),Action|Adventure|Drama|Thriller
2404,Rambo III (1988),Action|Adventure|Thriller|War
2405,"Jewel of the Nile, The (1985)",Action|Adventure|Comedy|Romance
2406,Romancing the Stone (1984),Action|Adventure|Comedy|Romance
2407,Cocoon (1985),Comedy|Sci-Fi
2409,Rocky II (1979),Action|Drama
2410,Rocky III (1982),Action|Drama
2411,Rocky IV (1985),Action|Drama
2412,Rocky V (1990),Action|Drama
2413,Clue (1985),Comedy|Crime|Mystery|Thriller
2414,Young Sherlock Holmes (1985),Action|Adventure|Children|Fantasy|Mystery|Thriller
2416,Back to School (1986),Comedy
2418,Nothing in Common (1986),Comedy
2420,"Karate Kid, The (1984)",Drama
2421,"Karate Kid, Part II, The (1986)",Action|Adventure|Drama
2422,"Karate Kid, Part III, The (1989)",Action|Adventure|Children|Drama
2423,Christmas Vacation (National Lampoon's Christmas Vacation) (1989),Comedy
2424,You've Got Mail (1998),Comedy|Romance
2425,"General, The (1998)",Crime
2427,"Thin Red Line, The (1998)",Action|Drama|War
2428,"Faculty, The (1998)",Horror|Sci-Fi
2429,Mighty Joe Young (1998),Action|Adventure|Drama|Fantasy|Thriller
2431,Patch Adams (1998),Comedy|Drama
2432,Stepmom (1998),Drama
2433,"Civil Action, A (1998)",Drama
2436,Tea with Mussolini (1999),Comedy|Drama|War
2439,Affliction (1997),Drama
2442,Hilary and Jackie (1998),Drama
2445,At First Sight (1999),Drama
2447,Varsity Blues (1999),Comedy|Drama
2448,Virus (1999),Horror|Sci-Fi
2450,Howard the Duck (1986),Adventure|Comedy|Sci-Fi
2453,"Boy Who Could Fly, The (1986)",Drama|Fantasy
2454,"Fly, The (1958)",Horror|Mystery|Sci-Fi
2455,"Fly, The (1986)",Drama|Horror|Sci-Fi|Thriller
2456,"Fly II, The (1989)",Horror|Sci-Fi
2459,"Texas Chainsaw Massacre, The (1974)",Horror
2460,"Texas Chainsaw Massacre 2, The (1986)",Horror
2462,Texas Chainsaw Massacre: The Next Generation (a.k.a. The Return of the Texas Chainsaw Massacre) (1994),Horror
2463,Ruthless People (1986),Comedy
2467,"Name of the Rose, The (Name der Rose, Der) (1986)",Crime|Drama|Mystery|Thriller
2468,Jumpin' Jack Flash (1986),Action|Comedy|Romance|Thriller
2469,Peggy Sue Got Married (1986),Comedy|Drama
2470,Crocodile Dundee (1986),Adventure|Comedy
2471,Crocodile Dundee II (1988),Action|Adventure|Comedy
2473,Soul Man (1986),Comedy
2476,Heartbreak Ridge (1986),Action|War
2478,¡Three Amigos! (1986),Comedy|Western
2481,My Name Is Joe (1998),Drama|Romance
2485,She's All That (1999),Comedy|Romance
2488,Peeping Tom (1960),Drama|Horror|Thriller
2490,Payback (1999),Action|Thriller
2491,Simply Irresistible (1999),Comedy|Romance
2496,Blast from the Past (1999),Comedy|Romance
2497,Message in a Bottle (1999),Romance
2498,My Favorite Martian (1999),Comedy|Sci-Fi
2501,October Sky (1999),Drama
2502,Office Space (1999),Comedy|Crime
2504,200 Cigarettes (1999),Comedy|Drama
2505,8MM (1999),Drama|Mystery|Thriller
2506,"Other Sister, The (1999)",Comedy|Drama|Romance
2511,"Long Goodbye, The (1973)",Crime|Film-Noir
2513,Pet Sematary (1989),Horror
2517,Christine (1983),Horror
2518,Night Shift (1982),Comedy
2519,House on Haunted Hill (1959),Drama|Horror|Thriller
2521,Airport 1975 (1974),Action|Drama|Thriller
2522,Airport '77 (1977),Drama
2527,Westworld (1973),Action|Sci-Fi|Thriller|Western
2528,Logan's Run (1976),Action|Adventure|Sci-Fi
2529,Planet of the Apes (1968),Action|Drama|Sci-Fi
2530,Beneath the Planet of the Apes (1970),Action|Sci-Fi
2532,Conquest of the Planet of the Apes (1972),Action|Sci-Fi
2533,Escape from the Planet of the Apes (1971),Action|Sci-Fi
2535,Earthquake (1974),Action|Drama|Thriller
2539,Analyze This (1999),Comedy
2540,"Corruptor, The (1999)",Action|Crime|Drama|Thriller
2541,Cruel Intentions (1999),Drama
2542,"Lock, Stock & Two Smoking Barrels (1998)",Comedy|Crime|Thriller
2546,"Deep End of the Ocean, The (1999)",Drama
2548,"Rage: Carrie 2, The (1999)",Horror
2550,"Haunting, The (1963)",Horror|Thriller
2553,Village of the Damned (1960),Horror|Sci-Fi|Thriller
2554,Children of the Damned (1963),Horror|Sci-Fi|Thriller
2555,Baby Geniuses (1999),Comedy
2559,"King and I, The (1999)",Animation|Children
2560,Ravenous (1999),Horror|Thriller
2561,True Crime (1999),Crime|Thriller
2563,Dangerous Beauty (1998),Drama
2565,"King and I, The (1956)",Drama|Musical|Romance
2567,EDtv (1999),Comedy
2570,"Walk on the Moon, A (1999)",Drama|Romance
2571,"Matrix, The (1999)",Action|Sci-Fi|Thriller
2572,10 Things I Hate About You (1999),Comedy|Romance
2574,"Out-of-Towners, The (1999)",Comedy
2575,"Dreamlife of Angels, The (Vie rêvée des anges, La) (1998)",Drama
2580,Go (1999),Comedy|Crime
2581,Never Been Kissed (1999),Comedy|Romance
2587,Life (1999),Comedy|Crime|Drama
2598,Pushing Tin (1999),Comedy
2599,Election (1999),Comedy
2600,eXistenZ (1999),Action|Sci-Fi|Thriller
2605,Entrapment (1999),Crime|Thriller
2606,Idle Hands (1999),Comedy|Horror
2607,Get Real (1998),Drama|Romance
2612,Mildred Pierce (1945),Drama|Film-Noir
2616,Dick Tracy (1990),Action|Crime
2617,"Mummy, The (1999)",Action|Adventure|Comedy|Fantasy|Horror|Thriller
2618,"Castle, The (1997)",Comedy
2621,Xiu Xiu: The Sent-Down Girl (Tian yu) (1998),Drama
2622,William Shakespeare's A Midsummer Night's Dream (1999),Comedy|Fantasy
2625,Black Mask (Hak hap) (1996),Action|Adventure|Crime|Sci-Fi|Thriller
2628,Star Wars: Episode I - The Phantom Menace (1999),Action|Adventure|Sci-Fi
2629,"Love Letter, The (1999)",Comedy|Romance
2630,Besieged (a.k.a. L' Assedio) (1998),Drama
2633,"Mummy, The (1932)",Horror|Romance
2639,Mommie Dearest (1981),Drama
2640,Superman (1978),Action|Adventure|Sci-Fi
2641,Superman II (1980),Action|Sci-Fi
2642,Superman III (1983),Action|Adventure|Sci-Fi
2643,Superman IV: The Quest for Peace (1987),Action|Adventure|Sci-Fi
2644,Dracula (1931),Horror
2648,Frankenstein (1931),Drama|Horror|Sci-Fi
2654,"Wolf Man, The (1941)",Drama|Fantasy|Horror
2657,"Rocky Horror Picture Show, The (1975)",Comedy|Horror|Musical|Sci-Fi
2660,"Thing from Another World, The (1951)",Horror|Sci-Fi
2662,"War of the Worlds, The (1953)",Action|Drama|Sci-Fi
2664,Invasion of the Body Snatchers (1956),Horror|Sci-Fi|Thriller
2670,Run Silent Run Deep (1958),War
2671,Notting Hill (1999),Comedy|Romance
2672,"Thirteenth Floor, The (1999)",Drama|Sci-Fi|Thriller
2677,Buena Vista Social Club (1999),Documentary|Musical
2681,Free Enterprise (1998),Comedy|Romance|Sci-Fi
2683,Austin Powers: The Spy Who Shagged Me (1999),Action|Adventure|Comedy
2686,"Red Violin, The (Violon rouge, Le) (1998)",Drama|Mystery
2687,Tarzan (1999),Adventure|Animation|Children|Drama
2688,"General's Daughter, The (1999)",Crime|Drama|Mystery|Thriller
2690,"Ideal Husband, An (1999)",Comedy|Romance
2691,"Legend of 1900, The (a.k.a. The Legend of the Pianist on the Ocean) (Leggenda del pianista sull'oceano) (1998)",Drama
2692,Run Lola Run (Lola rennt) (1998),Action|Crime
2693,Trekkies (1997),Documentary
2694,Big Daddy (1999),Comedy
2696,"Dinner Game, The (Dîner de cons, Le) (1998)",Comedy
2699,Arachnophobia (1990),Comedy|Horror
2700,"South Park: Bigger, Longer and Uncut (1999)",Animation|Comedy|Musical
2701,Wild Wild West (1999),Action|Comedy|Sci-Fi|Western
2702,Summer of Sam (1999),Drama
2704,"Lovers on the Bridge, The (Amants du Pont-Neuf, Les) (1991)",Drama|Romance
2706,American Pie (1999),Comedy|Romance
2707,Arlington Road (1999),Thriller
2709,Muppets From Space (1999),Children|Comedy
2710,"Blair Witch Project, The (1999)",Drama|Horror|Thriller
2712,Eyes Wide Shut (1999),Drama|Mystery|Thriller
2713,Lake Placid (1999),Horror|Thriller
2716,Ghostbusters (a.k.a. Ghost Busters) (1984),Action|Comedy|Sci-Fi
2717,Ghostbusters II (1989),Comedy|Fantasy|Sci-Fi
2718,Drop Dead Gorgeous (1999),Comedy
2719,"Haunting, The (1999)",Horror|Thriller
2720,Inspector Gadget (1999),Action|Adventure|Children|Comedy
2722,Deep Blue Sea (1999),Action|Horror|Sci-Fi|Thriller
2723,Mystery Men (1999),Action|Comedy|Fantasy
2724,Runaway Bride (1999),Comedy|Romance
2725,Twin Falls Idaho (1999),Drama
2726,"Killing, The (1956)",Crime|Film-Noir
2727,Killer's Kiss (1955),Crime|Film-Noir
2728,Spartacus (1960),Action|Drama|Romance|War
2729,Lolita (1962),Drama|Romance
2730,Barry Lyndon (1975),Drama|Romance|War
2731,"400 Blows, The (Les quatre cents coups) (1959)",Crime|Drama
2732,Jules and Jim (Jules et Jim) (1961),Drama|Romance
2734,"Mosquito Coast, The (1986)",Adventure|Drama|Thriller
2735,"Golden Child, The (1986)",Action|Adventure|Comedy|Fantasy|Mystery
2736,Brighton Beach Memoirs (1986),Comedy
2739,"Color Purple, The (1985)",Drama
2744,Otello (1986),Drama
2746,Little Shop of Horrors (1986),Comedy|Horror|Musical
2747,"Little Shop of Horrors, The (1960)",Comedy|Horror
2751,From the Hip (1987),Comedy|Drama
2752,Outrageous Fortune (1987),Comedy|Mystery
2761,"Iron Giant, The (1999)",Adventure|Animation|Children|Drama|Sci-Fi
2762,"Sixth Sense, The (1999)",Drama|Horror|Mystery
2763,"Thomas Crown Affair, The (1999)",Action|Mystery
2764,"Thomas Crown Affair, The (1968)",Crime|Drama|Romance|Thriller
2766,"Adventures of Sebastian Cole, The (1998)",Comedy|Drama
2767,Illuminata (1998),Comedy
2769,"Yards, The (2000)",Crime|Drama
2770,Bowfinger (1999),Comedy
2771,Brokedown Palace (1999),Drama
2772,Detroit Rock City (1999),Comedy
2774,Better Than Chocolate (1999),Comedy|Romance
2778,Never Talk to Strangers (1995),Crime|Drama|Romance|Thriller
2779,Heaven Can Wait (1978),Comedy
2781,"Tingler, The (1959)",Horror
2788,Monty Python's And Now for Something Completely Different (1971),Comedy
2791,Airplane! (1980),Comedy
2792,Airplane II: The Sequel (1982),Comedy
2794,European Vacation (aka National Lampoon's European Vacation) (1985),Adventure|Comedy|Romance
2795,National Lampoon's Vacation (1983),Comedy
2797,Big (1988),Comedy|Drama|Fantasy|Romance
2798,Problem Child (1990),Children|Comedy
2799,Problem Child 2 (1991),Comedy
2802,Tequila Sunrise (1988),Action|Drama|Romance|Thriller
2803,"Pelican Brief, The (1993)",Crime|Drama|Mystery|Romance|Thriller
2804,"Christmas Story, A (1983)",Children|Comedy
2805,Mickey Blue Eyes (1999),Comedy|Romance
2807,Universal Soldier: The Return (1999),Action|Sci-Fi
2808,Universal Soldier (1992),Action|Sci-Fi
2810,Perfect Blue (1997),Animation|Horror|Mystery|Thriller
2815,Iron Eagle (1986),Action|War
2816,Iron Eagle II (1988),Action|War
2819,Three Days of the Condor (3 Days of the Condor) (1975),Drama|Mystery|Romance|Thriller
2822,Medicine Man (1992),Adventure|Romance
2825,Rosie (1998),Drama
2826,"13th Warrior, The (1999)",Action|Adventure|Fantasy
2828,Dudley Do-Right (1999),Children|Comedy
2835,Chill Factor (1999),Action|Adventure|Comedy|Thriller
2836,Outside Providence (1999),Comedy
2840,Stigmata (1999),Drama|Thriller
2841,Stir of Echoes (1999),Horror|Mystery|Thriller
2842,Best Laid Plans (1999),Crime|Drama
2846,"Adventures of Milo and Otis, The (Koneko monogatari) (1986)",Adventure|Children|Comedy|Drama
2856,I Saw What You Did (1965),Thriller
2857,Yellow Submarine (1968),Adventure|Animation|Comedy|Fantasy|Musical
2858,American Beauty (1999),Drama|Romance
2859,Stop Making Sense (1984),Documentary|Musical
2860,Blue Streak (1999),Comedy
2861,For Love of the Game (1999),Comedy|Drama
2862,Caligula (1979),Drama
2863,"Hard Day's Night, A (1964)",Adventure|Comedy|Musical
2866,"Buddy Holly Story, The (1978)",Drama
2868,Fright Night Part II (1988),Horror
2871,Deliverance (1972),Adventure|Drama|Thriller
2872,Excalibur (1981),Adventure|Fantasy
2875,Sommersby (1993),Drama|Mystery|Romance
2877,Tommy (1975),Musical
2879,Armour of God II: Operation Condor (Operation Condor) (Fei ying gai wak) (1991),Action|Adventure|Comedy
2880,Armour of God (Long xiong hu di) (1987),Action|Adventure|Comedy
2881,Double Jeopardy (1999),Action|Crime|Drama|Thriller
2882,Jakob the Liar (1999),Drama
2883,Mumford (1999),Comedy|Drama
2885,Guinevere (1999),Drama|Romance
2888,Drive Me Crazy (1999),Comedy|Romance
2889,"Mystery, Alaska (1999)",Comedy|Drama
2890,Three Kings (1999),Action|Adventure|Comedy|Drama|War
2892,New Rose Hotel (1998),Action|Drama
2902,Psycho II (1983),Horror|Mystery|Thriller
2905,Sanjuro (Tsubaki Sanjûrô) (1962),Action|Adventure|Drama
2906,Random Hearts (1999),Drama|Romance
2907,Superstar (1999),Comedy
2908,Boys Don't Cry (1999),Drama
2912,"Limey, The (1999)",Crime|Drama|Thriller
2915,Risky Business (1983),Comedy
2916,Total Recall (1990),Action|Adventure|Sci-Fi|Thriller
2917,Body Heat (1981),Crime|Thriller
2918,Ferris Bueller's Day Off (1986),Comedy
2919,"Year of Living Dangerously, The (1982)",Drama|Romance|War
2920,Children of Paradise (Les enfants du paradis) (1945),Drama|Romance
2921,High Plains Drifter (1973),Western
2924,Drunken Master (Jui kuen) (1978),Action|Comedy
2927,Brief Encounter (1946),Drama|Romance
2929,Reds (1981),Drama|Romance
2932,Days of Heaven (1978),Drama
2936,Sullivan's Travels (1941),Adventure|Comedy|Romance
2939,Niagara (1953),Drama|Thriller
2940,Gilda (1946),Drama|Film-Noir|Mystery|Romance
2941,South Pacific (1958),Musical|Romance|War
2942,Flashdance (1983),Drama|Romance
2944,"Dirty Dozen, The (1967)",Action|Drama|War
2946,Help! (1965),Comedy|Musical
2947,Goldfinger (1964),Action|Adventure|Thriller
2948,From Russia with Love (1963),Action|Adventure|Thriller
2949,Dr. No (1962),Action|Adventure|Thriller
2950,"Blue Lagoon, The (1980)",Adventure|Drama|Romance
2951,"Fistful of Dollars, A (Per un pugno di dollari) (1964)",Action|Western
2952,Sydney (Hard Eight) (1996),Crime|Drama|Thriller
2953,Home Alone 2: Lost in New York (1992),Children|Comedy
2959,Fight Club (1999),Action|Crime|Drama|Thriller
2961,"Story of Us, The (1999)",Comedy|Drama
2962,Fever Pitch (1997),Comedy|Romance
2966,"Straight Story, The (1999)",Adventure|Drama
2968,Time Bandits (1981),Adventure|Comedy|Fantasy|Sci-Fi
2971,All That Jazz (1979),Drama|Fantasy|Musical
2973,Crimes and Misdemeanors (1989),Comedy|Crime|Drama
2974,Bats (1999),Horror|Thriller
2975,"Best Man, The (1999)",Comedy|Drama
2976,Bringing Out the Dead (1999),Drama
2978,Three to Tango (1999),Comedy|Romance
2985,RoboCop (1987),Action|Crime|Drama|Sci-Fi|Thriller
2986,RoboCop 2 (1990),Action|Crime|Sci-Fi|Thriller
2987,Who Framed Roger Rabbit? (1988),Adventure|Animation|Children|Comedy|Crime|Fantasy|Mystery
2988,Melvin and Howard (1980),Drama
2989,For Your Eyes Only (1981),Action|Adventure|Thriller
2990,Licence to Kill (1989),Action|Adventure|Thriller
2991,Live and Let Die (1973),Action|Adventure|Thriller
2993,Thunderball (1965),Action|Adventure|Thriller
2995,House on Haunted Hill (1999),Horror|Thriller
2997,Being John Malkovich (1999),Comedy|Drama|Fantasy
3000,Princess Mononoke (Mononoke-hime) (1997),Action|Adventure|Animation|Drama|Fantasy
3004,"Bachelor, The (1999)",Comedy|Romance
3005,"Bone Collector, The (1999)",Thriller
3006,"Insider, The (1999)",Drama|Thriller
3011,"They Shoot Horses, Don't They? (1969)",Drama
3016,Creepshow (1982),Horror
3017,Creepshow 2 (1987),Horror
3018,Re-Animator (1985),Comedy|Horror|Sci-Fi
3019,Drugstore Cowboy (1989),Crime|Drama
3020,Falling Down (1993),Action|Drama
3022,"General, The (1926)",Comedy|War
3028,"Taming of the Shrew, The (1967)",Comedy
3029,Nighthawks (1981),Action|Drama
3030,Yojimbo (1961),Action|Adventure
3032,"Omega Man, The (1971)",Action|Drama|Sci-Fi|Thriller
3033,Spaceballs (1987),Comedy|Sci-Fi
3034,Robin Hood (1973),Adventure|Animation|Children|Comedy|Musical
3035,Mister Roberts (1955),Comedy|Drama|War
3036,"Quest for Fire (Guerre du feu, La) (1981)",Adventure|Drama
3037,Little Big Man (1970),Western
3039,Trading Places (1983),Comedy
3040,Meatballs (1979),Comedy
3044,Dead Again (1991),Mystery|Romance|Thriller
3050,Light It Up (1999),Drama
3051,Anywhere But Here (1999),Comedy|Drama
3052,Dogma (1999),Adventure|Comedy|Fantasy
3053,"Messenger: The Story of Joan of Arc, The (1999)",Drama|War
3054,Pokémon: The First Movie (1998),Adventure|Animation|Children|Fantasy|Sci-Fi
3055,Felicia's Journey (1999),Thriller
3060,"Commitments, The (1991)",Comedy|Drama|Musical
3061,Holiday Inn (1942),Comedy|Musical
3062,"Longest Day, The (1962)",Action|Drama|War
3066,Tora! Tora! Tora! (1970),Action|Drama|War
3067,Women on the Verge of a Nervous Breakdown (Mujeres al borde de un ataque de nervios) (1988),Comedy|Drama
3068,"Verdict, The (1982)",Drama|Mystery
3070,"Adventures of Buckaroo Banzai Across the 8th Dimension, The (1984)",Adventure|Comedy|Sci-Fi
3072,Moonstruck (1987),Comedy|Romance
3075,Repulsion (1965),Drama|Horror
3076,Irma la Douce (1963),Comedy
3077,42 Up (1998),Documentary
3078,Liberty Heights (1999),Drama
3079,Mansfield Park (1999),Comedy|Drama|Romance
3081,Sleepy Hollow (1999),Fantasy|Horror|Mystery|Romance
3082,"World Is Not Enough, The (1999)",Action|Adventure|Thriller
3083,All About My Mother (Todo sobre mi madre) (1999),Drama
3086,Babes in Toyland (1934),Children|Comedy|Fantasy|Musical
3087,Scrooged (1988),Comedy|Fantasy|Romance
3088,Harvey (1950),Comedy|Fantasy
3091,Kagemusha (1980),Drama|War
3093,McCabe & Mrs. Miller (1971),Drama|Western
3095,"Grapes of Wrath, The (1940)",Drama
3098,"Natural, The (1984)",Drama
3100,"River Runs Through It, A (1992)",Drama
3101,Fatal Attraction (1987),Drama|Thriller
3104,Midnight Run (1988),Action|Comedy|Crime|Thriller
3105,Awakenings (1990),Drama|Mystery
3107,Backdraft (1991),Action|Drama
3108,"Fisher King, The (1991)",Comedy|Drama|Fantasy|Romance
3111,Places in the Heart (1984),Drama
3113,End of Days (1999),Action|Fantasy|Horror|Mystery|Thriller
3114,Toy Story 2 (1999),Adventure|Animation|Children|Comedy|Fantasy
3117,Ride with the Devil (1999),Drama|Romance|War
3125,"End of the Affair, The (1999)",Drama
3127,Holy Smoke (1999),Comedy|Drama
3129,Sweet and Lowdown (1999),Comedy|Drama
3130,Bonfire of the Vanities (1990),Comedy|Crime|Drama
3134,Grand Illusion (La grande illusion) (1937),Drama|War
3135,"Great Santini, The (1979)",Drama
3138,Stealing Home (1988),Drama
3141,"Two Jakes, The (1990)",Drama
3142,U2: Rattle and Hum (1988),Documentary|Musical
3146,Deuce Bigalow: Male Gigolo (1999),Comedy
3147,"Green Mile, The (1999)",Crime|Drama
3148,"Cider House Rules, The (1999)",Drama
3149,Diamonds (1999),Mystery
3150,"War Zone, The (1999)",Drama|Thriller
3152,"Last Picture Show, The (1971)",Drama
3153,"7th Voyage of Sinbad, The (1958)",Action|Adventure|Fantasy
3155,Anna and the King (1999),Drama|Romance
3156,Bicentennial Man (1999),Drama|Romance|Sci-Fi
3157,Stuart Little (1999),Children|Comedy|Fantasy
3159,Fantasia 2000 (1999),Animation|Children|Musical|IMAX
3160,Magnolia (1999),Drama
3161,Onegin (1999),Drama|Romance
3163,Topsy-Turvy (1999),Comedy|Drama|Musical
3165,Boiling Point (1993),Action|Drama
3167,Carnal Knowledge (1971),Comedy|Drama
3168,Easy Rider (1969),Adventure|Drama
3169,The Falcon and the Snowman (1985),Crime|Drama|Thriller
3173,Any Given Sunday (1999),Drama
3174,Man on the Moon (1999),Comedy|Drama
3175,Galaxy Quest (1999),Adventure|Comedy|Sci-Fi
3176,"Talented Mr. Ripley, The (1999)",Drama|Mystery|Thriller
3177,Next Friday (2000),Comedy
3178,"Hurricane, The (1999)",Drama
3179,Angela's Ashes (1999),Drama
3181,Titus (1999),Drama
3185,Snow Falling on Cedars (1999),Drama
3186,"Girl, Interrupted (1999)",Drama
3188,"Life and Times of Hank Greenberg, The (1998)",Documentary
3196,Stalag 17 (1953),Drama|War
3197,"Presidio, The (1988)",Action|Crime|Romance|Thriller
3198,Papillon (1973),Crime|Drama
3201,Five Easy Pieces (1970),Drama
3203,Dead Calm (1989),Thriller
3204,"Boys from Brazil, The (1978)",Action|Mystery|Thriller
3205,Black Sunday (La maschera del demonio) (1960),Horror
3210,Fast Times at Ridgemont High (1982),Comedy|Drama|Romance
3211,"Cry in the Dark, A (1988)",Drama
3213,Batman: Mask of the Phantasm (1993),Animation|Children
3217,"Star Is Born, A (1937)",Drama
3219,Pacific Heights (1990),Mystery|Thriller
3224,Woman in the Dunes (Suna no onna) (1964),Drama
3235,Where the Buffalo Roam (1980),Comedy
3238,Eye of the Beholder (1999),Thriller
3239,Isn't She Great? (2000),Comedy
3245,I Am Cuba (Soy Cuba/Ya Kuba) (1964),Drama
3246,Malcolm X (1992),Drama
3247,Sister Act (1992),Comedy|Crime
3248,Sister Act 2: Back in the Habit (1993),Comedy
3249,"Hand That Rocks the Cradle, The (1992)",Drama|Thriller
3250,Alive (1993),Drama
3251,Agnes of God (1985),Drama|Mystery
3252,Scent of a Woman (1992),Drama
3253,Wayne's World (1992),Comedy
3254,Wayne's World 2 (1993),Comedy
3255,"League of Their Own, A (1992)",Comedy|Drama
3256,Patriot Games (1992),Action|Crime|Drama|Thriller
3257,"Bodyguard, The (1992)",Drama|Romance|Thriller
3258,Death Becomes Her (1992),Comedy|Fantasy
3260,Howards End (1992),Drama
3261,Singles (1992),Comedy|Drama|Romance
3262,Twin Peaks: Fire Walk with Me (1992),Crime|Drama|Mystery|Thriller
3263,White Men Can't Jump (1992),Comedy|Drama
3264,Buffy the Vampire Slayer (1992),Action|Comedy|Horror
3265,Hard-Boiled (Lat sau san taam) (1992),Action|Crime|Drama|Thriller
3267,"Mariachi, El (1992)",Action|Crime|Thriller|Western
3268,Stop! Or My Mom Will Shoot (1992),Action|Comedy
3269,Forever Young (1992),Drama|Romance|Sci-Fi
3270,"Cutting Edge, The (1992)",Comedy|Drama|Romance
3271,Of Mice and Men (1992),Drama
3272,Bad Lieutenant (1992),Crime|Drama
3273,Scream 3 (2000),Comedy|Horror|Mystery|Thriller
3274,Single White Female (1992),Drama|Thriller
3275,"Boondock Saints, The (2000)",Action|Crime|Drama|Thriller
3285,"Beach, The (2000)",Adventure|Drama
3287,"Tigger Movie, The (2000)",Animation|Children
3296,To Sir with Love (1967),Drama
3298,Boiler Room (2000),Crime|Drama|Thriller
3300,Pitch Black (2000),Horror|Sci-Fi|Thriller
3301,"Whole Nine Yards, The (2000)",Comedy|Crime
3302,Beautiful People (1999),Comedy
3306,"Circus, The (1928)",Comedy
3307,City Lights (1931),Comedy|Drama|Romance
3311,"Man from Laramie, The (1955)",Western
3317,Wonder Boys (2000),Comedy|Drama
3325,"Next Best Thing, The (2000)",Comedy|Drama
3326,What Planet Are You From? (2000),Comedy|Sci-Fi
3327,Beyond the Mat (1999),Documentary
3328,Ghost Dog: The Way of the Samurai (1999),Crime|Drama
3334,Key Largo (1948),Crime|Drama|Film-Noir|Thriller
3341,Born Yesterday (1950),Comedy
3342,Birdy (1984),Drama|War
3346,Color Me Blood Red (1965),Horror
3347,Never Cry Wolf (1983),Adventure|Drama
3354,Mission to Mars (2000),Sci-Fi
3355,"Ninth Gate, The (1999)",Fantasy|Horror|Mystery|Thriller
3357,East-West (Est-ouest) (1999),Drama|Romance
3359,Breaking Away (1979),Comedy|Drama
3360,Hoosiers (a.k.a. Best Shot) (1986),Drama|Romance
3361,Bull Durham (1988),Comedy|Drama|Romance
3362,Dog Day Afternoon (1975),Crime|Drama
3363,American Graffiti (1973),Comedy|Drama
3365,"Searchers, The (1956)",Drama|Western
3368,"Big Country, The (1958)",Romance|Western
3384,"Taking of Pelham One Two Three, The (1974)",Action|Crime
3385,Volunteers (1985),Comedy
3386,JFK (1991),Drama|Mystery|Thriller
3388,Harry and the Hendersons (1987),Children|Comedy
3392,She-Devil (1989),Comedy
3395,Nadine (1987),Comedy
3396,"Muppet Movie, The (1979)",Adventure|Children|Comedy|Musical
3397,"Great Muppet Caper, The (1981)",Children|Comedy
3398,"Muppets Take Manhattan, The (1984)",Children|Comedy|Musical
3399,Sesame Street Presents Follow That Bird (1985),Children|Comedy
3400,We're Back! A Dinosaur's Story (1993),Adventure|Animation|Children|Fantasy
3404,Titanic (1953),Action|Drama
3405,"Night to Remember, A (1958)",Action|Drama
3406,Captain Horatio Hornblower R.N. (1951),Action|Adventure|Drama|War
3408,Erin Brockovich (2000),Drama
3409,Final Destination (2000),Drama|Thriller
3412,"Bear, The (Ours, L') (1988)",Adventure|Children|Drama
3415,"Mirror, The (Zerkalo) (1975)",Drama
3418,Thelma & Louise (1991),Adventure|Crime|Drama
3421,Animal House (1978),Comedy
3423,School Daze (1988),Drama
3424,Do the Right Thing (1989),Drama
3426,Jungle Fever (1991),Drama|Romance
3431,Death Wish 2 (1982),Action|Drama
3435,Double Indemnity (1944),Crime|Drama|Film-Noir
3436,Dying Young (1991),Drama|Romance
3438,Teenage Mutant Ninja Turtles (1990),Action|Children|Comedy|Fantasy|Sci-Fi
3439,Teenage Mutant Ninja Turtles II: The Secret of the Ooze (1991),Action|Children|Fantasy
3440,Teenage Mutant Ninja Turtles III (1993),Action|Adventure|Children|Comedy|Fantasy
3441,Red Dawn (1984),Action|Drama|War
3444,Bloodsport (1988),Action
3447,"Good Earth, The (1937)",Drama
3448,"Good Morning, Vietnam (1987)",Comedy|Drama|War
3450,Grumpy Old Men (1993),Comedy
3451,Guess Who's Coming to Dinner (1967),Drama
3452,Romeo Must Die (2000),Action|Crime|Romance|Thriller
3453,Here on Earth (2000),Drama|Romance
3454,Whatever It Takes (2000),Comedy|Romance
3456,"Color of Paradise, The (Rang-e khoda) (1999)",Drama
3459,Gothic (1986),Drama|Horror
3461,Lord of the Flies (1963),Adventure|Drama|Thriller
3468,"Hustler, The (1961)",Drama
3469,Inherit the Wind (1960),Drama
3471,Close Encounters of the Third Kind (1977),Adventure|Drama|Sci-Fi
3476,Jacob's Ladder (1990),Horror|Mystery
3477,Empire Records (1995),Comedy|Drama
3478,"Bamba, La (1987)",Drama
3479,Ladyhawke (1985),Adventure|Fantasy|Romance
3481,High Fidelity (2000),Comedy|Drama|Romance
3484,"Skulls, The (2000)",Thriller
3489,Hook (1991),Adventure|Comedy|Fantasy
3490,Horror Express (1972),Horror
3494,True Grit (1969),Adventure|Drama|Western
3498,Midnight Express (1978),Drama
3499,Misery (1990),Drama|Horror|Thriller
3501,Murphy's Romance (1985),Comedy|Romance
3503,Solaris (Solyaris) (1972),Drama|Mystery|Sci-Fi
3504,Network (1976),Comedy|Drama
3505,No Way Out (1987),Drama|Mystery|Thriller
3507,"Odd Couple, The (1968)",Comedy
3510,Frequency (2000),Drama|Thriller
3511,Ready to Rumble (2000),Comedy
3513,Rules of Engagement (2000),Drama|Thriller
3515,Me Myself I (2000),Comedy|Romance
3525,Bachelor Party (1984),Comedy
3526,Parenthood (1989),Comedy|Drama
3527,Predator (1987),Action|Sci-Fi|Thriller
3528,"Prince of Tides, The (1991)",Drama|Romance
3529,"Postman Always Rings Twice, The (1981)",Crime|Thriller
3534,28 Days (2000),Drama
3535,American Psycho (2000),Crime|Horror|Mystery|Thriller
3536,Keeping the Faith (2000),Comedy|Drama|Romance
3538,East is East (1999),Comedy
3539,"Filth and the Fury, The (2000)",Documentary
3543,Diner (1982),Comedy|Drama
3545,Cabaret (1972),Drama|Musical
3549,Guys and Dolls (1955),Comedy|Musical|Romance
3550,The Hunger (1983),Horror
3551,Marathon Man (1976),Crime|Drama|Thriller
3552,Caddyshack (1980),Comedy
3555,U-571 (2000),Action|Thriller|War
3556,"Virgin Suicides, The (1999)",Drama|Romance
3557,Jennifer 8 (1992),Mystery|Thriller
3559,Limelight (1952),Comedy|Drama|Romance
3563,"Crow: Salvation, The (2000)",Action|Horror
3564,"Flintstones in Viva Rock Vegas, The (2000)",Children|Comedy
3565,Where the Heart Is (2000),Comedy|Drama
3566,"Big Kahuna, The (2000)",Comedy|Drama
3571,Time Code (2000),Comedy|Drama
3576,"Hidden, The (1987)",Action|Horror|Sci-Fi
3578,Gladiator (2000),Action|Adventure|Drama
3591,Mr. Mom (1983),Comedy|Drama
3593,Battlefield Earth (2000),Action|Sci-Fi
3594,Center Stage (2000),Drama|Musical
3595,Held Up (1999),Comedy
3596,Screwed (2000),Comedy
3599,Anchors Aweigh (1945),Comedy|Musical
3606,On the Town (1949),Comedy|Musical|Romance
3608,Pee-wee's Big Adventure (1985),Adventure|Comedy
3611,Saludos Amigos (1943),Animation|Children|Comedy
3614,Honeymoon in Vegas (1992),Comedy|Romance
3615,Dinosaur (2000),Adventure|Animation|Children
3617,Road Trip (2000),Comedy
3618,Small Time Crooks (2000),Comedy|Crime
3623,Mission: Impossible II (2000),Action|Adventure|Thriller
3624,Shanghai Noon (2000),Action|Adventure|Comedy|Western
3626,8 ½ Women (a.k.a. 8 1/2 Women) (a.k.a. Eight and a Half Women) (1999),Comedy
3629,"Gold Rush, The (1925)",Adventure|Comedy|Romance
3632,Monsieur Verdoux (1947),Comedy|Crime
3633,On Her Majesty's Secret Service (1969),Action|Adventure|Romance|Thriller
3634,Seven Days in May (1964),Thriller
3635,"Spy Who Loved Me, The (1977)",Action|Adventure|Thriller
3638,Moonraker (1979),Action|Adventure|Sci-Fi|Thriller
3639,"Man with the Golden Gun, The (1974)",Action|Adventure|Thriller
3646,Big Momma's House (2000),Comedy
3652,"City of the Living Dead (a.k.a. Gates of Hell, The) (Paura nella città dei morti viventi) (1980)",Horror
3654,"Guns of Navarone, The (1961)",Action|Adventure|Drama|War
3655,Blow-Out (La grande bouffe) (1973),Drama
3663,Puppet Master 4 (1993),Horror|Sci-Fi|Thriller
3668,Romeo and Juliet (1968),Drama|Romance
3671,Blazing Saddles (1974),Comedy|Western
3676,Eraserhead (1977),Drama|Horror
3678,"Man with the Golden Arm, The (1955)",Drama
3681,For a Few Dollars More (Per qualche dollaro in più) (1965),Action|Drama|Thriller|Western
3682,Magnum Force (1973),Action|Crime|Drama|Thriller
3683,Blood Simple (1984),Crime|Drama|Film-Noir
3684,"Fabulous Baker Boys, The (1989)",Drama|Romance
3686,Flatliners (1990),Horror|Sci-Fi|Thriller
3688,Porky's (1982),Comedy
3692,Class of Nuke 'Em High (1986),Comedy|Horror
3697,Predator 2 (1990),Action|Sci-Fi|Thriller
3698,"Running Man, The (1987)",Action|Sci-Fi
3699,Starman (1984),Adventure|Drama|Romance|Sci-Fi
3700,"Brother from Another Planet, The (1984)",Drama|Sci-Fi
3701,Alien Nation (1988),Crime|Drama|Sci-Fi|Thriller
3702,Mad Max (1979),Action|Adventure|Sci-Fi
3703,"Road Warrior, The (Mad Max 2) (1981)",Action|Adventure|Sci-Fi|Thriller
3704,Mad Max Beyond Thunderdome (1985),Action|Adventure|Sci-Fi
3705,Bird on a Wire (1990),Action|Comedy|Romance
3706,Angel Heart (1987),Film-Noir|Horror|Mystery|Thriller
3707,9 1/2 Weeks (Nine 1/2 Weeks) (1986),Drama|Romance
3708,Firestarter (1984),Horror|Thriller
3717,Gone in 60 Seconds (2000),Action|Crime
3718,American Pimp (1999),Documentary
3719,Love's Labour's Lost (2000),Comedy|Romance
3723,Hamlet (1990),Drama
3725,American Pop (1981),Animation|Musical
3726,Assault on Precinct 13 (1976),Action|Thriller
3728,One False Move (1992),Crime|Drama|Film-Noir|Thriller
3730,"Conversation, The (1974)",Drama|Mystery
3732,"Fury, The (1978)",Horror
3733,"Paper Chase, The (1973)",Drama
3734,Prince of the City (1981),Drama
3735,Serpico (1973),Crime|Drama
3739,Trouble in Paradise (1932),Comedy|Romance
3740,Big Trouble in Little China (1986),Action|Adventure|Comedy|Fantasy
3741,Badlands (1973),Crime|Drama|Thriller
3742,Battleship Potemkin (1925),Drama|War
3743,Boys and Girls (2000),Comedy|Romance
3744,Shaft (2000),Action|Crime|Thriller
3745,Titan A.E. (2000),Action|Adventure|Animation|Children|Sci-Fi
3751,Chicken Run (2000),Animation|Children|Comedy
3752,"Me, Myself & Irene (2000)",Adventure|Comedy
3753,"Patriot, The (2000)",Action|Drama|War
3755,"Perfect Storm, The (2000)",Drama|Thriller
3761,"Blood In, Blood Out (1993)",Action|Crime|Drama|Thriller
3763,F/X (1986),Action|Crime|Thriller
3769,Thunderbolt and Lightfoot (1974),Action
3774,House Party 2 (1991),Comedy|Drama|Romance
3783,Croupier (1998),Crime|Drama
3784,"Kid, The (2000)",Comedy|Fantasy
3785,Scary Movie (2000),Comedy|Horror
3791,Footloose (1984),Drama
3793,X-Men (2000),Action|Adventure|Sci-Fi
3794,Chuck & Buck (2000),Comedy|Drama
3798,What Lies Beneath (2000),Drama|Horror|Mystery
3801,Anatomy of a Murder (1959),Drama|Mystery
3802,Freejack (1992),Action|Sci-Fi
3809,What About Bob? (1991),Comedy
3812,Everything You Always Wanted to Know About Sex * But Were Afraid to Ask (1972),Comedy
3814,Love and Death (1975),Comedy
3819,Tampopo (1985),Comedy
3821,Nutty Professor II: The Klumps (2000),Comedy
3823,Wonderland (1999),Drama
3825,Coyote Ugly (2000),Comedy|Drama|Romance
3826,Hollow Man (2000),Horror|Sci-Fi|Thriller
3827,Space Cowboys (2000),Action|Adventure|Comedy|Sci-Fi
3831,Saving Grace (2000),Comedy
3841,Air America (1990),Action|Comedy
3844,Steel Magnolias (1989),Drama
3851,I'm the One That I Want (2000),Comedy
3852,"Tao of Steve, The (2000)",Comedy
3858,Cecil B. DeMented (2000),Comedy
3861,"Replacements, The (2000)",Comedy
3863,"Cell, The (2000)",Drama|Horror|Thriller
3864,Godzilla 2000 (Gojira ni-sen mireniamu) (1999),Action|Adventure|Sci-Fi
3868,"Naked Gun: From the Files of Police Squad!, The (1988)",Action|Comedy|Crime|Romance
3869,"Naked Gun 2 1/2: The Smell of Fear, The (1991)",Comedy
3871,Shane (1953),Drama|Western
3878,X: The Unknown (1956),Horror|Sci-Fi
3882,Bring It On (2000),Comedy
3892,Anatomy (Anatomie) (2000),Horror
3895,"Watcher, The (2000)",Crime|Thriller
3897,Almost Famous (2000),Drama
3910,Dancer in the Dark (2000),Drama|Musical
3911,Best in Show (2000),Comedy
3916,Remember the Titans (2000),Drama
3917,Hellraiser (1987),Horror
3925,Stranger Than Paradise (1984),Comedy|Drama
3928,Abbott and Costello Meet Frankenstein (1948),Comedy|Horror
3930,"Creature from the Black Lagoon, The (1954)",Adventure|Horror|Sci-Fi
3932,"Invisible Man, The (1933)",Horror|Sci-Fi
3937,Runaway (1984),Sci-Fi|Thriller
3947,Get Carter (1971),Action|Crime|Drama|Thriller
3948,Meet the Parents (2000),Comedy
3949,Requiem for a Dream (2000),Drama
3950,Tigerland (2000),Drama
3952,"Contender, The (2000)",Drama|Thriller
3953,Dr. T and the Women (2000),Comedy|Romance
3959,"Time Machine, The (1960)",Action|Adventure|Sci-Fi
3961,Ghoulies (1985),Horror
3964,"Adventures of Ichabod and Mr. Toad, The (1949)",Animation|Children
3967,Billy Elliot (2000),Drama
3968,Bedazzled (2000),Comedy
3969,Pay It Forward (2000),Drama
3972,"Legend of Drunken Master, The (Jui kuen II) (1994)",Action|Comedy
3973,Book of Shadows: Blair Witch 2 (2000),Crime|Horror|Mystery|Thriller
3977,Charlie's Angels (2000),Action|Comedy
3978,"Legend of Bagger Vance, The (2000)",Drama|Romance
3980,Men of Honor (2000),Drama
3981,Red Planet (2000),Action|Sci-Fi|Thriller
3983,You Can Count on Me (2000),Drama|Romance
3984,Diamonds Are Forever (1971),Action|Adventure|Thriller
3985,"Eagle Has Landed, The (1976)",Drama|War
3986,"6th Day, The (2000)",Action|Sci-Fi|Thriller
3987,Bounce (2000),Drama|Romance
3988,How the Grinch Stole Christmas (a.k.a. The Grinch) (2000),Children|Comedy|Fantasy
3993,Quills (2000),Drama|Romance
3994,Unbreakable (2000),Drama|Sci-Fi
3996,"Crouching Tiger, Hidden Dragon (Wo hu cang long) (2000)",Action|Drama|Romance
3997,Dungeons & Dragons (2000),Action|Adventure|Comedy|Fantasy
3998,Proof of Life (2000),Drama
3999,Vertical Limit (2000),Action|Adventure
4002,"Planes, Trains & Automobiles (1987)",Comedy
4005,"Living Daylights, The (1987)",Action|Adventure|Thriller
4006,Transformers: The Movie (1986),Adventure|Animation|Children|Sci-Fi
4007,Wall Street (1987),Drama
4008,Born on the Fourth of July (1989),Drama|War
4010,Brewster's Millions (1985),Comedy
4011,Snatch (2000),Comedy|Crime|Thriller
4012,Punchline (1988),Comedy|Drama
4014,Chocolat (2000),Drama|Romance
4015,"Dude, Where's My Car? (2000)",Comedy|Sci-Fi
4016,"Emperor's New Groove, The (2000)",Adventure|Animation|Children|Comedy|Fantasy
4018,What Women Want (2000),Comedy|Romance
4019,Finding Forrester (2000),Drama
4020,"Gift, The (2000)",Thriller
4022,Cast Away (2000),Drama
4023,"Family Man, The (2000)",Comedy|Drama|Romance
4025,Miss Congeniality (2000),Comedy|Crime
4027,"O Brother, Where Art Thou? (2000)",Adventure|Comedy|Crime
4029,State and Main (2000),Comedy|Drama
4031,All the Pretty Horses (2000),Drama|Romance|Western
4033,Thirteen Days (2000),Drama|Thriller|War
4034,Traffic (2000),Crime|Drama|Thriller
4036,Shadow of the Vampire (2000),Drama|Horror
4037,House of Games (1987),Crime|Film-Noir|Mystery|Thriller
4039,Annie (1982),Children|Musical
4041,"Officer and a Gentleman, An (1982)",Drama|Romance
4042,"Alamo, The (1960)",Action|Drama|War|Western
4043,At Close Range (1986),Crime|Drama
4047,Gettysburg (1993),Drama|War
4049,Rancho Deluxe (1975),Comedy|Western
4052,Antitrust (2001),Crime|Drama|Thriller
4053,Double Take (2001),Action|Comedy
4054,Save the Last Dance (2001),Drama|Romance
4055,Panic (2000),Drama
4056,"Pledge, The (2001)",Crime|Drama|Mystery|Thriller
4060,Love Field (1992),Drama
4062,Mystic Pizza (1988),Comedy|Drama|Romance
4067,Untamed Heart (1993),Drama|Romance
4068,Sugar & Spice (2001),Comedy
4069,"Wedding Planner, The (2001)",Comedy|Romance
4077,"With a Friend Like Harry... (Harry, un ami qui vous veut du bien) (2000)",Drama|Thriller
4084,Beverly Hills Cop II (1987),Action|Comedy|Crime|Thriller
4085,Beverly Hills Cop (1984),Action|Comedy|Crime|Drama
4086,"Big Easy, The (1987)",Action|Crime|Mystery|Romance|Thriller
4090,"Brave Little Toaster, The (1987)",Animation|Children
4092,Cherry 2000 (1987),Romance|Sci-Fi
4098,"Dead, The (1987)",Drama
4102,Eddie Murphy Raw (1987),Comedy|Documentary
4105,"Evil Dead, The (1981)",Fantasy|Horror|Thriller
4121,Innerspace (1987),Action|Adventure|Comedy|Sci-Fi
4128,"Lost Boys, The (1987)",Comedy|Horror|Thriller
4130,Maid to Order (1987),Comedy|Fantasy
4132,Mannequin (1987),Comedy|Romance
4133,Masters of the Universe (1987),Action|Adventure|Fantasy|Sci-Fi
4141,Head Over Heels (2001),Comedy|Romance
4144,In the Mood For Love (Fa yeung nin wa) (2000),Drama|Romance
4148,Hannibal (2001),Horror|Thriller
4151,"Taste of Others, The (Le goût des autres) (2000)",Comedy|Drama|Romance
4153,Down to Earth (2001),Comedy|Fantasy|Romance
4154,Recess: School's Out (2001),Animation|Children
4155,Sweet November (2001),Drama|Romance
4158,Monkeybone (2001),Animation|Comedy|Fantasy
4159,3000 Miles to Graceland (2001),Action|Thriller
4161,"Mexican, The (2001)",Action|Comedy
4174,Avalon (1990),Drama
4179,Pixote (1981),Drama
4188,Hans Christian Andersen (1952),Children|Musical
4190,Elmer Gantry (1960),Drama
4205,Mermaids (1990),Comedy|Drama|Romance
4207,Navy Seals (1990),Action|Adventure|War
4212,Death on the Nile (1978),Crime|Mystery
4213,Deepstar Six (1989),Horror|Sci-Fi|Thriller
4214,Revenge of the Nerds (1984),Comedy
4215,Revenge of the Nerds II: Nerds in Paradise (1987),Comedy
4218,River's Edge (1986),Crime|Drama
4223,Enemy at the Gates (2001),Drama|War
4226,Memento (2000),Mystery|Thriller
4227,"Brothers, The (2001)",Comedy|Drama
4231,Someone Like You (2001),Comedy|Romance
4232,Spy Kids (2001),Action|Adventure|Children|Comedy
4234,"Tailor of Panama, The (2001)",Drama|Thriller
4235,Amores Perros (Love's a Bitch) (2000),Drama|Thriller
4237,"Gleaners & I, The (Les glaneurs et la glaneuse) (2000)",Documentary
4238,Along Came a Spider (2001),Action|Crime|Mystery|Thriller
4239,Blow (2001),Crime|Drama
4241,Pokémon 3: The Movie (2001),Animation|Children
4246,Bridget Jones's Diary (2001),Comedy|Drama|Romance
4247,Joe Dirt (2001),Adventure|Comedy|Mystery|Romance
4248,Josie and the Pussycats (2001),Comedy
4254,Crocodile Dundee in Los Angeles (2001),Comedy|Drama
4255,Freddy Got Fingered (2001),Comedy
4259,"Luzhin Defence, The (2000)",Drama|Romance
4262,Scarface (1983),Action|Crime|Drama
4270,"Mummy Returns, The (2001)",Action|Adventure|Comedy|Thriller
4272,Tuvalu (1999),Comedy
4280,"World According to Garp, The (1982)",Comedy|Drama|Romance
4288,Pola X (1999),Drama|Romance
4290,For the Boys (1991),Comedy|Drama|Musical
4291,Nine to Five (a.k.a. 9 to 5) (1980),Comedy|Crime
4292,Norma Rae (1979),Drama
4296,Love Story (1970),Drama|Romance
4299,"Knight's Tale, A (2001)",Action|Comedy|Romance
4305,Angel Eyes (2001),Romance|Thriller
4306,Shrek (2001),Adventure|Animation|Children|Comedy|Fantasy|Romance
4308,Moulin Rouge (2001),Drama|Musical|Romance
4310,Pearl Harbor (2001),Action|Drama|Romance|War
4317,Love Potion #9 (1992),Comedy|Romance
4318,Postcards From the Edge (1990),Comedy|Drama
4321,City Slickers (1991),Comedy|Western
4322,Eight Men Out (1988),Drama
4326,Mississippi Burning (1988),Crime|Drama|Thriller
4327,"Magnificent Seven, The (1960)",Adventure|Western
4329,Rio Bravo (1959),Western
4333,Throw Momma from the Train (1987),Comedy|Crime
4339,Von Ryan's Express (1965),Action|Adventure|Drama|War
4343,Evolution (2001),Comedy|Sci-Fi
4344,Swordfish (2001),Action|Crime|Drama
4349,Catch-22 (1970),Comedy|War
4351,Point Break (1991),Action|Crime|Thriller
4355,Youngblood (1986),Action|Drama
4359,"Seven Year Itch, The (1955)",Comedy
4361,Tootsie (1982),Comedy|Romance
4366,Atlantis: The Lost Empire (2001),Adventure|Animation|Children|Fantasy
4367,Lara Croft: Tomb Raider (2001),Action|Adventure
4368,Dr. Dolittle 2 (2001),Comedy
4369,"Fast and the Furious, The (2001)",Action|Crime|Thriller
4370,A.I. Artificial Intelligence (2001),Adventure|Drama|Sci-Fi
4378,Sexy Beast (2000),Crime|Drama
4381,"Closet, The (Placard, Le) (2001)",Comedy
4386,Cats & Dogs (2001),Children|Comedy
4387,Kiss of the Dragon (2001),Action
4388,Scary Movie 2 (2001),Comedy
4390,Rape Me (Baise-moi) (2000),Crime|Drama|Thriller
4393,Another Woman (1988),Drama
4398,Speed Zone! (a.k.a. Cannonball Run III) (1989),Action|Comedy
4403,"Fall of the House of Usher, The (House of Usher) (1960)",Horror
4405,"Last Laugh, The (Letzte Mann, Der) (1924)",Drama
4406,"Man Who Shot Liberty Valance, The (1962)",Crime|Drama|Western
4415,Cheech & Chong's Nice Dreams (1981),Comedy
4422,Cries and Whispers (Viskningar och rop) (1972),Drama
4424,"Garden of the Finzi-Continis, The (Giardino dei Finzi-Contini, Il) (1970)",Drama
4426,Kiss Me Deadly (1955),Film-Noir
4427,"Lion in Winter, The (1968)",Drama
4429,Moby Dick (1956),Drama
4432,Sweet Smell of Success (1957),Drama|Film-Noir
4437,Suspiria (1977),Horror
4444,"Way of the Dragon, The (a.k.a. Return of the Dragon) (Meng long guo jiang) (1972)",Action|Crime
4446,Final Fantasy: The Spirits Within (2001),Adventure|Animation|Fantasy|Sci-Fi
4447,Legally Blonde (2001),Comedy|Romance
4448,"Score, The (2001)",Action|Drama
4452,Made (2001),Comedy
4458,Africa: The Serengeti (1994),Documentary|IMAX
4464,"Accidental Tourist, The (1988)",Comedy|Drama|Romance
4465,"Accused, The (1988)",Drama
4466,Above the Law (1988),Action|Crime|Drama
4467,"Adventures of Baron Munchausen, The (1988)",Adventure|Comedy|Fantasy
4474,Beaches (1988),Comedy|Drama|Musical
4477,Big Top Pee-Wee (1988),Adventure|Children|Comedy
4479,Bird (1988),Drama|Musical
4480,"Blob, The (1988)",Horror|Sci-Fi
4482,"Bright Lights, Big City (1988)",Drama
4487,Cocktail (1988),Drama|Romance
4488,Colors (1988),Action|Crime|Drama
4489,Coming to America (1988),Comedy|Romance
4490,"Couch Trip, The (1988)",Comedy
4492,Critters (1986),Comedy|Sci-Fi
4495,Crossing Delancey (1988),Comedy|Romance
4498,"Dead Pool, The (1988)",Action|Crime|Thriller
4499,Dirty Rotten Scoundrels (1988),Comedy
4501,"Elvira, Mistress of the Dark (1988)",Comedy|Horror
4502,Ernest Saves Christmas (1988),Children|Comedy
4503,Everybody's All-American (1988),Romance
4507,Fresh Horses (1988),Drama
4509,"Great Outdoors, The (1988)",Comedy
4511,High Spirits (1988),Comedy
4518,The Lair of the White Worm (1988),Comedy|Horror
4519,"Land Before Time, The (1988)",Adventure|Animation|Children|Fantasy
4520,License to Drive (1988),Comedy
4526,My Stepmother Is an Alien (1988),Comedy|Romance|Sci-Fi
4531,Red Heat (1988),Action
4533,"Return of the Living Dead, The (1985)",Comedy|Horror|Sci-Fi
4541,"Serpent and the Rainbow, The (1988)",Horror
4545,Short Circuit (1986),Comedy|Sci-Fi
4546,"Vanishing, The (Spoorloos) (1988)",Drama|Thriller
4552,"Tetsuo, the Ironman (Tetsuo) (1988)",Action|Horror|Sci-Fi|Thriller
4553,They Live (1988),Action|Sci-Fi|Thriller
4558,Twins (1988),Comedy
4559,Vice Versa (1988),Comedy
4561,Waxwork (1988),Comedy|Horror
4563,Young Einstein (1988),Comedy
4565,American Ninja (1985),Action|Adventure
4571,Bill & Ted's Excellent Adventure (1989),Adventure|Comedy|Sci-Fi
4572,Black Rain (1989),Action|Crime|Drama
4576,C.H.U.D. II - Bud the Chud (1989),Comedy|Horror
4589,Eddie and the Cruisers (1983),Drama|Musical|Mystery
4595,Fat Man and Little Boy (1989),Drama
4599,Great Balls of Fire! (1989),Drama
4602,Harlem Nights (1989),Comedy|Crime|Romance
4603,Her Alibi (1989),Comedy|Romance
4607,In Country (1989),Drama
4609,Jacknife (1989),Drama
4610,"January Man, The (1989)",Comedy|Crime|Mystery|Thriller
4611,Johnny Handsome (1989),Crime|Drama
4612,Jesus of Montreal (Jésus de Montréal) (1989),Drama
4616,Lean on Me (1989),Drama
4620,Lock Up (1989),Action|Adventure|Crime|Drama|Thriller
4621,Look Who's Talking (1989),Comedy|Romance
4623,Major League (1989),Comedy
4624,Meet the Feebles (1989),Animation|Comedy|Musical
4625,Millennium (1989),Drama|Sci-Fi|Thriller
4628,New York Stories (1989),Comedy|Drama
4636,"Punisher, The (1989)",Action
4638,Jurassic Park III (2001),Action|Adventure|Sci-Fi|Thriller
4639,America's Sweethearts (2001),Comedy|Romance
4641,Ghost World (2001),Comedy|Drama
4642,Hedwig and the Angry Inch (2000),Comedy|Drama|Musical
4643,Planet of the Apes (2001),Action|Adventure|Drama|Sci-Fi
4649,Wet Hot American Summer (2001),Comedy
4659,Scandal (1989),Drama
4660,Scenes from the Class Struggle in Beverly Hills (1989),Comedy
4661,Sea of Love (1989),Crime|Drama|Thriller
4666,Skin Deep (1989),Comedy
4673,Tango & Cash (1989),Action|Comedy|Crime|Thriller
4675,Three Fugitives (1989),Action|Comedy
4676,Troop Beverly Hills (1989),Comedy
4678,UHF (1989),Comedy
4679,Uncle Buck (1989),Comedy
4681,"War of the Roses, The (1989)",Comedy|Drama
4683,"Wizard, The (1989)",Adventure|Children|Comedy|Drama
4700,"Princess Diaries, The (2001)",Children|Comedy|Romance
4701,Rush Hour 2 (2001),Action|Comedy
4703,Chocolat (1988),Drama
4705,"Cage aux Folles, La (1978)",Comedy
4709,Paint Your Wagon (1969),Comedy|Musical|Western
4710,"Shootist, The (1976)",Drama|Western
4713,Altered States (1980),Drama|Sci-Fi
4718,American Pie 2 (2001),Comedy
4719,Osmosis Jones (2001),Action|Animation|Comedy|Crime|Drama|Romance|Thriller
4720,"Others, The (2001)",Drama|Horror|Mystery|Thriller
4721,American Outlaws (2001),Action|Comedy|Western
4723,"Deep End, The (2001)",Drama
4725,Session 9 (2001),Horror|Thriller
4728,Rat Race (2001),Comedy
4734,Jay and Silent Bob Strike Back (2001),Adventure|Comedy
4744,Jeepers Creepers (2001),Horror
4748,3 Ninjas (1992),Action|Children|Comedy
4754,"Wicker Man, The (1973)",Drama|Horror|Mystery|Thriller
4757,Rock Star (2001),Comedy|Drama|Musical
4758,Soul Survivors (a.k.a. The Killer Cut) (2001),Horror|Thriller
4769,Into the Arms of Strangers: Stories of the Kindertransport (2000),Documentary
4776,Training Day (2001),Crime|Drama|Thriller
4781,Megiddo: The Omega Code 2 (2001),Action|Adventure|Fantasy|Sci-Fi|Thriller
4787,Little Man Tate (1991),Drama
4788,Moscow Does Not Believe in Tears (Moskva slezam ne verit) (1979),Drama|Romance
4792,13 Ghosts (1960),Horror
4802,Operation Petticoat (1959),Action|Comedy|Romance|War
4803,Play Misty for Me (1971),Drama|Thriller
4811,Quadrophenia (1979),Drama|Musical
4814,Don't Say a Word (2001),Thriller
4815,Hearts in Atlantis (2001),Drama
4816,Zoolander (2001),Comedy
4821,Joy Ride (2001),Adventure|Thriller
4823,Serendipity (2001),Comedy|Romance
4844,Bandits (2001),Comedy|Crime|Romance
4846,Iron Monkey (Siu nin Wong Fei-hung ji: Tit Ma Lau) (1993),Action|Comedy
4848,Mulholland Drive (2001),Crime|Drama|Film-Noir|Mystery|Thriller
4849,My First Mister (2001),Comedy|Drama
4855,Dirty Harry (1971),Action|Crime|Thriller
4857,Fiddler on the Roof (1971),Drama|Musical
4865,From Hell (2001),Crime|Horror|Mystery|Thriller
4866,"Last Castle, The (2001)",Action
4867,Riding in Cars with Boys (2001),Comedy|Drama
4873,Waking Life (2001),Animation|Drama|Fantasy
4874,K-PAX (2001),Drama|Fantasy|Mystery|Sci-Fi
4876,Thirteen Ghosts (a.k.a. Thir13en Ghosts) (2001),Horror|Thriller
4878,Donnie Darko (2001),Drama|Mystery|Sci-Fi|Thriller
4881,"Man Who Wasn't There, The (2001)",Crime|Drama
4886,"Monsters, Inc. (2001)",Adventure|Animation|Children|Comedy|Fantasy
4887,"One, The (2001)",Action|Sci-Fi|Thriller
4889,Heist (2001),Crime|Drama
4890,Shallow Hal (2001),Comedy|Fantasy|Romance
4896,Harry Potter and the Sorcerer's Stone (a.k.a. Harry Potter and the Philosopher's Stone) (2001),Adventure|Children|Fantasy
4901,Spy Game (2001),Action|Crime|Drama|Thriller
4902,"Devil's Backbone, The (Espinazo del diablo, El) (2001)",Drama|Fantasy|Horror|Thriller|War
4903,In the Bedroom (2001),Drama
4912,Funny Girl (1968),Drama|Musical|Romance
4914,Breathless (À bout de souffle) (1960),Crime|Drama|Romance
4915,"Beastmaster, The (1982)",Action|Adventure|Fantasy
4927,"Last Wave, The (1977)",Fantasy|Mystery|Thriller
4930,Funeral in Berlin (1966),Action|Drama|Thriller
4936,Fame (1980),Drama|Musical
4939,"Final Countdown, The (1980)",Action|Sci-Fi
4941,Flash Gordon (1980),Action|Adventure|Sci-Fi
4944,Empire of the Ants (1977),Horror|Sci-Fi
4947,"Gauntlet, The (1977)",Action
4951,Lord of the Flies (1990),Adventure|Drama|Thriller
4954,Ocean's Eleven (a.k.a. Ocean's 11) (1960),Comedy|Crime
4956,"Stunt Man, The (1980)",Action|Adventure|Comedy|Drama|Romance|Thriller
4958,Behind Enemy Lines (2001),Action|Drama|War
4963,Ocean's Eleven (2001),Crime|Thriller
4966,"Incredible Shrinking Man, The (1957)",Sci-Fi|Thriller
4969,And Then There Were None (1945),Crime|Mystery
4971,Moscow on the Hudson (1984),Comedy|Drama
4973,"Amelie (Fabuleux destin d'Amélie Poulain, Le) (2001)",Comedy|Romance
4974,Not Another Teen Movie (2001),Comedy
4975,Vanilla Sky (2001),Mystery|Romance|Sci-Fi|Thriller
4976,Iris (2001),Drama
4977,Kandahar (Safar e Ghandehar) (2001),Drama
4978,Lantana (2001),Drama|Mystery|Thriller
4979,"Royal Tenenbaums, The (2001)",Comedy|Drama
4980,Bill & Ted's Bogus Journey (1991),Adventure|Comedy|Fantasy|Sci-Fi
4981,Clockwise (1986),Comedy
4986,Silent Rage (1982),Action|Sci-Fi
4989,How High (2001),Comedy
4990,Jimmy Neutron: Boy Genius (2001),Adventure|Animation|Children|Comedy
4992,Kate & Leopold (2001),Comedy|Romance
4993,"Lord of the Rings: The Fellowship of the Ring, The (2001)",Adventure|Fantasy
4994,"Majestic, The (2001)",Comedy|Drama|Romance
4995,"Beautiful Mind, A (2001)",Drama|Romance
4998,"Defiant Ones, The (1958)",Adventure|Crime|Drama|Thriller
5003,"Nine Lives of Fritz the Cat, The (1974)",Animation
5008,Witness for the Prosecution (1957),Drama|Mystery|Thriller
5009,Ali (2001),Drama
5010,Black Hawk Down (2001),Action|Drama|War
5011,Charlotte Gray (2001),Drama|Romance
5012,Yentl (1983),Drama|Musical|Romance
5013,Gosford Park (2001),Comedy|Drama|Mystery
5014,I Am Sam (2001),Drama
5015,Monster's Ball (2001),Drama|Romance
5026,"Brotherhood of the Wolf (Pacte des loups, Le) (2001)",Action|Mystery|Thriller
5027,Another 48 Hrs. (1990),Action|Comedy|Crime|Drama|Thriller
5034,"Truly, Madly, Deeply (1991)",Drama|Romance
5040,Conan the Destroyer (1984),Action|Adventure|Fantasy
5046,Impostor (2002),Action|Drama|Sci-Fi|Thriller
5047,Kung Pow: Enter the Fist (2002),Action|Comedy
5051,Italian for Beginners (Italiensk for begyndere) (2000),Comedy|Drama|Romance
5054,Brainstorm (1983),Sci-Fi|Thriller
5055,Dragon: The Bruce Lee Story (1993),Action|Drama
5060,M*A*S*H (a.k.a. MASH) (1970),Comedy|Drama|War
5064,The Count of Monte Cristo (2002),Action|Adventure|Drama|Thriller
5065,"Mothman Prophecies, The (2002)",Drama|Fantasy|Horror|Mystery|Thriller
5066,"Walk to Remember, A (2002)",Drama|Romance
5074,Storytelling (2001),Comedy|Drama
5080,Slackers (2002),Comedy
5092,Big Fat Liar (2002),Children|Comedy
5094,Rollerball (2002),Action|Sci-Fi
5096,Baby's Day Out (1994),Comedy
5102,Rookie of the Year (1993),Comedy|Fantasy
5103,"Sandlot, The (1993)",Children|Comedy|Drama
5106,Crossroads (2002),Comedy|Musical|Romance
5110,Super Troopers (2001),Comedy|Crime|Mystery
5112,Last Orders (2001),Drama
5114,"Bad and the Beautiful, The (1952)",Drama
5128,Queen of the Damned (2002),Fantasy|Horror
5130,Green Dragon (2001),Drama
5135,Monsoon Wedding (2001),Comedy|Romance
5140,"Bad News Bears Go to Japan, The (1978)",Comedy
5142,"Firemen's Ball, The (Horí, má panenko) (1967)",Comedy|Drama
5146,Vampire Hunter D: Bloodlust (Banpaia hantâ D) (2000),Animation|Fantasy|Horror|Sci-Fi
5151,40 Days and 40 Nights (2002),Comedy|Romance
5152,We Were Soldiers (2002),Action|Drama|War
5163,StageFright: Aquarius (1987),Horror|Thriller
5169,Scarlet Street (1945),Film-Noir
5171,"Time Machine, The (2002)",Action|Adventure|Sci-Fi
5200,"Man Who Saw Tomorrow, The (1980)",Documentary
5206,Mother's Day (1980),Comedy|Horror
5218,Ice Age (2002),Adventure|Animation|Children|Comedy
5219,Resident Evil (2002),Action|Horror|Sci-Fi|Thriller
5220,Showtime (2002),Action|Comedy
5222,Kissing Jessica Stein (2001),Comedy|Romance
5247,Smokey and the Bandit (1977),Action|Comedy
5248,Smokey and the Bandit III (1983),Action|Comedy
5254,Blade II (2002),Action|Horror|Thriller
5260,"Life is to Whistle (Vida es silbar, La) (1998)",Drama
5264,Clockstoppers (2002),Action|Adventure|Sci-Fi|Thriller
5266,Panic Room (2002),Thriller
5267,"Rookie, The (2002)",Drama
5282,High Crimes (2002),Thriller
5283,National Lampoon's Van Wilder (2002),Comedy
5291,Rashomon (Rashômon) (1950),Crime|Drama|Mystery
5292,Slap Shot (1977),Comedy
5294,Frailty (2001),Crime|Drama|Thriller
5296,"Sweetest Thing, The (2002)",Comedy|Romance
5298,Human Nature (2001),Comedy|Romance
5299,My Big Fat Greek Wedding (2002),Comedy|Romance
5303,Joe Versus the Volcano (1990),Comedy|Romance
5306,Return to Horror High (1987),Horror
5308,Three Men and a Baby (1987),Comedy
5309,Three Men and a Little Lady (1990),Comedy|Romance
5310,Transylvania 6-5000 (1985),Comedy|Horror
5311,"Watcher in the Woods, The (1980)",Children|Horror|Mystery|Thriller
5313,The Scorpion King (2002),Action|Adventure|Fantasy|Thriller
5315,Chelsea Walls (2001),Drama
5316,Enigma (2001),Romance|Thriller
5323,Jason X (2002),Horror|Sci-Fi|Thriller
5324,Life or Something Like It (2002),Comedy|Romance
5325,Dogtown and Z-Boyz (2001),Documentary
5337,Delirious (1991),Comedy
5339,Husbands and Wives (1992),Comedy|Drama
5349,Spider-Man (2002),Action|Adventure|Sci-Fi|Thriller
5363,"New Guy, The (2002)",Comedy
5364,Unfaithful (2002),Drama|Thriller
5365,"Lady and the Duke, The (Anglaise et le duc, L') (2001)",Drama|Romance
5377,About a Boy (2002),Comedy|Drama|Romance
5378,Star Wars: Episode II - Attack of the Clones (2002),Action|Adventure|Sci-Fi|IMAX
5379,"Believer, The (2001)",Drama
5380,"Importance of Being Earnest, The (2002)",Comedy|Drama|Romance
5381,"Charge of the Light Brigade, The (1968)",Drama|War
5386,"Pride and the Passion, The (1957)",Adventure|War
5388,Insomnia (2002),Action|Crime|Drama|Mystery|Thriller
5389,Spirit: Stallion of the Cimarron (2002),Adventure|Animation|Children|Western
5391,Thirteen Conversations About One Thing (a.k.a. 13 Conversations) (2001),Drama
5400,"Sum of All Fears, The (2002)",Drama|Thriller
5401,Undercover Brother (2002),Comedy
5417,"Fast Runner, The (Atanarjuat) (2001)",Drama|Fantasy
5418,"Bourne Identity, The (2002)",Action|Mystery|Thriller
5419,Scooby-Doo (2002),Adventure|Children|Comedy|Fantasy|Mystery
5420,Windtalkers (2002),Action|Drama|War
5422,"Emperor's New Clothes, The (2001)",Comedy
5435,Hombre (1967),Western
5440,She Wore a Yellow Ribbon (1949),Western
5443,Juwanna Mann (2002),Comedy
5444,Lilo & Stitch (2002),Adventure|Animation|Children|Sci-Fi
5445,Minority Report (2002),Action|Crime|Mystery|Sci-Fi|Thriller
5446,Rabbit-Proof Fence (2002),Adventure|Drama
5449,Mr. Deeds (2002),Comedy|Romance
5452,Look Who's Talking Now (1993),Children|Comedy|Romance
5459,Men in Black II (a.k.a. MIIB) (a.k.a. MIB 2) (2002),Action|Comedy|Sci-Fi
5464,Road to Perdition (2002),Crime|Drama
5465,All About Lily Chou-Chou (Riri Shushu no subete) (2001),Crime|Drama|Thriller
5475,Z (1969),Drama|Mystery|Thriller
5478,Eight Legged Freaks (2002),Action|Comedy|Horror|Sci-Fi
5479,K-19: The Widowmaker (2002),Action|Adventure|Drama|Thriller
5480,Stuart Little 2 (2002),Children|Comedy
5481,Austin Powers in Goldmember (2002),Comedy
5483,"Kid Stays in the Picture, The (2002)",Documentary
5485,Tadpole (2002),Comedy|Drama|Romance
5496,Ossessione (1943),Drama
5499,Robin and Marian (1976),Adventure|Drama|Romance
5500,Top Secret! (1984),Comedy
5501,"Master of Disguise, The (2002)",Comedy|Mystery
5502,Signs (2002),Horror|Sci-Fi|Thriller
5504,Spy Kids 2: The Island of Lost Dreams (2002),Adventure|Children
5505,"Good Girl, The (2002)",Comedy|Drama
5507,xXx (2002),Action|Crime|Thriller
5508,24 Hour Party People (2002),Comedy|Drama|Musical
5509,Biggie and Tupac (2002),Documentary
5519,Change of Habit (1969),Drama
5523,"Adventures of Pluto Nash, The (2002)",Action|Adventure|Comedy|Sci-Fi
5524,Blue Crush (2002),Adventure|Drama|Romance
5528,One Hour Photo (2002),Drama|Thriller
5530,Simone (S1m0ne) (2002),Comedy|Drama|Fantasy|Sci-Fi
5539,Care Bears Movie II: A New Generation (1986),Animation|Children
5540,Clash of the Titans (1981),Action|Adventure|Fantasy|Romance
5541,Hot Shots! (1991),Action|Comedy|Romance|War
5544,Time After Time (1979),Sci-Fi|Thriller
5553,Stakeout (1987),Comedy|Crime|Romance|Thriller
5555,Wolfen (1981),Horror
5568,Johnny Dangerously (1984),Comedy
5569,"Last House on the Left, The (1972)",Crime|Horror|Thriller
5573,Stealing Harvard (2002),Comedy|Crime
5574,"Transporter, The (2002)",Action|Crime
5577,Igby Goes Down (2002),Comedy|Drama
5582,Captain Ron (1992),Adventure|Comedy
5585,Ernest Scared Stupid (1991),Comedy
5587,"Hills Have Eyes Part II, The (1985)",Horror
5591,Monkey Trouble (1994),Children|Comedy
5593,No Way to Treat a Lady (1968),Crime|Drama|Thriller
5601,"Yearling, The (1946)",Children|Drama
5602,"Ladykillers, The (1955)",Comedy|Crime
5603,"Lavender Hill Mob, The (1951)",Comedy|Crime
5604,"Man in the White Suit, The (1951)",Comedy|Sci-Fi
5605,Ratcatcher (1999),Drama
5608,"Das Experiment (Experiment, The) (2001)",Drama|Thriller
5609,Ballistic: Ecks vs. Sever (2002),Action|Thriller
5611,"Four Feathers, The (2002)",Adventure|War
5612,Trapped (2002),Action|Thriller
5617,Secretary (2002),Comedy|Drama|Romance
5618,Spirited Away (Sen to Chihiro no kamikakushi) (2001),Adventure|Animation|Fantasy
5620,Sweet Home Alabama (2002),Comedy|Romance
5621,"Tuxedo, The (2002)",Action|Comedy
5630,Red Dragon (2002),Crime|Mystery|Thriller
5632,Bloody Sunday (2002),Drama
5642,"Onion Field, The (1979)",Drama
5644,"Pride of the Yankees, The (1942)",Drama
5651,"Incredible Mr. Limpet, The (1964)",Animation|Comedy|War
5653,Django (1966),Western
5669,Bowling for Columbine (2002),Documentary
5672,Pokemon 4 Ever (a.k.a. Pokémon 4: The Movie) (2002),Adventure|Animation|Children|Fantasy
5673,Punch-Drunk Love (2002),Comedy|Drama|Romance
5679,"Ring, The (2002)",Horror|Mystery|Thriller
5680,Auto Focus (2002),Crime|Drama
5686,Russian Ark (Russkiy Kovcheg) (2002),Drama|Fantasy|War
5690,Grave of the Fireflies (Hotaru no haka) (1988),Animation|Drama|War
5693,Saturday Night Fever (1977),Comedy|Drama|Romance
5707,Absence of Malice (1981),Drama|Romance
5712,Blow Out (1981),Mystery|Thriller
5735,Faces of Death (1978),Documentary|Horror
5739,Faces of Death 6 (1996),Documentary|Horror
5741,"Woman Next Door, The (Femme d'à côté, La) (1981)",Drama|Romance
5743,"Fort Apache, the Bronx (1981)",Action|Drama
5745,"Four Seasons, The (1981)",Comedy|Drama
5747,Gallipoli (1981),Drama|War
5754,"Hand, The (1981)",Drama|Horror
5765,"Looney, Looney, Looney Bugs Bunny Movie, The (1981)",Animation|Children|Comedy
5772,My Dinner with André (1981),Drama
5775,"Night the Lights Went Out in Georgia, The (1981)",Drama
5782,"Professional, The (Le professionnel) (1981)",Action|Drama|Thriller
5784,Ghost Ship (2002),Horror
5785,Jackass: The Movie (2002),Action|Comedy|Documentary
5792,Roger Dodger (2002),Comedy|Drama
5797,"Company of Wolves, The (1984)",Fantasy|Horror
5799,Exodus (1960),Drama|Romance|War
5801,"Russians Are Coming, the Russians Are Coming, The (1966)",Comedy|War
5803,I Spy (2002),Action|Adventure|Comedy|Crime
5804,"Santa Clause 2, The (2002)",Children|Comedy|Fantasy|Romance
5810,8 Mile (2002),Drama
5812,Far from Heaven (2002),Drama|Romance
5816,Harry Potter and the Chamber of Secrets (2002),Adventure|Fantasy
5823,Eyes of an Angel (1991),Drama
5833,Dog Soldiers (2002),Action|Horror
5836,Houseboat (1958),Comedy|Romance
5847,Ragtime (1981),Drama
5864,"Tarzan, the Ape Man (1981)",Adventure
5872,Die Another Day (2002),Action|Adventure|Thriller
5876,"Quiet American, The (2002)",Drama|Thriller|War
5878,Talk to Her (Hable con Ella) (2002),Drama|Romance
5881,Solaris (2002),Drama|Romance|Sci-Fi
5882,Treasure Planet (2002),Adventure|Animation|Children|Sci-Fi|IMAX
5890,Elling (2001),Comedy|Drama
5893,"Last Seduction, The (1994)",Crime|Drama|Thriller
5899,Zulu (1964),Action|Drama|War
5900,Analyze That (2002),Comedy|Crime
5902,Adaptation (2002),Comedy|Drama|Romance
5903,Equilibrium (2002),Action|Sci-Fi|Thriller
5941,Drumline (2002),Comedy|Drama|Musical|Romance
5943,Maid in Manhattan (2002),Comedy|Romance
5944,Star Trek: Nemesis (2002),Action|Drama|Sci-Fi|Thriller
5945,About Schmidt (2002),Comedy|Drama
5952,"Lord of the Rings: The Two Towers, The (2002)",Adventure|Fantasy
5954,25th Hour (2002),Crime|Drama
5955,Antwone Fisher (2002),Drama
5956,Gangs of New York (2002),Crime|Drama
5957,Two Weeks Notice (2002),Comedy|Romance
5958,"Wild Thornberrys Movie, The (2002)",Animation|Children|Comedy
5966,"Kiss Before Dying, A (1956)",Film-Noir|Mystery
5970,My Girl (1991),Comedy|Drama|Romance
5971,My Neighbor Totoro (Tonari no Totoro) (1988),Animation|Children|Drama|Fantasy
5988,Quicksilver (1986),Drama
5989,Catch Me If You Can (2002),Crime|Drama
5991,Chicago (2002),Comedy|Crime|Drama|Musical
5992,"Hours, The (2002)",Drama|Romance
5995,"Pianist, The (2002)",Drama|War
5996,Sonny (2002),Crime|Drama
6001,"King of Comedy, The (1983)",Comedy|Drama
6002,Love Liza (2002),Drama
6003,Confessions of a Dangerous Mind (2002),Comedy|Crime|Drama|Thriller
6006,Just Married (2003),Comedy|Romance
6013,Kangaroo Jack (2003),Action|Comedy
6014,National Security (2003),Action|Comedy
6016,City of God (Cidade de Deus) (2002),Action|Adventure|Crime|Drama|Thriller
6025,CB4 - The Movie (1993),Comedy
6027,Dogfight (1991),Drama|Romance
6031,Imitation of Life (1959),Drama|Romance
6039,"Woman in Red, The (1984)",Comedy|Romance
6056,Chaos (2001),Comedy|Crime|Drama
6059,"Recruit, The (2003)",Action|Thriller
6062,Lost in La Mancha (2002),Documentary
6063,May (2002),Drama|Horror
6070,Tokyo Decadence (Topâzu) (1992),Drama
6078,Firefox (1982),Action|Sci-Fi|Thriller
6093,"Last Unicorn, The (1982)",Animation|Children|Fantasy
6094,Liquid Sky (1982),Comedy|Sci-Fi
6095,Dragon Lord (a.k.a. Dragon Strike) (Long Xiao Ye) (1982),Action
6104,Monty Python Live at the Hollywood Bowl (1982),Comedy
6118,Blind Chance (Przypadek) (1981),Drama
6123,Sunless (Sans Soleil) (1983),Documentary
6155,How to Lose a Guy in 10 Days (2003),Comedy|Romance
6156,Shanghai Knights (2003),Action|Adventure|Comedy
6157,Daredevil (2003),Action|Crime
6162,Gerry (2002),Adventure|Drama
6163,He Loves Me... He Loves Me Not (À la folie... pas du tout) (2002),Romance|Thriller
6166,Dennis the Menace (1993),Comedy
6183,Pillow Talk (1959),Comedy|Musical|Romance
6186,Gods and Generals (2003),Action|Drama|War
6188,Old School (2003),Comedy
6196,Cradle 2 the Grave (2003),Action|Crime|Drama|Thriller
6197,Spider (2002),Drama|Mystery
6201,Lady Jane (1986),Drama|Romance
6205,Mr. North (1988),Comedy|Drama
6212,Bringing Down the House (2003),Comedy
6214,Irreversible (Irréversible) (2002),Crime|Drama|Mystery|Thriller
6218,Bend It Like Beckham (2002),Comedy|Drama|Romance
6220,Willard (2003),Drama|Horror|Thriller
6223,Spun (2001),Comedy|Crime|Drama
6228,"Talk of the Town, The (1942)",Comedy|Romance|Thriller
6230,Bang the Drum Slowly (1973),Drama
6235,Europa Europa (Hitlerjunge Salomon) (1990),Drama|War
6238,Green Card (1990),Comedy|Drama|Romance
6239,Journey to the Center of the Earth (1959),Adventure|Children|Sci-Fi
6250,Dreamcatcher (2003),Drama|Horror|Sci-Fi|Thriller
6254,"Awful Truth, The (1937)",Comedy|Romance
6263,Basic (2003),Drama|Thriller|War
6264,"Core, The (2003)",Action|Drama|Sci-Fi|Thriller
6271,Day for Night (La Nuit Américaine) (1973),Comedy|Drama|Romance
6279,"Good Thief, The (2002)",Crime|Drama
6281,Phone Booth (2002),Drama|Thriller
6283,Cowboy Bebop: The Movie (Cowboy Bebop: Tengoku no Tobira) (2001),Action|Animation|Sci-Fi|Thriller
6287,Anger Management (2003),Comedy
6290,House of 1000 Corpses (2003),Horror
6291,Lilya 4-Ever (Lilja 4-ever) (2002),Crime|Drama
6296,"Mighty Wind, A (2003)",Comedy|Musical
6297,Holes (2003),Adventure|Children|Comedy|Mystery
6300,Flickering Lights (Blinkende lygter) (2000),Action|Comedy|Crime
6301,Straw Dogs (1971),Drama|Thriller
6308,Legal Eagles (1986),Comedy|Crime|Romance
6310,Memories of Me (1988),Comedy|Drama
6316,"Wiz, The (1978)",Adventure|Children|Comedy|Fantasy|Musical
6323,Identity (2003),Crime|Horror|Mystery|Thriller
6331,Spellbound (2002),Documentary
6333,X2: X-Men United (2003),Action|Adventure|Sci-Fi|Thriller
6338,Daddy Day Care (2003),Children|Comedy
6348,Breakin' 2: Electric Boogaloo (1984),Musical
6349,Breakin' (1984),Drama|Musical
6350,Laputa: Castle in the Sky (Tenkû no shiro Rapyuta) (1986),Action|Adventure|Animation|Children|Fantasy|Sci-Fi
6356,Gunfight at the O.K. Corral (1957),Western
6365,"Matrix Reloaded, The (2003)",Action|Adventure|Sci-Fi|Thriller|IMAX
6367,Down with Love (2003),Comedy|Romance
6370,"Spanish Apartment, The (L'auberge espagnole) (2002)",Comedy|Drama|Romance
6371,Pokémon Heroes (2003),Animation|Children
6373,Bruce Almighty (2003),Comedy|Drama|Fantasy|Romance
6374,"In-Laws, The (2003)",Comedy
6377,Finding Nemo (2003),Adventure|Animation|Children|Comedy
6378,"Italian Job, The (2003)",Action|Crime
6379,Wrong Turn (2003),Horror|Thriller
6380,Capturing the Friedmans (2003),Documentary
6383,"2 Fast 2 Furious (Fast and the Furious 2, The) (2003)",Action|Crime|Thriller
6385,Whale Rider (2002),Drama
6401,Rio Lobo (1970),Adventure|Romance|War|Western
6410,Car Wash (1976),Comedy
6411,Come September (1961),Comedy
6413,"Electric Horseman, The (1979)",Comedy|Western
6426,"Far Country, The (1954)",Western
6428,Two Mules for Sister Sara (1970),Comedy|War|Western
6430,Ziggy Stardust and the Spiders from Mars (1973),Documentary|Musical
6433,"Man with the Movie Camera, The (Chelovek s kino-apparatom) (1929)",Documentary
6436,This Boy's Life (1993),Drama
6440,Barton Fink (1991),Drama|Thriller
6441,Battle of Britain (1969),War
6442,Belle époque (1992),Comedy|Romance
6453,Man of Aran (1934),Documentary
6461,"Unforgiven, The (1960)",Drama|Western
6464,Good Burger (1997),Children|Comedy
6473,Half Moon Street (1986),Drama|Thriller
6479,"Spirit of '76, The (1990)",Comedy|Sci-Fi
6482,Dumb and Dumberer: When Harry Met Lloyd (2003),Comedy
6485,Rugrats Go Wild! (2003),Adventure|Animation|Children|Comedy
6500,"Satanic Rites of Dracula, The (1974)",Horror
6502,28 Days Later (2002),Action|Horror|Sci-Fi
6503,Charlie's Angels: Full Throttle (2003),Action|Adventure|Comedy|Crime|Thriller
6517,"Babe, The (1992)",Drama
6534,Hulk (2003),Action|Adventure|Sci-Fi
6535,"Legally Blonde 2: Red, White & Blonde (2003)",Comedy
6537,Terminator 3: Rise of the Machines (2003),Action|Adventure|Sci-Fi
6538,Swimming Pool (2003),Drama|Mystery|Thriller
6539,Pirates of the Caribbean: The Curse of the Black Pearl (2003),Action|Adventure|Comedy|Fantasy
6541,"League of Extraordinary Gentlemen, The (a.k.a. LXG) (2003)",Action|Fantasy|Sci-Fi
6548,Bad Boys II (2003),Action|Comedy|Crime|Thriller
6550,Johnny English (2003),Action|Comedy|Thriller
6552,Dirty Pretty Things (2002),Crime|Drama|Thriller
6554,Garage Days (2002),Comedy|Musical
6561,"Mouse That Roared, The (1959)",Comedy|War
6564,Lara Croft Tomb Raider: The Cradle of Life (2003),Action|Adventure|Comedy|Romance|Thriller
6565,Seabiscuit (2003),Drama
6566,Spy Kids 3-D: Game Over (2003),Action|Adventure|Children
6581,"Private Life of Sherlock Holmes, The (1970)",Comedy|Drama|Mystery
6582,Remo Williams: The Adventure Begins (1985),Action|Comedy|Crime|Thriller
6586,American Wedding (American Pie 3) (2003),Comedy
6591,"Magdalene Sisters, The (2002)",Drama
6592,"Secret Lives of Dentists, The (2002)",Drama
6593,Freaky Friday (2003),Children|Comedy|Fantasy
6595,S.W.A.T. (2003),Action|Thriller
6602,Brain Damage (1988),Comedy|Horror
6609,"Gospel According to St. Matthew, The (Vangelo secondo Matteo, Il) (1964)",Drama
6610,"Honeymoon Killers, The (1970)",Crime|Thriller
6611,Umberto D. (1952),Drama
6612,Brother's Keeper (1992),Documentary
6619,Uptown Girls (2003),Comedy
6620,American Splendor (2003),Comedy|Drama
6628,Hot Dog... The Movie (1984),Comedy
6636,"Sure Thing, The (1985)",Comedy|Romance
6645,THX 1138 (1971),Action|Adventure|Drama|Sci-Fi
6659,Tremors (1990),Comedy|Horror|Sci-Fi
6660,"Red Shoes, The (1948)",Drama|Fantasy|Musical|Romance
6662,"Pink Panther, The (1963)",Comedy|Crime
6664,Commando (1985),Action|Adventure
6669,Ikiru (1952),Drama
6674,War and Peace (Jang Aur Aman) (2001),Documentary|War
6676,Incident at Oglala (1992),Documentary
6680,Live Nude Girls Unite! (2000),Documentary
6695,Jeepers Creepers 2 (2003),Horror|Thriller
6696,Bollywood/Hollywood (2002),Comedy|Drama|Musical|Romance
6699,Once Upon a Time in the Midlands (2002),Drama
6703,"Order, The (2003)",Horror|Mystery|Thriller
6708,Matchstick Men (2003),Comedy|Crime|Drama
6709,Once Upon a Time in Mexico (2003),Action|Adventure|Crime|Thriller
6711,Lost in Translation (2003),Comedy|Drama|Romance
6713,Millennium Actress (Sennen joyû) (2001),Animation|Drama|Romance
6721,Once Upon a Time in China (Wong Fei Hung) (1991),Action|Adventure|Drama
6722,Once Upon a Time in China II (Wong Fei-hung Ji Yi: Naam yi dong ji keung) (1992),Action|Romance
6724,Paper Moon (1973),Comedy|Crime|Drama
6725,Sgt. Pepper's Lonely Hearts Club Band (1978),Adventure|Musical
6731,Day of the Dead (1985),Horror|Sci-Fi|Thriller
6732,"Hello, Dolly! (1969)",Comedy|Musical|Romance
6743,Jungle Book (1942),Adventure|Fantasy
6746,Squirm (1976),Horror|Romance
6753,Secondhand Lions (2003),Children|Comedy|Drama
6754,Underworld (2003),Action|Fantasy|Horror
6755,Bubba Ho-tep (2002),Comedy|Horror
6756,Casa de los babys (2003),Drama
6763,Duplex (2003),Comedy|Crime
6764,"Rundown, The (2003)",Action|Adventure|Comedy
6769,Mambo Italiano (2003),Comedy
6770,My Life Without Me (2003),Drama|Romance
6772,To Be and to Have (Être et avoir) (2002),Documentary
6773,"Triplets of Belleville, The (Les triplettes de Belleville) (2003)",Animation|Comedy|Fantasy
6776,Lagaan: Once Upon a Time in India (2001),Comedy|Drama|Musical|Romance
6782,Leningrad Cowboys Go America (1989),Comedy|Musical
6783,"Rules of the Game, The (La règle du jeu) (1939)",Comedy|Drama
6785,Seven Brides for Seven Brothers (1954),Comedy|Musical|Romance|Western
6787,All the President's Men (1976),Drama|Thriller
6790,Avalon (2001),Drama|Fantasy|Sci-Fi
6791,Babette's Feast (Babettes gæstebud) (1987),Drama
6793,Beethoven (1992),Children|Comedy|Drama
6796,Boyz N the Hood (1991),Crime|Drama
6803,Phenomena (a.k.a. Creepers) (1985),Horror|Mystery|Thriller
6807,Monty Python's The Meaning of Life (1983),Comedy
6810,Sleeping with the Enemy (1991),Drama|Thriller
6811,PCU (1994),Comedy
6812,"Rookie, The (1990)",Action|Comedy|Thriller
6816,Three O'Clock High (1987),Comedy
6818,Come and See (Idi i smotri) (1985),Drama|War
6820,Ginger Snaps (2000),Drama|Horror|Thriller
6832,Regarding Henry (1991),Drama
6849,Scrooge (1970),Drama|Fantasy|Musical
6852,In Cold Blood (1967),Crime|Drama
6856,Yankee Doodle Dandy (1942),Drama|Musical
6857,Ninja Scroll (Jûbei ninpûchô) (1995),Action|Adventure|Animation|Fantasy
6858,Knife in the Water (Nóz w wodzie) (1962),Drama
6863,School of Rock (2003),Comedy|Musical
6867,"Station Agent, The (2003)",Comedy|Drama
6870,Mystic River (2003),Crime|Drama|Mystery
6872,"House of the Dead, The (2003)",Action|Horror
6873,Intolerable Cruelty (2003),Comedy|Romance
6874,Kill Bill: Vol. 1 (2003),Action|Crime|Thriller
6879,Runaway Jury (2003),Drama|Thriller
6880,"Texas Chainsaw Massacre, The (2003)",Horror
6887,Radio (2003),Drama
6888,Scary Movie 3 (2003),Comedy|Horror
6889,Brother Bear (2003),Adventure|Animation|Children
6893,"Italian Job, The (1969)",Action|Comedy|Crime
6897,Unconditional Love (2002),Comedy|Drama
6902,Interstate 60 (2002),Adventure|Comedy|Drama|Fantasy|Mystery|Sci-Fi|Thriller
6927,"Human Stain, The (2003)",Drama|Romance|Thriller
6932,Shattered Glass (2003),Crime|Drama
6934,"Matrix Revolutions, The (2003)",Action|Adventure|Sci-Fi|Thriller|IMAX
6936,Elf (2003),Children|Comedy|Fantasy
6942,Love Actually (2003),Comedy|Drama|Romance
6947,Master and Commander: The Far Side of the World (2003),Adventure|Drama|War
6951,"Cat in the Hat, The (2003)",Children|Comedy
6952,Gothika (2003),Horror|Thriller
6953,21 Grams (2003),Crime|Drama|Mystery|Romance|Thriller
6957,Bad Santa (2003),Comedy|Crime
6958,"Haunted Mansion, The (2003)",Children|Comedy|Fantasy|Horror
6959,Timeline (2003),Action|Adventure|Sci-Fi
6966,Darkman (1990),Action|Crime|Fantasy|Sci-Fi|Thriller
6970,Desk Set (1957),Comedy|Romance
6974,"Freshman, The (1990)",Comedy|Crime
6975,Funny Games (1997),Drama|Horror|Thriller
6979,WarGames (1983),Drama|Sci-Fi|Thriller
6984,"Tale of Two Cities, A (1935)",Drama
6985,"Passion of Joan of Arc, The (Passion de Jeanne d'Arc, La) (1928)",Drama
6987,"Cabinet of Dr. Caligari, The (Cabinet des Dr. Caligari., Das) (1920)",Crime|Fantasy|Horror
6988,Broken Blossoms or The Yellow Man and the Girl (1919),Drama|Romance
6992,Guarding Tess (1994),Comedy|Drama
6993,Hannah and Her Sisters (1986),Comedy|Drama|Romance
6996,Highlander II: The Quickening (1991),Action|Sci-Fi
6998,House of Cards (1993),Drama
7001,Invasion of the Body Snatchers (1978),Horror|Mystery|Sci-Fi|Thriller
7003,Kafka (1991),Comedy|Drama|Mystery|Sci-Fi|Thriller
7004,Kindergarten Cop (1990),Action|Comedy|Crime|Thriller
7007,"Last Boy Scout, The (1991)",Action|Comedy|Crime|Drama|Thriller
7009,Lorenzo's Oil (1992),Drama
7013,"Night of the Hunter, The (1955)",Drama|Film-Noir|Thriller
7015,Only the Lonely (1991),Comedy|Romance
7018,Presumed Innocent (1990),Crime|Drama|Thriller
7022,Battle Royale (Batoru rowaiaru) (2000),Action|Drama|Horror|Thriller
7024,"Salo, or The 120 Days of Sodom (Salò o le 120 giornate di Sodoma) (1976)",Drama
7027,Silverado (1985),Action|Western
7030,Radio Flyer (1992),Drama
7034,Show Me Love (Fucking Åmål) (1998),Drama|Romance
7035,Streets of Fire (1984),Action|Romance
7036,Teen Wolf (1985),Comedy|Fantasy
7043,Vivre sa vie: Film en douze tableaux (My Life to Live) (1962),Drama
7044,Wild at Heart (1990),Crime|Drama|Mystery|Romance|Thriller
7049,Flying Down to Rio (1933),Comedy|Musical|Romance
7056,"Public Enemy, The (1931)",Action|Crime|Drama
7060,Jesus Christ Superstar (1973),Drama|Musical
7061,Dark Victory (1939),Drama|Romance
7064,Beauty and the Beast (La belle et la bête) (1946),Drama|Fantasy
7065,"Birth of a Nation, The (1915)",Drama|War
7068,Last Year at Marienbad (L'Année dernière à Marienbad) (1961),Drama|Mystery|Romance
7073,"Shot in the Dark, A (1964)",Comedy|Crime|Mystery
7075,"Court Jester, The (1956)",Adventure|Comedy|Musical
7080,42nd Street (1933),Drama|Musical|Romance
7084,"Play It Again, Sam (1972)",Comedy|Romance
7087,"Passage to India, A (1984)",Adventure|Drama
7090,Hero (Ying xiong) (2002),Action|Adventure|Drama
7096,Rivers and Tides (2001),Documentary
7099,Nausicaä of the Valley of the Wind (Kaze no tani no Naushika) (1984),Adventure|Animation|Drama|Fantasy|Sci-Fi
7101,Doc Hollywood (1991),Comedy|Romance
7103,Madhouse (1990),Comedy
7104,1941 (1979),Comedy|War
7107,Foul Play (1978),Comedy|Thriller
7114,"Collector, The (1965)",Drama|Horror|Thriller
7123,Naked Lunch (1991),Drama|Fantasy|Mystery|Sci-Fi
7136,Stolen Kisses (Baisers volés) (1968),Comedy|Drama|Romance
7137,"Cooler, The (2003)",Comedy|Drama|Romance
7139,In America (2002),Drama|Romance
7143,"Last Samurai, The (2003)",Action|Adventure|Drama|War
7147,Big Fish (2003),Drama|Fantasy|Romance
7149,Something's Gotta Give (2003),Comedy|Drama|Romance
7151,Girl with a Pearl Earring (2003),Drama|Romance
7153,"Lord of the Rings: The Return of the King, The (2003)",Action|Adventure|Drama|Fantasy
7154,Mona Lisa Smile (2003),Drama|Romance
7156,"Fog of War: Eleven Lessons from the Life of Robert S. McNamara, The (2003)",Documentary|War
7158,House of Sand and Fog (2003),Drama
7160,Monster (2003),Crime|Drama
7161,Cheaper by the Dozen (2003),Children|Comedy
7163,Paycheck (2003),Action|Sci-Fi|Thriller
7164,Peter Pan (2003),Action|Adventure|Children|Fantasy
7165,"Company, The (2003)",Drama|Musical
7169,Chasing Liberty (2004),Comedy|Romance
7171,Aileen: Life and Death of a Serial Killer (2003),Documentary
7173,Along Came Polly (2004),Comedy|Romance
7175,Torque (2004),Action|Crime
7178,"Great Gatsby, The (1974)",Drama
7199,Melvin Goes to Dinner (2003),Comedy|Drama
7202,Beyond Re-Animator (2003),Horror
7203,Final Cut (1998),Drama
7206,Mon Oncle (My Uncle) (1958),Comedy
7215,To Have and Have Not (1944),Adventure|Drama|Romance|Thriller|War
7218,"Ox-Bow Incident, The (1943)",Drama|Western
7222,Reefer Madness (a.k.a. Tell Your Children) (1938),Comedy|Drama
7235,Ichi the Killer (Koroshiya 1) (2001),Action|Comedy|Crime|Drama|Horror|Thriller
7241,Kanal (1957),Drama|War
7254,The Butterfly Effect (2004),Drama|Sci-Fi|Thriller
7255,Win a Date with Tad Hamilton! (2004),Comedy|Romance
7263,Miracle (2004),Drama
7265,"Dreamers, The (2003)",Drama
7272,Super Fly (Superfly) (1972),Action|Crime|Drama
7276,Hell's Kitchen (1998),Drama
7280,Blacula (1972),Horror
7285,Thirteen (2003),Drama
7293,50 First Dates (2004),Comedy|Romance
7294,Welcome to Mooseport (2004),Comedy
7300,Vanishing Point (1971),Action|Drama
7311,"Goodbye, Mr. Chips (1939)",Drama|Romance
7317,EuroTrip (2004),Adventure|Comedy
7318,"Passion of the Christ, The (2004)",Drama
7319,Club Dread (2004),Comedy|Horror
7323,"Good bye, Lenin! (2003)",Comedy|Drama
7324,Hidalgo (2004),Adventure|Drama
7325,Starsky & Hutch (2004),Action|Comedy|Crime|Thriller
7334,"Front, The (1976)",Comedy|Drama
7346,"Girl Next Door, The (2004)",Comedy|Romance
7347,Secret Window (2004),Mystery|Thriller
7348,Spartan (2004),Thriller
7352,Wilbur Wants to Kill Himself (2002),Comedy|Drama|Romance
7355,Mr. Toad's Wild Ride (a.k.a. The Wind in the Willows) (1996),Adventure|Animation|Comedy
7360,Dawn of the Dead (2004),Action|Drama|Horror|Thriller
7361,Eternal Sunshine of the Spotless Mind (2004),Drama|Romance|Sci-Fi
7362,Taking Lives (2004),Crime|Drama|Thriller
7365,Noi the Albino (Nói albinói) (2003),Drama
7366,Jersey Girl (2004),Comedy|Drama|Romance
7367,"Ladykillers, The (2004)",Comedy|Crime
7371,Dogville (2003),Drama|Mystery|Thriller
7373,Hellboy (2004),Action|Adventure|Fantasy|Horror
7379,The Alamo (2004),Drama|War|Western
7380,Ella Enchanted (2004),Comedy|Fantasy|Romance
7381,"Whole Ten Yards, The (2004)",Action|Comedy|Crime
7386,"Ten Commandments, The (1956)",Adventure|Drama
7387,Dawn of the Dead (1978),Action|Drama|Horror
7395,Cheaper by the Dozen (1950),Comedy|Drama
7396,Scenes From a Marriage (Scener ur ett äktenskap) (1973),Drama
7419,After Hours (1985),Comedy|Thriller
7438,Kill Bill: Vol. 2 (2004),Action|Drama|Thriller
7439,"Punisher, The (2004)",Action|Crime|Thriller
7444,13 Going on 30 (2004),Comedy|Fantasy|Romance
7445,Man on Fire (2004),Action|Crime|Drama|Mystery|Thriller
7448,Envy (2004),Comedy
7451,Mean Girls (2004),Comedy
7454,Van Helsing (2004),Action|Adventure|Fantasy|Horror
7458,Troy (2004),Action|Adventure|Drama|War
7477,Eye See You (D-Tox) (2002),Horror|Thriller
7482,Enter the Dragon (1973),Action|Crime
7487,Henry & June (1990),Drama
7489,"Nasty Girl, The (schreckliche Mädchen, Das) (1990)",Comedy|Drama
7560,Fail-Safe (1964),Drama|Thriller|War
7566,28 Up (1985),Documentary
7569,You Only Live Twice (1967),Action|Adventure|Sci-Fi|Thriller
7570,Octopussy (1983),Action|Adventure|Thriller
7573,Never Say Never Again (1983),Action|Adventure|Thriller
7617,Rooster Cogburn (1975),Comedy|Western
7618,Chaplin (1992),Drama
7626,Switch (1991),Comedy|Crime|Fantasy
7636,Raising Cain (1992),Horror|Thriller
7646,Rose Red (2002),Horror|Mystery|Thriller
7647,Noises Off... (1992),Comedy
7669,Pride and Prejudice (1995),Drama|Romance
7698,"China Syndrome, The (1979)",Drama|Thriller
7700,"Wages of Fear, The (Salaire de la peur, Le) (1953)",Action|Adventure|Drama|Thriller
7701,Look Who's Talking Too (1990),Comedy|Romance
7724,Steel Dawn (1987),Action|Sci-Fi
7725,On Deadly Ground (1994),Action|Adventure|Thriller
7766,Throne of Blood (Kumonosu jô) (1957),Action|Drama|Thriller|War
7773,"Bang, Bang, You're Dead (2002)",Drama
7782,Sniper (1993),Action|Drama
7791,Internal Affairs (1990),Crime|Thriller
7792,"Parallax View, The (1974)",Thriller
7802,"Warriors, The (1979)",Action|Adventure|Crime|Thriller
7827,Cypher (2002),Action|Sci-Fi|Thriller
7833,Shadow of the Thin Man (1941),Comedy|Crime|Mystery
7834,After the Thin Man (1936),Comedy|Crime|Mystery|Romance
7896,Ride the High Country (1962),Adventure|Drama|Western
7918,"Indian Runner, The (1991)",Drama
7919,Drunken Angel (Yoidore tenshi) (1948),Drama|Film-Noir
7924,Stray Dog (Nora inu) (1949),Drama|Film-Noir|Thriller
7934,Zelig (1983),Comedy
7937,"Silence, The (Tystnaden) (1963)",Drama
7981,Infernal Affairs (Mou gaan dou) (2002),Crime|Drama|Thriller
7982,"Tale of Two Sisters, A (Janghwa, Hongryeon) (2003)",Drama|Horror|Mystery|Thriller
8012,Kikujiro (Kikujirô no natsu) (1999),Comedy|Drama
8013,I'm with Lucy (2002),Comedy|Romance
8014,"Spring, Summer, Fall, Winter... and Spring (Bom yeoreum gaeul gyeoul geurigo bom) (2003)",Drama
8042,Mean Streets (1973),Crime|Drama
8092,Frankenstein Unbound (1990),Drama|Horror|Sci-Fi
8094,Bad Day at Black Rock (1955),Drama|Thriller|Western
8117,In China They Eat Dogs (I Kina spiser de hunde) (1999),Action|Comedy
8119,Crossroads (1986),Drama
8132,Gladiator (1992),Action|Drama
8139,Deranged (1974),Horror|Thriller
8147,Charly (1968),Drama|Sci-Fi
8154,"Dolce Vita, La (1960)",Drama
8167,Captain Blood (1935),Action|Adventure|Romance
8183,Educating Rita (1983),Comedy|Drama
8194,Baby Doll (1956),Drama
8197,Hiroshima Mon Amour (1959),Drama|Romance|War
8207,"Day of the Jackal, The (1973)",Crime|Thriller
8225,Night of the Living Dead (1990),Horror
8253,Lupin III: The Castle Of Cagliostro (Rupan sansei: Kariosutoro no shiro) (1979),Action|Adventure|Animation|Comedy|Crime|Mystery
8254,Arizona Dream (1993),Comedy|Drama|Fantasy|Romance
8257,Battleground (1949),Action|Drama|War
8259,Hooper (1978),Action|Comedy
8264,Grey Gardens (1975),Documentary
8268,Point of No Return (1993),Action|Thriller
8270,"Hairdresser's Husband, The (Le mari de la coiffeuse) (1990)",Comedy|Drama|Romance
8337,"Caine Mutiny, The (1954)",Drama|War
8340,Escape from Alcatraz (1979),Drama|Thriller
8360,Shrek 2 (2004),Adventure|Animation|Children|Comedy|Musical|Romance
8361,"Day After Tomorrow, The (2004)",Action|Adventure|Drama|Sci-Fi|Thriller
8366,Saved! (2004),Comedy|Drama
8368,Harry Potter and the Prisoner of Azkaban (2004),Adventure|Fantasy|IMAX
8371,"Chronicles of Riddick, The (2004)",Action|Sci-Fi|Thriller
8372,Garfield: The Movie (2004),Animation|Children|Comedy
8373,"Stepford Wives, The (2004)",Comedy|Fantasy|Thriller
8376,Napoleon Dynamite (2004),Comedy
8379,"Dresser, The (1983)",Drama
8403,Helen of Troy (1956),Action|Adventure|Drama|Romance|War
8404,"Hound of the Baskervilles, The (1939)",Crime|Mystery|Thriller
8426,Robot Carnival (Roboto kânibauru) (1987),Animation|Comedy|Drama|Fantasy|Sci-Fi
8459,"Heiress, The (1949)",Drama|Romance
8462,Executive Suite (1954),Drama
8464,Super Size Me (2004),Comedy|Documentary|Drama
8493,Memphis Belle (1990),Action|Drama|War
8496,"Panic in Needle Park, The (1971)",Drama|Romance
8501,"Hitcher, The (1986)",Action|Thriller
8528,Dodgeball: A True Underdog Story (2004),Comedy
8529,"Terminal, The (2004)",Comedy|Drama|Romance
8531,White Chicks (2004),Action|Comedy|Crime
8533,"Notebook, The (2004)",Drama|Romance
8542,"Day at the Races, A (1937)",Comedy|Musical
8573,Reconstruction (2003),Drama|Romance
8589,Winter War (Talvisota) (1989),Drama|War
8604,Taxi (1998),Action|Comedy
8607,Tokyo Godfathers (2003),Adventure|Animation|Drama
8609,Our Hospitality (1923),Comedy
8610,All of Me (1984),Comedy|Fantasy
8620,"Exterminating Angel, The (Ángel exterminador, El) (1962)",Comedy|Drama|Fantasy|Mystery
8622,Fahrenheit 9/11 (2004),Documentary
8623,Roxanne (1987),Comedy|Romance
8633,"Last Starfighter, The (1984)",Action|Adventure|Comedy|Sci-Fi
8636,Spider-Man 2 (2004),Action|Adventure|Sci-Fi|IMAX
8638,Before Sunset (2004),Drama|Romance
8641,Anchorman: The Legend of Ron Burgundy (2004),Comedy
8644,"I, Robot (2004)",Action|Adventure|Sci-Fi|Thriller
8645,"Maria Full of Grace (Maria, Llena eres de gracia) (2004)",Crime|Drama
8651,Man of La Mancha (1972),Adventure|Comedy|Musical
8659,Brief Crossing (Brève traversée) (2001),Comedy|Drama|Romance
8665,"Bourne Supremacy, The (2004)",Action|Crime|Thriller
8684,"Man Escaped, A (Un  condamné à mort s'est échappé ou Le vent souffle où il veut) (1956)",Adventure|Drama
8689,"Shock to the System, A (1990)",Comedy|Crime|Thriller
8712,My Favorite Wife (1940),Comedy|Romance
8729,Swann in Love (Un amour de Swann) (1984),Drama
8767,"Big Clock, The (1948)",Crime|Film-Noir|Thriller
8774,Sherlock Holmes: The Woman in Green (1945),Mystery
8780,"Assassination Bureau, The (1969)",Action|Adventure|Comedy|Crime|Sci-Fi
8781,"Manchurian Candidate, The (2004)",Thriller
8783,"Village, The (2004)",Drama|Mystery|Thriller
8784,Garden State (2004),Comedy|Drama|Romance
8793,PTU (2003),Crime|Drama
8798,Collateral (2004),Action|Crime|Drama|Thriller
8807,Harold and Kumar Go to White Castle (2004),Adventure|Comedy
8810,AVP: Alien vs. Predator (2004),Action|Horror|Sci-Fi|Thriller
8814,Without a Paddle (2004),Comedy
8815,Exorcist: The Beginning (2004),Horror|Thriller
8827,"Bill Cosby, Himself (1983)",Comedy|Documentary
8831,Suspect Zero (2004),Crime|Thriller
8836,Wicker Park (2004),Drama|Romance|Thriller
8838,Alice Doesn't Live Here Anymore (1974),Drama|Romance
8860,Cellular (2004),Action|Crime|Drama|Mystery|Thriller
8861,Resident Evil: Apocalypse (2004),Action|Horror|Sci-Fi|Thriller
8864,Mr. 3000 (2004),Comedy|Drama
8865,Sky Captain and the World of Tomorrow (2004),Action|Adventure|Sci-Fi
8866,Wimbledon (2004),Comedy|Romance
8868,Head in the Clouds (2004),Drama|Romance|War
8873,"Motorcycle Diaries, The (Diarios de motocicleta) (2004)",Adventure|Drama
8874,Shaun of the Dead (2004),Comedy|Horror
8879,Murder on the Orient Express (1974),Crime|Mystery|Thriller
8885,"Sentinel, The (1977)",Drama|Horror|Mystery|Thriller
8906,Cannibal Holocaust (1980),Horror
8907,Shark Tale (2004),Animation|Children|Comedy
8910,I Heart Huckabees (2004),Comedy
8914,Primer (2004),Drama|Sci-Fi
8916,Shall We Dance? (2004),Comedy|Romance
8917,Team America: World Police (2004),Action|Adventure|Animation|Comedy
8923,Tess (1979),Drama|Romance
8935,All I Want for Christmas (1991),Children|Comedy|Romance
8937,Friday Night Lights (2004),Action|Drama
8946,Surviving Christmas (2004),Comedy
8947,"Grudge, The (2004)",Horror|Mystery|Thriller
8948,Alfie (2004),Comedy|Drama|Romance
8949,Sideways (2004),Comedy|Drama|Romance
8950,The Machinist (2004),Drama|Mystery|Thriller
8951,Vera Drake (2004),Drama
8956,Enduring Love (2004),Drama
8957,Saw (2004),Horror|Mystery|Thriller
8958,Ray (2004),Drama
8961,"Incredibles, The (2004)",Action|Adventure|Animation|Children|Comedy
8965,"Polar Express, The (2004)",Adventure|Animation|Children|Fantasy|IMAX
8968,After the Sunset (2004),Action|Adventure|Comedy|Crime|Thriller
8969,Bridget Jones: The Edge of Reason (2004),Comedy|Drama|Romance
8970,Finding Neverland (2004),Drama
8972,National Treasure (2004),Action|Adventure|Drama|Mystery|Thriller
8974,"SpongeBob SquarePants Movie, The (2004)",Adventure|Animation|Children|Comedy
8981,Closer (2004),Drama|Romance
8983,House of Flying Daggers (Shi mian mai fu) (2004),Action|Drama|Romance
8984,Ocean's Twelve (2004),Action|Comedy|Crime|Thriller
8985,Blade: Trinity (2004),Action|Fantasy|Horror|Thriller
8988,Cinderfella (1960),Comedy
9004,D.A.R.Y.L. (1985),Adventure|Children|Sci-Fi
25738,"Last of the Mohicans, The (1920)",Adventure|Drama
25759,October (1928),Drama|War
25764,"Cameraman, The (1928)",Comedy|Drama|Romance
25771,"Andalusian Dog, An (Chien andalou, Un) (1929)",Fantasy
25773,Little Caesar (1931),Crime|Drama
25788,Scarface (1932),Crime|Drama
25801,She Done Him Wrong (1933),Comedy|Romance
25852,Gaslight (1940),Mystery|Thriller
25899,Cover Girl (1944),Comedy|Musical
25923,Great Expectations (1946),Drama
25947,Unfaithfully Yours (1948),Comedy
25951,In the Good Old Summertime (1949),Musical
25993,Magnificent Obsession (1954),Drama|Romance
26000,"Cobweb, The (1955)",Drama
26084,"Music Man, The (1962)",Children|Comedy|Musical|Romance
26101,McLintock! (1963),Comedy|Western
26122,Onibaba (1964),Drama|Horror|War
26136,"Hallelujah Trail, The (1965)",Comedy|Western
26144,Operation Crossbow (1965),Action|Adventure|War
26150,Andrei Rublev (Andrey Rublyov) (1969),Drama|War
26163,Don't Look Back (1967),Documentary|Musical
26242,Duel (1971),Action|Mystery|Thriller
26247,Lawman (1971),Western
26269,Lone Wolf and Cub: Sword of Vengeance (Kozure Ôkami: Kowokashi udekashi tsukamatsuru) (1972),Action|Crime
26289,Emperor of the North (Emperor of the North Pole) (1973),Action|Drama|Thriller
26299,Phase IV (1974),Horror|Sci-Fi|Thriller
26306,Theatre of Blood (1973),Comedy|Horror|Mystery
26350,"Passenger, The (Professione: reporter) (1975)",Drama
26371,The Missouri Breaks (1976),Drama|Western
26399,Five Deadly Venoms (1978),Action
26463,Barefoot Gen (Hadashi no Gen) (1983),Animation|Drama|War
26513,"Ice Pirates, The (1984)",Action|Adventure|Comedy|Sci-Fi
26554,"Quiet Earth, The (1985)",Drama|Mystery|Sci-Fi
26565,Asterix in Britain (Astérix chez les Bretons) (1986),Adventure|Animation|Children|Comedy
26662,Kiki's Delivery Service (Majo no takkyûbin) (1989),Adventure|Animation|Children|Drama|Fantasy
26680,Cry-Baby (1990),Comedy|Musical|Romance
26691,I Hired a Contract Killer (1990),Comedy|Drama
26694,Ju Dou (1990),Drama
26695,"Krays, The (1990)",Drama
26712,35 Up (1991),Documentary
26713,Days of Being Wild (A Fei jingjyuhn) (1990),Drama|Romance
26737,Light Sleeper (1992),Crime|Drama
26750,Quigley Down Under (1990),Adventure|Drama|Western
26776,Porco Rosso (Crimson Pig) (Kurenai no buta) (1992),Adventure|Animation|Comedy|Fantasy|Romance
26865,Fist of Legend (Jing wu ying xiong) (1994),Action|Drama
26914,Trinity and Beyond (1995),Documentary
26938,"Hunters, The (Jägarna) (1996)",Crime|Thriller
26985,Nirvana (1997),Action|Sci-Fi
26991,Postman Blues (1997),Action|Comedy|Crime|Drama
27087,The Sinners of Hell (1960),Drama|Horror
27094,Flowers of Shanghai (1998),Drama
27109,Lady Snowblood (Shurayukihime) (1973),Action|Crime|Drama|Thriller
27124,Bleeder (1999),Drama|Thriller
27180,Joan of Arc (1999),Adventure|Drama
27186,Kirikou and the Sorceress (Kirikou et la sorcière) (1998),Adventure|Animation|Children|Fantasy
27193,Taxi 2 (2000),Action|Comedy
27216,Katsastus (1988),Comedy|Drama
27266,2046 (2004),Drama|Fantasy|Romance|Sci-Fi
27271,Taboo (Gohatto) (1999),Drama
27317,Audition (Ôdishon) (1999),Drama|Horror|Mystery|Romance|Thriller
27368,Asterix & Obelix: Mission Cleopatra (Astérix & Obélix: Mission Cléopâtre) (2002),Adventure|Comedy|Fantasy
27369,Daria: Is It Fall Yet? (2000),Animation|Comedy
27376,"Tunnel, The (Tunnel, Der) (2001)",Action|Drama|Thriller
27397,Joint Security Area (Gongdong gyeongbi guyeok JSA) (2000),Crime|Drama|Mystery|Thriller|War
27402,Dagon (2001),Fantasy|Horror|Mystery|Thriller
27432,"Beautiful Country, The (2004)",Drama
27469,Millennium Mambo (2001),Drama|Romance
27530,My Wife Is a Gangster (Jopog manura) (2001),Action|Comedy|Romance
27592,Sympathy for Mr. Vengeance (Boksuneun naui geot) (2002),Crime|Drama
27636,Herr Lehmann (2003),Comedy|Drama
27641,Upswing (Nousukausi) (2003),Comedy|Drama
27660,"Animatrix, The (2003)",Action|Animation|Drama|Sci-Fi
27664,"Brown Bunny, The (2003)",Drama
27704,Battle Royale 2: Requiem (Batoru rowaiaru II: Chinkonka) (2003),Action|Drama|Thriller|War
27706,Lemony Snicket's A Series of Unfortunate Events (2004),Adventure|Children|Comedy|Fantasy
27711,Naked Weapon (Chek law dak gung) (2002),Action|Drama|Romance|Thriller
27716,"Green Butchers, The (Grønne slagtere, De) (2003)",Comedy|Crime|Drama|Romance
27721,"Very Long Engagement, A (Un long dimanche de fiançailles) (2004)",Drama|Mystery|Romance|War
27722,Last Life in the Universe (Ruang rak noi nid mahasan) (2003),Drama|Romance
27727,Head-On (Gegen die Wand) (2004),Drama|Romance
27728,Ghost in the Shell 2: Innocence (a.k.a. Innocence) (Inosensu) (2004),Action|Animation|Drama|Sci-Fi|Thriller
27773,Old Boy (2003),Mystery|Thriller
27788,"Jacket, The (2005)",Drama|Mystery|Sci-Fi|Thriller
27801,Ong-Bak: The Thai Warrior (Ong Bak) (2003),Action|Thriller
27808,Spanglish (2004),Comedy|Drama|Romance
27815,"Chorus, The (Choristes, Les) (2004)",Drama
27821,"Interpreter, The (2005)",Drama|Thriller
27822,Open Water (2003),Drama|Thriller
27831,Layer Cake (2004),Crime|Drama|Thriller
27834,"Return, The (Vozvrashcheniye) (2003)",Drama
27839,"Ring Two, The (2005)",Drama|Horror|Mystery|Thriller
27843,Machuca (2004),Drama
27864,She Hate Me (2004),Comedy|Drama
27878,Born into Brothels (2004),Documentary
27879,DiG! (2004),Documentary
27899,What the #$*! Do We Know!? (a.k.a. What the Bleep Do We Know!?) (2004),Comedy|Documentary|Drama
27904,"Scanner Darkly, A (2006)",Animation|Drama|Mystery|Sci-Fi|Thriller
27905,Casshern (2004),Action|Drama|Fantasy|Sci-Fi
27922,Jerry Seinfeld: 'I'm Telling You for the Last Time' (1998),Comedy|Documentary
30707,Million Dollar Baby (2004),Drama
30749,Hotel Rwanda (2004),Drama|War
30793,Charlie and the Chocolate Factory (2005),Adventure|Children|Comedy|Fantasy|IMAX
30803,3-Iron (Bin-jip) (2004),Drama|Romance
30810,"Life Aquatic with Steve Zissou, The (2004)",Adventure|Comedy|Fantasy
30812,"Aviator, The (2004)",Drama
30820,"Woodsman, The (2004)",Drama
30825,Meet the Fockers (2004),Comedy
30848,"Love Song for Bobby Long, A (2004)",Drama
30883,Fat Albert (2004),Comedy|Fantasy
30892,In the Realms of the Unreal (2004),Animation|Documentary
30894,White Noise (2005),Drama|Horror|Mystery|Sci-Fi|Thriller
30905,Bomb the System (2002),Action|Drama
31026,"Phantom of the Opera, The (1989)",Drama|Horror|Musical
31123,Ruby & Quentin (Tais-toi!) (2003),Comedy|Crime
31148,Day of the Wacko (Dzien swira) (2002),Comedy|Drama
31184,Appleseed (Appurushîdo) (2004),Action|Animation|Fantasy|Sci-Fi
31221,Elektra (2005),Action|Adventure|Crime|Drama
31225,Coach Carter (2005),Drama
31255,Ice Station Zebra (1968),Action|Thriller
31364,Memories of Murder (Salinui chueok) (2003),Crime|Drama|Mystery|Thriller
31410,"Downfall (Untergang, Der) (2004)",Drama|War
31420,Assault on Precinct 13 (2005),Action|Crime|Drama|Thriller
31422,Are We There Yet? (2005),Children|Comedy
31424,Alone in the Dark (2005),Action|Horror|Sci-Fi|Thriller
31435,Rory O'Shea Was Here (Inside I'm Dancing) (2004),Drama
31437,Nobody Knows (Dare mo shiranai) (2004),Drama
31502,Salem's Lot (1979),Drama|Horror|Mystery|Thriller
31547,Lessons of Darkness (Lektionen in Finsternis) (1992),Documentary|War
31658,Howl's Moving Castle (Hauru no ugoku shiro) (2004),Adventure|Animation|Fantasy|Romance
31685,Hitch (2005),Comedy|Romance
31687,Pooh's Heffalump Movie (2005),Animation|Children
31696,Constantine (2005),Action|Fantasy|Horror|Thriller
31698,Son of the Mask (2005),Adventure|Children|Comedy|Fantasy
31804,Night Watch (Nochnoy dozor) (2004),Action|Fantasy|Horror|Mystery|Sci-Fi|Thriller
31878,Kung Fu Hustle (Gong fu) (2004),Action|Comedy
32019,Be Cool (2005),Comedy|Crime|Musical
32029,Hostage (2005),Action|Crime|Drama|Thriller
32031,Robots (2005),Adventure|Animation|Children|Comedy|Fantasy|Sci-Fi|IMAX
32263,Vares: Private Eye (Vares - Yksityisetsivä) (2004),Action|Comedy|Crime|Thriller
32289,Ice Princess (2005),Children|Comedy|Drama
32296,Miss Congeniality 2: Armed and Fabulous (2005),Adventure|Comedy|Crime
32369,Panic in the Streets (1950),Crime|Drama|Film-Noir|Thriller
32469,We're No Angels (1955),Comedy|Crime|Drama
32587,Sin City (2005),Action|Crime|Film-Noir|Mystery|Thriller
32591,Look at Me (Comme une image) (2004),Comedy|Drama|Romance
32596,Sahara (2005),Action|Adventure|Comedy
32598,Fever Pitch (2005),Comedy|Romance
32632,Electra Glide in Blue (1973),Action|Crime
32724,Ghosts... of the Civil Dead (1988),Crime|Drama
32737,Age of Consent (1969),Comedy|Drama|Romance
32853,"Sorrow and the Pity, The (Le chagrin et la pitié) (1969)",Documentary|War
32875,Holiday (Jour de fête) (1949),Comedy
32898,"Trip to the Moon, A (Voyage dans la lune, Le) (1902)",Action|Adventure|Fantasy|Sci-Fi
33004,"Hitchhiker's Guide to the Galaxy, The (2005)",Adventure|Comedy|Sci-Fi
33136,House of D (2004),Drama
33154,Enron: The Smartest Guys in the Room (2005),Documentary
33158,xXx: State of the Union (2005),Action|Crime|Thriller
33162,Kingdom of Heaven (2005),Action|Drama|Romance|War
33164,House of Wax (2005),Horror|Thriller
33166,Crash (2004),Crime|Drama
33171,Mysterious Skin (2004),Drama|Mystery
33237,San Francisco (1936),Drama|Musical|Romance
33437,Unleashed (Danny the Dog) (2005),Action|Crime|Drama|Thriller
33493,Star Wars: Episode III - Revenge of the Sith (2005),Action|Adventure|Sci-Fi
33495,Kicking & Screaming (2005),Comedy
33564,Divorce - Italian Style (Divorzio all'italiana) (1961),Comedy
33615,Madagascar (2005),Adventure|Animation|Children|Comedy
33639,Mad Hot Ballroom (2005),Children|Documentary
33646,"Longest Yard, The (2005)",Comedy|Drama
33660,Cinderella Man (2005),Drama|Romance
33669,"Sisterhood of the Traveling Pants, The (2005)",Adventure|Comedy|Drama
33679,Mr. & Mrs. Smith (2005),Action|Adventure|Comedy|Romance
33725,It's All Gone Pete Tong (2004),Comedy|Drama|Musical
33750,Innocent Voices (Voces inocentes) (2004),Drama|War
33779,Eddie Izzard: Dress to Kill (1999),Comedy
33794,Batman Begins (2005),Action|Crime|IMAX
33817,My Summer of Love (2004),Drama|Romance
33834,Land of the Dead (2005),Action|Horror|Thriller
33836,Bewitched (2005),Comedy|Fantasy|Romance
33861,Danger: Diabolik (Diabolik) (1968),Action|Crime|Thriller
33880,Me and You and Everyone We Know (2005),Comedy|Drama
34002,Room Service (1938),Comedy
34048,War of the Worlds (2005),Action|Adventure|Sci-Fi|Thriller
34072,"March of the Penguins (Marche de l'empereur, La) (2005)",Documentary
34129,Rebound (2005),Comedy
34148,"Beat That My Heart Skipped, The (battre mon coeur s'est arrêté, De) (2005)",Drama
34150,Fantastic Four (2005),Action|Adventure|Sci-Fi
34153,Murderball (2005),Documentary
34162,Wedding Crashers (2005),Comedy|Romance
34164,Happy Endings (2005),Comedy|Drama
34271,Hustle & Flow (2005),Crime|Drama
34314,Funny Ha Ha (2002),Comedy|Drama
34319,"Island, The (2005)",Action|Sci-Fi|Thriller
34332,Sky High (2005),Action|Adventure|Children|Comedy
34336,Must Love Dogs (2005),Comedy|Romance
34338,"Aristocrats, The (2005)",Comedy|Documentary
34405,Serenity (2005),Action|Adventure|Sci-Fi
34437,Broken Flowers (2005),Comedy|Drama
34520,"Dukes of Hazzard, The (2005)",Action|Adventure|Comedy
34528,Junebug (2005),Comedy|Drama
34530,Deuce Bigalow: European Gigolo (2005),Comedy
34532,"Skeleton Key, The (2005)",Drama|Horror|Mystery|Thriller
34534,Four Brothers (2005),Action|Crime|Drama
34542,Grizzly Man (2005),Documentary
35836,"40-Year-Old Virgin, The (2005)",Comedy|Romance
35957,Red Eye (2005),Horror|Thriller
36363,Kin-Dza-Dza! (1986),Comedy|Drama|Sci-Fi
36401,"Brothers Grimm, The (2005)",Comedy|Fantasy|Horror|Thriller
36509,"Cave, The (2005)",Action|Adventure|Horror|Mystery|Sci-Fi|Thriller
36517,"Constant Gardener, The (2005)",Drama|Thriller
36519,Transporter 2 (2005),Action|Crime|Thriller
36525,Just Like Heaven (2005),Comedy|Fantasy|Romance
36527,Proof (2005),Drama
36529,Lord of War (2005),Action|Crime|Drama|Thriller|War
36535,Everything Is Illuminated (2005),Comedy|Drama
36537,Thumbsucker (2005),Comedy|Drama
37211,Go West (1940),Comedy|Musical|Western
37380,Doom (2005),Action|Horror|Sci-Fi
37382,Domino (2005),Crime|Drama|Thriller
37384,Waiting... (2005),Comedy
37386,Aeon Flux (2005),Action|Sci-Fi
37727,Flightplan (2005),Action|Drama|Thriller
37729,Corpse Bride (2005),Animation|Comedy|Fantasy|Musical|Romance
37731,Green Street Hooligans (a.k.a. Hooligans) (2005),Crime|Drama
37733,"History of Violence, A (2005)",Action|Crime|Drama|Thriller
37741,Capote (2005),Crime|Drama
37830,Final Fantasy VII: Advent Children (2004),Action|Adventure|Animation|Fantasy|Sci-Fi
37853,Into the Blue (2005),Action|Adventure|Crime|Thriller
37857,MirrorMask (2005),Adventure|Children|Drama|Fantasy
38038,Wallace & Gromit in The Curse of the Were-Rabbit (2005),Adventure|Animation|Children|Comedy
38061,Kiss Kiss Bang Bang (2005),Comedy|Crime|Mystery|Thriller
38095,"Bittersweet Life, A (Dalkomhan insaeng) (2005)",Action|Crime|Drama
38159,"Short Film About Love, A (Krótki film o milosci) (1988)",Drama|Romance
38304,No Direction Home: Bob Dylan (2005),Documentary
38388,Goal! The Dream Begins (Goal!) (2005),Drama
38538,Speak (2004),Drama
38600,Factotum (2005),Drama
38798,In Her Shoes (2005),Comedy|Drama
38886,"Squid and the Whale, The (2005)",Comedy|Drama
39183,Brokeback Mountain (2005),Drama|Romance
39231,Elizabethtown (2005),Comedy|Drama|Romance
39234,North Country (2005),Drama
39292,"Good Night, and Good Luck. (2005)",Crime|Drama
39381,"Proposition, The (2005)",Crime|Drama|Western
39402,Loggerheads (2005),Drama
39414,Shopgirl (2005),Comedy|Drama|Romance
39419,Where the Truth Lies (2005),Drama|Thriller
39427,Stay (2005),Thriller
39435,"Legend of Zorro, The (2005)",Action|Adventure|Drama|Western
39444,"Weather Man, The (2005)",Comedy|Drama
39446,Saw II (2005),Horror|Thriller
39449,Prime (2005),Comedy|Drama|Romance
40278,Jarhead (2005),Action|Drama|War
40342,Romance & Cigarettes (2005),Comedy|Drama|Musical|Romance
40414,Joyeux Noël (Merry Christmas) (2005),Drama|War
40491,"Match Factory Girl, The (Tulitikkutehtaan tyttö) (1990)",Comedy|Drama
40581,Just Friends (2005),Comedy|Romance
40583,Syriana (2005),Drama|Thriller
40614,Derailed (2005),Drama|Thriller
40629,Pride & Prejudice (2005),Drama|Romance
40732,"Descent, The (2005)",Adventure|Drama|Horror|Thriller
40815,Harry Potter and the Goblet of Fire (2005),Adventure|Fantasy|Thriller|IMAX
40819,Walk the Line (2005),Drama|Musical|Romance
40826,Rent (2005),Drama|Musical|Romance
40870,C.R.A.Z.Y. (2005),Drama
40946,Sarah Silverman: Jesus Is Magic (2005),Comedy|Musical
40966,"Libertine, The (2004)",Drama
41226,Sounder (1972),Drama
41285,Match Point (2005),Crime|Drama|Romance
41566,"Chronicles of Narnia: The Lion, the Witch and the Wardrobe, The (2005)",Adventure|Children|Fantasy
41569,King Kong (2005),Action|Adventure|Drama|Fantasy|Thriller
41571,Memoirs of a Geisha (2005),Drama|Romance
41863,"Three Burials of Melquiades Estrada, The (2006)",Adventure|Crime|Drama
41997,Munich (2005),Action|Crime|Drama|Thriller
42004,Transamerica (2005),Adventure|Comedy|Drama
42009,Cheaper by the Dozen 2 (2005),Adventure|Comedy
42011,Fun with Dick and Jane (2005),Comedy|Crime
42013,"Ringer, The (2005)",Comedy
42094,"Spirit of the Beehive, The (Espíritu de la colmena, El) (1973)",Drama|Horror|Mystery
42217,Late Spring (Banshun) (1949),Drama
42418,"New World, The (2005)",Adventure|Drama|Romance
42632,Lady Vengeance (Sympathy for Lady Vengeance) (Chinjeolhan geumjassi) (2005),Crime|Drama|Mystery|Thriller
42723,Hostel (2005),Horror
42725,Grandma's Boy (2006),Comedy
42728,Tristan & Isolde (2006),Drama|Romance
42732,Last Holiday (2006),Comedy
42734,Hoodwinked! (2005),Animation|Children|Comedy
42738,Underworld: Evolution (2006),Action|Fantasy|Horror
43014,"Quatermass Xperiment, The (1955)",Horror|Mystery|Sci-Fi|Thriller
43396,"World's Fastest Indian, The (2005)",Drama
43460,Tristram Shandy: A Cock and Bull Story (2005),Comedy|Drama
43836,"Pink Panther, The (2006)",Adventure|Comedy|Crime
43838,Troll (1986),Comedy|Fantasy|Horror
43871,Firewall (2006),Crime|Drama|Thriller
43919,Date Movie (2006),Comedy|Romance
43921,Running Scared (2006),Action|Crime|Thriller
43936,16 Blocks (2006),Crime|Thriller
43987,Half Light (2006),Romance|Thriller
44004,Failure to Launch (2006),Comedy|Romance
44022,Ice Age 2: The Meltdown (2006),Adventure|Animation|Children|Comedy
44191,V for Vendetta (2006),Action|Sci-Fi|Thriller|IMAX
44195,Thank You for Smoking (2006),Comedy|Drama
44199,Inside Man (2006),Crime|Drama|Thriller
44204,Tsotsi (2005),Crime|Drama
44241,Leprechaun 3 (1995),Comedy|Fantasy|Horror
44397,"Hills Have Eyes, The (2006)",Drama|Horror|Thriller
44555,"Lives of Others, The (Das leben der Anderen) (2006)",Drama|Romance|Thriller
44665,Lucky Number Slevin (2006),Crime|Drama|Mystery
44694,Volver (2006),Comedy|Drama
44729,Larry the Cable Guy: Health Inspector (2006),Comedy
44731,Stay Alive (2006),Horror|Sci-Fi|Thriller
44759,Basic Instinct 2 (2006),Crime|Drama|Mystery|Thriller
44761,Brick (2005),Crime|Drama|Film-Noir|Mystery
44788,This Film Is Not Yet Rated (2006),Documentary
44828,Slither (2006),Comedy|Horror|Sci-Fi
44840,"Benchwarmers, The (2006)",Comedy
44937,"Child, The (L'enfant) (2005)",Crime|Drama
44972,Scary Movie 4 (2006),Comedy|Horror
44974,Hard Candy (2005),Drama|Thriller
45183,"Protector, The (a.k.a. Warrior King) (Tom yum goong) (2005)",Action|Comedy|Crime|Thriller
45186,Mission: Impossible III (2006),Action|Adventure|Thriller
45208,RV (2006),Adventure|Children|Comedy
45210,United 93 (2006),Crime|Drama
45221,Stick It (2006),Comedy
45382,Down in the Valley (2005),Drama|Romance
45431,Over the Hedge (2006),Adventure|Animation|Children|Comedy
45442,Poseidon (2006),Action|Adventure|Thriller|IMAX
45447,"Da Vinci Code, The (2006)",Drama|Mystery|Thriller
45499,X-Men: The Last Stand (2006),Action|Sci-Fi|Thriller
45501,"Break-Up, The (2006)",Comedy|Drama|Romance
45503,Peaceful Warrior (2006),Drama
45517,Cars (2006),Animation|Children|Comedy
45521,Wassup Rockers (2005),Comedy|Drama
45550,Beyond a Reasonable Doubt (1956),Crime|Drama|Film-Noir
45662,"Omen, The (2006)",Horror|Thriller
45666,Nacho Libre (2006),Comedy
45668,"Lake House, The (2006)",Drama|Fantasy|Romance
45672,Click (2006),Adventure|Comedy|Drama|Fantasy|Romance
45720,"Devil Wears Prada, The (2006)",Comedy|Drama
45722,Pirates of the Caribbean: Dead Man's Chest (2006),Action|Adventure|Fantasy
45726,"You, Me and Dupree (2006)",Comedy
45728,Clerks II (2006),Comedy
45732,My Super Ex-Girlfriend (2006),Comedy|Fantasy|Romance
45880,Marie Antoinette (2006),Drama|Romance
45899,Trial of the Road (Check-up on the Roads) (Checkpoint) (Proverka na dorogakh) (1971),Drama|War
45950,"Inconvenient Truth, An (2006)",Documentary
46062,High School Musical (2006),Children|Comedy|Drama|Musical|Romance
46194,Adam & Steve (2005),Comedy|Romance
46322,Jet Li's Fearless (Huo Yuan Jia) (2006),Action|Drama
46335,"Fast and the Furious: Tokyo Drift, The (Fast and the Furious 3, The) (2006)",Action|Crime|Drama|Thriller
46337,Garfield: A Tail of Two Kitties (2006),Animation|Children|Comedy
46530,Superman Returns (2006),Action|Adventure|Sci-Fi|IMAX
46578,Little Miss Sunshine (2006),Adventure|Comedy|Drama
46723,Babel (2006),Drama|Thriller
46803,Young Mr. Lincoln (1939),Drama
46855,Army of Shadows (L'armée des ombres) (1969),Action|Drama|Thriller|War
46865,Little Man (2006),Comedy
46965,Snakes on a Plane (2006),Action|Comedy|Horror|Thriller
46967,Scoop (2006),Comedy|Fantasy|Mystery
46970,Talladega Nights: The Ballad of Ricky Bobby (2006),Action|Comedy
46972,Night at the Museum (2006),Action|Comedy|Fantasy|IMAX
46974,World Trade Center (2006),Drama
46976,Stranger than Fiction (2006),Comedy|Drama|Fantasy|Romance
47099,"Pursuit of Happyness, The (2006)",Drama
47122,John Tucker Must Die (2006),Comedy|Romance
47124,"Ant Bully, The (2006)",Adventure|Animation|Children|Comedy|Fantasy|IMAX
47200,Crank (2006),Action|Thriller
47202,"Secret Life of Words, The (2005)",Drama|Romance
47239,"Hurricane, The (1937)",Action|Drama|Romance
47274,Murmur of the Heart (Le souffle au coeur) (1971),Drama
47382,Step Up (2006),Drama|Romance
47404,Mind Game (2004),Adventure|Animation|Comedy|Fantasy|Romance|Sci-Fi
47423,Half Nelson (2006),Drama
47518,Accepted (2006),Comedy
47566,Born to Kill (1947),Crime|Drama|Film-Noir
47610,"Illusionist, The (2006)",Drama|Fantasy|Mystery|Romance
47629,The Queen (2006),Drama
47640,Beerfest (2006),Comedy
47721,"Red Balloon, The (Ballon rouge, Le) (1956)",Children|Fantasy
47810,"Wicker Man, The (2006)",Horror|Mystery|Thriller
47830,"Quiet, The (2005)",Crime|Drama|Mystery|Thriller
47836,Sketches of Frank Gehry (2005),Documentary
47894,"Wind That Shakes the Barley, The (2006)",Drama|War
47940,Time to Leave (2005),Drama
47997,Idiocracy (2006),Adventure|Comedy|Sci-Fi|Thriller
48043,"Fountain, The (2006)",Drama|Fantasy|Romance
48045,Fear City: A Family-Style Comedy (La cité de la peur) (1994),Comedy
48082,"Science of Sleep, The (La science des rêves) (2006)",Comedy|Drama|Fantasy|Romance
48142,"Black Dahlia, The (2006)",Crime|Drama|Mystery|Thriller
48304,Apocalypto (2006),Adventure|Drama|Thriller
48319,Flyboys (2006),Action|Adventure|Drama|War
48322,Jackass Number Two (2006),Comedy|Documentary
48326,All the King's Men (2006),Drama
48385,Borat: Cultural Learnings of America for Make Benefit Glorious Nation of Kazakhstan (2006),Comedy
48394,"Pan's Labyrinth (Laberinto del fauno, El) (2006)",Drama|Fantasy|Thriller
48516,"Departed, The (2006)",Crime|Drama|Thriller
48598,Infamous (2006),Drama
48698,Deliver Us from Evil (2006),Documentary
48738,"Last King of Scotland, The (2006)",Drama|Thriller
48774,Children of Men (2006),Action|Adventure|Drama|Sci-Fi|Thriller
48780,"Prestige, The (2006)",Drama|Mystery|Sci-Fi|Thriller
48877,Saw III (2006),Crime|Horror|Thriller
48982,Flushed Away (2006),Animation|Comedy
48997,Perfume: The Story of a Murderer (2006),Crime|Drama|Thriller
49007,Arabesque (1966),Adventure|Drama|Romance|Thriller
49132,Shut Up & Sing (2006),Documentary
49272,Casino Royale (2006),Action|Adventure|Thriller
49274,Happy Feet (2006),Adventure|Animation|Children|Comedy|IMAX
49278,Déjà Vu (Deja Vu) (2006),Action|Sci-Fi|Thriller
49280,Bobby (2006),Drama
49284,10 Items or Less (2006),Comedy|Drama|Romance
49286,"Holiday, The (2006)",Comedy|Romance
49330,London to Brighton (2006),Crime|Drama|Thriller
49396,Tenacious D in The Pick of Destiny (2006),Adventure|Comedy|Musical
49530,Blood Diamond (2006),Action|Adventure|Crime|Drama|Thriller|War
49647,Charlotte's Web (2006),Children|Comedy|Drama|Fantasy
49651,Rocky Balboa (2006),Action|Drama
49772,"Painted Veil, The (2006)",Drama|Romance
49793,We Are Marshall (2006),Drama
49817,"Plague Dogs, The (1982)",Adventure|Animation|Drama
49822,"Good Shepherd, The (2006)",Drama|Thriller
49824,Dreamgirls (2006),Drama|Musical
49910,Freedom Writers (2007),Drama
49961,Notes on a Scandal (2006),Drama
50011,"Bothersome Man, The (Brysomme mannen, Den) (2006)",Comedy|Drama|Fantasy|Mystery
50064,"Good German, The (2006)",Drama|Mystery|Thriller
50066,Sweet Land (2005),Drama|Romance
50068,Letters from Iwo Jima (2006),Drama|War
50442,Alpha Dog (2007),Crime|Drama
50514,After the Wedding (Efter brylluppet) (2006),Drama
50594,Daisies (Sedmikrasky) (1966),Comedy|Drama
50641,House (Hausu) (1977),Comedy|Fantasy|Horror
50651,Kenny (2006),Comedy
50685,Waitress (2007),Comedy|Drama|Romance
50740,Seven Up! (1964),Documentary
50794,Smokin' Aces (2006),Action|Crime|Drama|Thriller
50798,Epic Movie (2007),Adventure|Comedy
50804,Hannibal Rising (2007),Drama|Horror|Thriller
50851,Cocaine Cowboys (2006),Documentary
50872,Ratatouille (2007),Animation|Children|Drama
50912,"Paris, I Love You (Paris, je t'aime) (2006)",Romance
50923,"Astronaut Farmer, The (2007)",Drama
51037,Unknown (2006),Drama|Mystery|Thriller
51077,Ghost Rider (2007),Action|Fantasy|Thriller
51084,Music and Lyrics (2007),Comedy|Romance
51086,"Number 23, The (2007)",Drama|Mystery|Thriller
51091,Black Snake Moan (2006),Drama
51246,Salvatore Giuliano (1964),Crime|Drama|War
51255,Hot Fuzz (2007),Action|Comedy|Crime|Mystery
51380,"Canterbury Tales, The (I racconti di Canterbury) (1972)",Comedy|Drama
51412,Next (2007),Action|Sci-Fi|Thriller
51540,Zodiac (2007),Crime|Drama|Thriller
51575,Wild Hogs (2007),Adventure|Comedy
51662,300 (2007),Action|Fantasy|War|IMAX
51884,"Namesake, The (2006)",Drama|Romance
51927,Dead Silence (2007),Horror|Mystery|Thriller
51931,Reign Over Me (2007),Drama
51935,Shooter (2007),Action|Drama|Thriller
51939,TMNT (Teenage Mutant Ninja Turtles) (2007),Action|Adventure|Animation|Children|Comedy|Fantasy
52042,Black Book (Zwartboek) (2006),Drama|Thriller|War
52241,"Lookout, The (2007)",Crime|Drama|Thriller
52245,Blades of Glory (2007),Comedy|Romance
52281,Grindhouse (2007),Action|Crime|Horror|Sci-Fi|Thriller
52287,Meet the Robinsons (2007),Action|Adventure|Animation|Children|Comedy|Sci-Fi
52321,Seraphim Falls (2006),Action|Adventure|Drama|War|Western
52328,Sunshine (2007),Adventure|Drama|Sci-Fi|Thriller
52435,How the Grinch Stole Christmas! (1966),Animation|Comedy|Fantasy|Musical
52458,Disturbia (2007),Drama|Thriller
52460,Pathfinder (2007),Action|Adventure|Drama|Thriller|War
52462,Aqua Teen Hunger Force Colon Movie Film for Theaters (2007),Action|Adventure|Animation|Comedy|Fantasy|Mystery|Sci-Fi
52589,"Resurrected, The (1992)",Horror
52604,Fracture (2007),Crime|Drama|Mystery|Thriller
52606,Big Nothing (2006),Comedy|Crime|Thriller
52644,Vacancy (2007),Horror|Thriller
52722,Spider-Man 3 (2007),Action|Adventure|Sci-Fi|Thriller|IMAX
52867,"Ex, The (2007)",Comedy|Romance
52885,Paprika (Papurika) (2006),Animation|Mystery|Sci-Fi
52952,This Is England (2006),Drama
52973,Knocked Up (2007),Comedy|Drama|Romance
52975,Hairspray (2007),Comedy|Drama|Musical
53000,28 Weeks Later (2007),Horror|Sci-Fi|Thriller
53024,Jonestown: The Life and Death of Peoples Temple (2006),Documentary
53121,Shrek the Third (2007),Adventure|Animation|Children|Comedy|Fantasy
53123,Once (2006),Drama|Musical|Romance
53125,Pirates of the Caribbean: At World's End (2007),Action|Adventure|Comedy|Fantasy
53282,Day Night Day Night (2006),Crime|Drama|Thriller
53318,Cashback (2006),Comedy|Drama|Romance
53322,Ocean's Thirteen (2007),Crime|Thriller
53435,Hostel: Part II (2007),Crime|Horror|Thriller
53460,Surf's Up (2007),Animation|Children|Comedy
53464,Fantastic Four: Rise of the Silver Surfer (2007),Action|Adventure|Sci-Fi
53468,Fido (2006),Comedy|Horror|Thriller
53843,O.C. and Stiggs (1985),Comedy
53887,O Lucky Man! (1973),Comedy|Drama|Fantasy|Musical
53894,Sicko (2007),Documentary|Drama
53953,1408 (2007),Drama|Horror|Thriller
53956,Death at a Funeral (2007),Comedy
53972,Live Free or Die Hard (2007),Action|Adventure|Crime|Thriller
53996,Transformers (2007),Action|Sci-Fi|Thriller|IMAX
54001,Harry Potter and the Order of the Phoenix (2007),Adventure|Drama|Fantasy|IMAX
54190,Across the Universe (2007),Drama|Fantasy|Musical|Romance
54248,A Dog's Breakfast (2007),Comedy
54256,Hot Rod (2007),Comedy
54259,Stardust (2007),Adventure|Comedy|Fantasy|Romance
54272,"Simpsons Movie, The (2007)",Animation|Comedy
54286,"Bourne Ultimatum, The (2007)",Action|Crime|Thriller
54503,Superbad (2007),Comedy
54648,Rush Hour 3 (2007),Action|Comedy|Crime|Thriller
54686,"Last Legion, The (2007)",Action|Adventure|Fantasy|War
54732,Balls of Fury (2007),Comedy
54736,"Kingdom, The (2007)",Action|Drama|Thriller
54745,Rocket Science (2007),Comedy|Drama
54775,War (2007),Action|Thriller
54785,Halloween (2007),Horror
54787,Death Sentence (2007),Drama|Thriller
54881,"King of Kong, The (2007)",Documentary
54995,Planet Terror (2007),Action|Horror|Sci-Fi
54997,3:10 to Yuma (2007),Action|Crime|Drama|Western
54999,Shoot 'Em Up (2007),Action|Comedy|Crime
55052,Atonement (2007),Drama|Romance|War
55069,"4 Months, 3 Weeks and 2 Days (4 luni, 3 saptamâni si 2 zile) (2007)",Drama
55071,No End in Sight (2007),Documentary
55116,"Hunting Party, The (2007)",Action|Adventure|Comedy|Drama|Thriller
55118,Eastern Promises (2007),Crime|Drama|Thriller
55209,The Death and Life of Bobby Z (2007),Action|Crime|Drama|Thriller
55232,Resident Evil: Extinction (2007),Action|Horror|Sci-Fi|Thriller
55245,Good Luck Chuck (2007),Comedy|Romance
55247,Into the Wild (2007),Action|Adventure|Drama
55250,"Game Plan, The (2007)",Comedy
55255,Feast of Love (2007),Drama|Romance
55257,Postal (2007),Action|Comedy|Thriller
55269,"Darjeeling Limited, The (2007)",Adventure|Comedy|Drama
55276,Michael Clayton (2007),Drama|Thriller
55280,Lars and the Real Girl (2007),Comedy|Drama
55282,30 Days of Night (2007),Horror|Thriller
55290,Gone Baby Gone (2007),Crime|Drama|Mystery
55363,"Assassination of Jesse James by the Coward Robert Ford, The (2007)",Crime|Drama|Western
55442,Persepolis (2007),Animation|Drama
55577,Saw IV (2007),Crime|Horror|Thriller
55721,Elite Squad (Tropa de Elite) (2007),Action|Crime|Drama|Thriller
55765,American Gangster (2007),Crime|Drama|Thriller
55768,Bee Movie (2007),Animation|Comedy
55805,Before the Devil Knows You're Dead (2007),Crime|Drama|Thriller
55814,"Diving Bell and the Butterfly, The (Scaphandre et le papillon, Le) (2007)",Drama
55820,No Country for Old Men (2007),Crime|Drama
55830,Be Kind Rewind (2008),Comedy
55851,Crazy Love (2007),Documentary
55872,August Rush (2007),Drama|Musical
55908,"Man from Earth, The (2007)",Drama|Sci-Fi
55995,Beowulf (2007),Action|Adventure|Animation|Fantasy|IMAX
55999,Mr. Magorium's Wonder Emporium (2007),Children|Comedy|Fantasy
56003,Southland Tales (2006),Comedy|Drama|Sci-Fi|Thriller
56093,12 (2007),Crime|Drama|Thriller|War
56145,"Mist, The (2007)",Horror|Sci-Fi
56152,Enchanted (2007),Adventure|Animation|Children|Comedy|Fantasy|Musical|Romance
56156,Hitman (2007),Action|Crime|Thriller
56169,Awake (2007),Drama|Thriller
56171,"Golden Compass, The (2007)",Adventure|Children|Fantasy
56174,I Am Legend (2007),Action|Horror|Sci-Fi|Thriller|IMAX
56176,Alvin and the Chipmunks (2007),Children|Comedy
56339,"Orphanage, The (Orfanato, El) (2007)",Drama|Horror|Mystery|Thriller
56367,Juno (2007),Comedy|Drama|Romance
56515,"Devil Came on Horseback, The (2007)",Documentary
56563,Helvetica (2007),Documentary
56587,"Bucket List, The (2007)",Comedy|Drama
56671,"Go-Getter, The (2007)",Comedy|Drama
56715,Wristcutters: A Love Story (2006),Drama|Fantasy|Romance
56757,Sweeney Todd: The Demon Barber of Fleet Street (2007),Drama|Horror|Musical|Thriller
56775,National Treasure: Book of Secrets (2007),Action|Adventure
56782,There Will Be Blood (2007),Drama|Western
56788,Charlie Wilson's War (2007),Comedy|Drama|War
56801,AVPR: Aliens vs. Predator - Requiem (2007),Action|Horror|Sci-Fi
56949,27 Dresses (2008),Comedy|Romance
57223,D-War (Dragon Wars) (2007),Action|Adventure|Drama|Fantasy
57274,[REC] (2007),Drama|Horror|Thriller
57368,Cloverfield (2008),Action|Mystery|Sci-Fi|Thriller
57504,"Girl Who Leapt Through Time, The (Toki o kakeru shôjo) (2006)",Animation|Comedy|Drama|Romance|Sci-Fi
57526,Untraceable (2008),Crime|Thriller
57528,Rambo (Rambo 4) (2008),Action|Drama|Thriller|War
57669,In Bruges (2008),Comedy|Crime|Drama|Thriller
57964,Blue State (2007),Comedy
58025,Jumper (2008),Action|Adventure|Drama|Sci-Fi|Thriller
58047,"Definitely, Maybe (2008)",Comedy|Drama|Romance
58103,Vantage Point (2008),Action|Drama|Thriller
58105,"Spiderwick Chronicles, The (2008)",Adventure|Children|Drama|Fantasy|IMAX
58107,Step Up 2 the Streets (2008),Drama|Musical|Romance
58154,"Other Boleyn Girl, The (2008)",Drama|Romance
58291,College Road Trip (2008),Comedy
58293,"10,000 BC (2008)",Adventure|Romance|Thriller
58295,"Bank Job, The (2008)",Action|Crime|Thriller
58297,Doomsday (2008),Action|Drama|Sci-Fi|Thriller
58299,Horton Hears a Who! (2008),Adventure|Animation|Children|Comedy
58303,"Counterfeiters, The (Die Fälscher) (2007)",Crime|Drama|War
58376,Zeitgeist: The Movie (2007),Documentary|War
58559,"Dark Knight, The (2008)",Action|Crime|Drama|IMAX
58655,Drillbit Taylor (2008),Comedy
58803,21 (2008),Crime|Drama|Romance|Thriller
58937,Julia (2008),Drama|Thriller
58975,"Ruins, The (2008)",Horror|Thriller
58998,Forgetting Sarah Marshall (2008),Comedy|Romance
59014,Superhero Movie (2008),Action|Comedy|Sci-Fi
59016,Street Kings (2008),Crime|Drama|Thriller
59103,"Forbidden Kingdom, The (2008)",Action|Adventure|Comedy|Fantasy
59126,Religulous (2008),Comedy|Documentary
59141,Son of Rambow (2007),Children|Comedy|Drama
59220,Outsourced (2006),Comedy|Romance
59258,Baby Mama (2008),Comedy
59306,Prom Night (2008),Horror|Mystery|Thriller
59315,Iron Man (2008),Action|Adventure|Sci-Fi
59333,Made of Honor (2008),Comedy|Romance
59369,Taken (2008),Action|Crime|Drama|Thriller
59387,"Fall, The (2006)",Adventure|Drama|Fantasy
59421,What Happens in Vegas... (2008),Comedy|Romance
59485,a/k/a Tommy Chong (2005),Documentary
59501,"Chronicles of Narnia: Prince Caspian, The (2008)",Adventure|Children|Fantasy
59615,Indiana Jones and the Kingdom of the Crystal Skull (2008),Action|Adventure|Comedy|Sci-Fi
59684,Lake of Fire (2006),Documentary
59709,"Oxford Murders, The (2007)",Crime|Mystery|Romance|Thriller
59715,Shutter (2008),Horror|Mystery|Thriller
59725,Sex and the City (2008),Comedy|Romance
59784,Kung Fu Panda (2008),Action|Animation|Children|Comedy|IMAX
59810,Recount (2008),Drama
59832,Where the Sidewalk Ends (1950),Crime|Drama|Film-Noir
59900,You Don't Mess with the Zohan (2008),Comedy
60020,"Warlords, The (Tau ming chong) (2007)",Action|Drama|War
60037,"Happening, The (2008)",Drama|Sci-Fi|Thriller
60040,"Incredible Hulk, The (2008)",Action|Sci-Fi
60069,WALL·E (2008),Adventure|Animation|Children|Romance|Sci-Fi
60072,Wanted (2008),Action|Thriller
60074,Hancock (2008),Action|Adventure|Comedy|Crime|Fantasy
60126,Get Smart (2008),Action|Comedy
60293,"Wackness, The (2008)",Comedy|Drama|Romance
60295,Up the Yangtze (2007),Documentary
60311,"Black Swan, The (1942)",Adventure
60341,Standard Operating Procedure (2008),Crime|Documentary|War
60397,Mamma Mia! (2008),Comedy|Musical|Romance
60418,Kabluey (2007),Comedy|Drama
60487,"It's the Great Pumpkin, Charlie Brown (1966)",Animation|Children|Comedy
60508,Pan Tadeusz: The Last Foray in Lithuania (Pan Tadeusz) (1999),Drama|Romance|War
60514,Journey to the Center of the Earth (2008),Action|Adventure|Sci-Fi
60516,Meet Dave (2008),Adventure|Children|Comedy|Romance|Sci-Fi
60684,Watchmen (2009),Action|Drama|Mystery|Sci-Fi|Thriller|IMAX
60756,Step Brothers (2008),Comedy
60941,"Midnight Meat Train, The (2008)",Horror|Mystery|Thriller
60950,Vicky Cristina Barcelona (2008),Comedy|Drama|Romance
61024,Pineapple Express (2008),Action|Comedy|Crime
61073,Hell Ride (2008),Action|Drama|Thriller
61123,High School Musical 2 (2007),Comedy|Drama|Musical|Romance
61132,Tropic Thunder (2008),Action|Adventure|Comedy|War
61160,Star Wars: The Clone Wars (2008),Action|Adventure|Animation|Sci-Fi
61167,Henry Poole is Here (2008),Drama|Mystery
61236,Waltz with Bashir (Vals im Bashir) (2008),Animation|Documentary|Drama|War
61240,Let the Right One In (Låt den rätte komma in) (2008),Drama|Fantasy|Horror|Romance
61323,Burn After Reading (2008),Comedy|Crime|Drama
61348,Disaster Movie (2008),Comedy
61350,Babylon A.D. (2008),Action|Adventure|Sci-Fi|Thriller
61352,Traitor (2008),Crime|Drama|Thriller
61401,"Spirit, The (2008)",Action|Comedy|Fantasy|Thriller
61406,John Adams (2008),Drama
61705,Lakeview Terrace (2008),Drama|Thriller
62081,Eagle Eye (2008),Action|Crime|Thriller|IMAX
62137,Nights in Rodanthe (2008),Drama|Romance
62293,"Duchess, The (2008)",Drama|Romance
62344,Rachel Getting Married (2008),Drama|Romance
62374,Body of Lies (2008),Action|Drama|Thriller
62394,Max Payne (2008),Action|Crime|Drama|Thriller
62434,Zack and Miri Make a Porno (2008),Comedy|Drama|Romance
62437,W. (2008),Drama
62439,My Best Friend's Girl (2008),Comedy|Romance
62644,"Wave, The (Welle, Die) (2008)",Drama
62662,Tokyo-Ga (1985),Documentary
62718,"Angus, Thongs and Perfect Snogging (2008)",Comedy|Romance
62849,RocknRolla (2008),Action|Crime
63072,"Road, The (2009)",Adventure|Drama|Thriller
63082,Slumdog Millionaire (2008),Crime|Drama|Romance
63113,Quantum of Solace (2008),Action|Adventure|Thriller
63436,Saw V (2008),Crime|Horror|Thriller
63483,While She Was Out (2008),Thriller
63540,Beverly Hills Chihuahua (2008),Adventure|Children|Comedy
63853,Australia (2008),Adventure|Drama|War|Western
63859,Bolt (2008),Action|Adventure|Animation|Children|Comedy
63876,Milk (2008),Drama
63992,Twilight (2008),Drama|Fantasy|Romance|Thriller
64030,Transporter 3 (2008),Action|Adventure|Crime|Thriller
64032,Four Christmases (2008),Comedy
64034,"Boy in the Striped Pajamas, The (Boy in the Striped Pyjamas, The) (2008)",Drama|War
64197,Hunger (2008),Drama
64278,"Pervert's Guide to Cinema, The (2006)",Documentary
64280,Hospital (1970),Documentary
64497,"Day the Earth Stood Still, The (2008)",Drama|Sci-Fi|Thriller|IMAX
64575,Doubt (2008),Drama|Mystery
64614,Gran Torino (2008),Crime|Drama
64620,Frost/Nixon (2008),Drama
64622,"Reader, The (2008)",Drama|Romance
64650,"Marriage Made in Heaven, A (Rab Ne Bana Di Jodi) (2008)",Comedy|Drama|Musical|Romance
64695,Sword of the Stranger (Sutorejia: Mukô hadan) (2007),Action|Adventure|Animation
64716,Seven Pounds (2008),Drama
64839,"Wrestler, The (2008)",Drama
64957,"Curious Case of Benjamin Button, The (2008)",Drama|Fantasy|Mystery|Romance
64969,Yes Man (2008),Comedy
64983,Valkyrie (2008),Drama|Thriller|War
64993,5 Centimeters per Second (Byôsoku 5 senchimêtoru) (2007),Animation|Drama|Romance
65088,Bedtime Stories (2008),Adventure|Children|Comedy
65130,Revolutionary Road (2008),Drama|Romance
65142,Loft (2008),Crime|Drama|Mystery
65216,Defiance (2008),Drama|Thriller|War
65225,Zeitgeist: Addendum (2008),Documentary
65230,Marley & Me (2008),Comedy|Drama
65261,Ponyo (Gake no ue no Ponyo) (2008),Adventure|Animation|Children|Fantasy
65514,Ip Man (2008),Action|Drama|War
65601,My Bloody Valentine 3-D (2009),Horror|Thriller
65612,Castaway (1986),Adventure|Drama
65642,"Timecrimes (Cronocrímenes, Los) (2007)",Sci-Fi|Thriller
65672,Grbavica: The Land of My Dreams (Grbavica) (2006),Drama
65682,Underworld: Rise of the Lycans (2009),Action|Fantasy|Horror|Thriller
65802,Paul Blart: Mall Cop (2009),Action|Comedy|Crime
65868,Repo! The Genetic Opera (2008),Fantasy|Horror|Musical
65894,Fear[s] of the Dark (Peur[s] du noir) (2007),Animation|Horror
65907,Game Over (2005),Crime|Drama|Thriller
66097,Coraline (2009),Animation|Fantasy|Thriller
66156,"Escapist, The (2008)",Thriller
66198,"International, The (2009)",Drama|Thriller
66203,He's Just Not That Into You (2009),Comedy|Drama|Romance
66371,Departures (Okuribito) (2008),Drama
66665,Away We Go (2009),Comedy|Drama|Romance
66783,Friday the 13th (2009),Horror
66798,"Pink Panther 2, The (2009)",Adventure|Comedy|Mystery
66934,Dr. Horrible's Sing-Along Blog (2008),Comedy|Drama|Musical|Sci-Fi
67087,"I Love You, Man (2009)",Comedy
67193,Duplicity (2009),Crime|Romance|Thriller
67197,Knowing (2009),Action|Drama|Mystery|Sci-Fi|Thriller
67255,"Girl with the Dragon Tattoo, The (Män som hatar kvinnor) (2009)",Crime|Drama|Mystery|Thriller
67267,Sunshine Cleaning (2008),Comedy|Drama
67408,Monsters vs. Aliens (2009),Animation|Sci-Fi|IMAX
67695,Observe and Report (2009),Action|Comedy
67734,Adventureland (2009),Comedy|Drama
67799,The Butterfly Effect 3: Revelations (2009),Drama|Fantasy|Sci-Fi|Thriller
67869,Flash Gordon (1936),Action|Adventure|Sci-Fi
67923,"Fast & Furious (Fast and the Furious 4, The) (2009)",Action|Crime|Drama|Thriller
67997,In the Loop (2009),Comedy
68073,Pirate Radio (2009),Comedy|Drama
68135,17 Again (2009),Comedy|Drama
68157,Inglourious Basterds (2009),Action|Drama|War
68159,State of Play (2009),Crime|Drama|Thriller
68194,"Damned United, The (2009)",Drama
68205,Crank: High Voltage (2009),Action|Comedy|Crime
68237,Moon (2009),Drama|Mystery|Sci-Fi|Thriller
68269,"Young Victoria, The (2009)",Drama|Romance
68319,X-Men Origins: Wolverine (2009),Action|Sci-Fi|Thriller
68358,Star Trek (2009),Action|Adventure|Sci-Fi|IMAX
68522,Earth (2007),Documentary
68554,Angels & Demons (2009),Crime|Drama|Mystery|Thriller
68791,Terminator Salvation (2009),Action|Adventure|Sci-Fi|Thriller
68793,Night at the Museum: Battle of the Smithsonian (2009),Action|Comedy|IMAX
68835,Were the World Mine (2008),Adventure|Fantasy|Musical|Romance
68941,"Last House on the Left, The (2009)",Drama|Horror|Thriller
68952,Drag Me to Hell (2009),Comedy|Horror
68954,Up (2009),Adventure|Animation|Children|Drama
69122,"Hangover, The (2009)",Comedy|Crime
69253,New in Town (2009),Comedy|Romance
69275,Dead Snow (Død snø) (2009),Action|Adventure|Comedy|Horror
69306,"Taking of Pelham 1 2 3, The (2009)",Crime|Drama|Thriller
69358,American Violet (2008),Drama
69394,"Stoning of Soraya M., The (2008)",Crime|Drama
69406,"Proposal, The (2009)",Comedy|Romance
69436,Year One (2009),Adventure|Comedy
69446,3 on a Couch (Three on a Couch) (1966),Comedy|Romance
69481,"Hurt Locker, The (2008)",Action|Drama|Thriller|War
69498,La Ronde (1950),Drama|Romance
69524,Raiders of the Lost Ark: The Adaptation (1989),Action|Adventure|Thriller
69526,Transformers: Revenge of the Fallen (2009),Action|Adventure|Sci-Fi|IMAX
69552,Tulpan (2008),Comedy|Drama
69640,Public Enemies (2009),Crime|Drama|Thriller
69644,Ice Age: Dawn of the Dinosaurs (2009),Action|Adventure|Animation|Children|Comedy|Romance
69746,Watchmen: Tales of the Black Freighter (2009),Action|Adventure|Animation|Horror
69757,(500) Days of Summer (2009),Comedy|Drama|Romance
69771,7th Heaven (Seventh Heaven) (1927),Drama|Romance
69784,Brüno (Bruno) (2009),Comedy
69844,Harry Potter and the Half-Blood Prince (2009),Adventure|Fantasy|Mystery|Romance|IMAX
69951,"Imaginarium of Doctor Parnassus, The (2009)",Drama|Fantasy
70159,Orphan (2009),Drama|Horror|Mystery|Thriller
70183,"Ugly Truth, The (2009)",Comedy|Drama|Romance
70208,"Perfect Getaway, A (2009)",Horror|Thriller
70286,District 9 (2009),Mystery|Sci-Fi|Thriller
70293,Julie & Julia (2009),Comedy|Drama|Romance
70497,Stone of Destiny (2008),Adventure|Comedy|Crime|Drama
70565,"Goods: Live Hard, Sell Hard, The (2009)",Comedy
70599,"Time Traveler's Wife, The (2009)",Drama|Romance|Sci-Fi
70728,Bronson (2009),Action|Comedy|Drama|Thriller
70862,It Might Get Loud (2008),Documentary
70994,Halloween II (2009),Horror|Thriller
71057,9 (2009),Adventure|Animation|Sci-Fi
71131,"Most Hated Family in America, The (2007)",Documentary
71135,Pandorum (2009),Horror|Sci-Fi|Thriller
71147,Death of a Cyclist (Muerte de un ciclista) (1955),Drama
71156,"Men Who Stare at Goats, The (2009)",Action|Comedy|Drama
71246,Amreeka (2009),Drama
71254,Gamer (2009),Action|Sci-Fi|Thriller
71264,Cloudy with a Chance of Meatballs (2009),Animation|Children|Fantasy|IMAX
71282,"Food, Inc. (2008)",Documentary
71304,Thirst (Bakjwi) (2009),Drama|Horror
71379,Paranormal Activity (2009),Horror|Thriller
71462,"Cove, The (2009)",Documentary
71494,"Haunted World of El Superbeasto, The (2009)",Action|Animation|Comedy|Horror|Thriller
71500,Trick 'r Treat (2007),Comedy|Horror|Thriller
71518,Whip It (2009),Comedy|Drama
71520,"Invention of Lying, The (2009)",Comedy
71530,Surrogates (2009),Action|Sci-Fi|Thriller
71535,Zombieland (2009),Action|Comedy|Horror
71579,"Education, An (2009)",Drama|Romance
71619,Coco Before Chanel (Coco avant Chanel) (2009),Drama
71668,Couples Retreat (2009),Comedy|Romance
71670,All About Steve (2009),Comedy
71688,Jab We Met (2007),Comedy|Drama|Romance
71745,Where the Wild Things Are (2009),Adventure|Children|Drama|Fantasy|IMAX
71755,Earth Entranced (Terra em Transe) (1967),Drama
71823,"New York, I Love You (2009)",Drama|Romance
71838,Law Abiding Citizen (2009),Drama|Thriller
71926,"Boys Are Back, The (2009)",Comedy|Drama
72011,Up in the Air (2009),Drama|Romance
72043,Monsters vs Aliens: Mutant Pumpkins from Outer Space (2009),Animation|Comedy|Sci-Fi
72131,Michael Jackson's This Is It (2009),Documentary|Musical|IMAX
72167,"Boondock Saints II: All Saints Day, The (2009)",Action|Crime|Drama|Thriller
72226,Fantastic Mr. Fox (2009),Adventure|Animation|Children|Comedy|Crime
72378,2012 (2009),Action|Drama|Sci-Fi|Thriller
72380,"Box, The (2009)",Drama|Horror|Mystery|Sci-Fi|Thriller
72395,Precious (2009),Drama
72405,Bad Lieutenant: Port of Call New Orleans (2009),Crime|Drama
72407,"Twilight Saga: New Moon, The (2009)",Drama|Fantasy|Horror|Romance|Thriller
72489,Ninja Assassin (2009),Action|Crime|Drama|Thriller
72552,Oxford Blues (1984),Comedy|Drama
72605,Brothers (2009),Drama|Thriller|War
72641,"Blind Side, The  (2009)",Drama
72647,Zorn's Lemma (1970),Drama
72694,Shrink (2009),Drama
72696,Old Dogs (2009),Comedy
72712,Objectified (2009),Documentary
72720,"Single Man, A (2009)",Drama
72733,Invictus (2009),Drama
72737,"Princess and the Frog, The (2009)",Animation|Children|Fantasy|Musical|Romance
72787,Doghouse (2009),Comedy|Horror
72980,Veronika Decides to Die (2009),Drama|Romance
72998,Avatar (2009),Action|Adventure|Sci-Fi|IMAX
73017,Sherlock Holmes (2009),Action|Crime|Mystery|Thriller
73023,Crazy Heart (2009),Drama|Romance
73064,In a Year with 13 Moons (In einem Jahr mit 13 Monden) (1978),Drama
73168,Carriers (2009),Drama|Horror|Thriller
73290,Hachiko: A Dog's Story (a.k.a. Hachi: A Dog's Tale) (2009),Drama
73319,Leap Year (2010),Comedy|Romance
73321,"Book of Eli, The (2010)",Action|Adventure|Drama
73413,My One and Only (2009),Comedy|Drama
73572,"My Son, My Son, What Have Ye Done (2009)",Drama|Horror
73808,"Chaser, The (Chugyeogja) (2008)",Crime|Drama|Thriller
73854,"Rudolph, the Red-Nosed Reindeer (1964)",Adventure|Animation|Children|Fantasy|Musical
74152,Zach Galifianakis: Live at the Purple Onion (2006),Comedy|Documentary
74156,Edge of Darkness (2010),Drama|Thriller
74228,Triangle (2009),Drama|Horror|Mystery|Thriller
74416,Fish Tank (2009),Drama
74450,Valentine's Day (2010),Comedy|Romance
74458,Shutter Island (2010),Drama|Mystery|Thriller
74510,"Girl Who Played with Fire, The (Flickan som lekte med elden) (2009)",Action|Crime|Drama|Mystery|Thriller
74530,Percy Jackson & the Olympians: The Lightning Thief (2010),Adventure|Fantasy
74553,"Secret of Kells, The (2009)",Animation|Fantasy
74727,Gentlemen of Fortune (Dzhentlmeny udachi) (1972),Comedy|Crime|Drama|Mystery
74731,Eden Log (2007),Horror|Mystery|Sci-Fi|Thriller
74750,[REC]² (2009),Horror|Thriller
74754,"Room, The (2003)",Comedy|Drama|Romance
74789,Alice in Wonderland (2010),Adventure|Fantasy|IMAX
74851,From Paris with Love (2010),Action|Crime
74916,Greenberg (2010),Comedy|Drama
74946,She's Out of My League (2010),Comedy
75389,"Burrowers, The (2008)",Horror|Thriller|Western
75805,"Bounty Hunter, The (2010)",Action|Comedy|Romance
75813,Leaves of Grass (2009),Comedy|Crime|Drama|Thriller
75985,Repo Men (2010),Action|Sci-Fi|Thriller
76030,Case 39 (2009),Horror|Thriller
76077,Hot Tub Time Machine (2010),Comedy|Sci-Fi
76093,How to Train Your Dragon (2010),Adventure|Animation|Children|Fantasy|IMAX
76130,Universal Soldier: Regeneration (2009),Action|Drama|Sci-Fi|Thriller
76173,Micmacs (Micmacs à tire-larigot) (2009),Comedy|Crime
76210,Defendor (2009),Comedy|Crime|Drama
76251,Kick-Ass (2010),Action|Comedy
76293,Date Night (2010),Action|Comedy|Romance
76729,Don McKay (2009),Drama|Mystery|Thriller
76823,"Men Who Tread on the Tiger's Tail, The (Tora no o wo fumu otokotachi) (1945)",Adventure|Drama|Thriller
77240,I Am Love (Io sono l'amore) (2009),Drama|Romance
77307,Dogtooth (Kynodontas) (2009),Drama
77364,"Losers, The (2010)",Action|Adventure|Drama|Mystery|Thriller
77455,Exit Through the Gift Shop (2010),Comedy|Documentary
77561,Iron Man 2 (2010),Action|Adventure|Sci-Fi|Thriller|IMAX
77780,Virtuality (2009),Drama|Sci-Fi|Thriller
77798,"Nightmare on Elm Street, A (2010)",Fantasy|Horror|Thriller
77800,Four Lions (2010),Comedy|Drama
77820,Furry Vengeance (2010),Children|Comedy
77837,You Don't Know Jack (2010),Drama
77866,Robin Hood (2010),Action|Adventure|Drama|Romance|War
77979,Johnny Mad Dog (2008),Drama|War
78039,Blue Valentine (2010),Drama|Romance
78105,Prince of Persia: The Sands of Time (2010),Action|Adventure|Fantasy|Romance|IMAX
78174,Sex and the City 2 (2010),Comedy|Drama|Romance
78209,Get Him to the Greek (2010),Comedy
78218,Unthinkable (2010),Drama|Thriller
78264,"Back-up Plan, The (2010)",Comedy|Romance
78266,Splice (2009),Horror|Sci-Fi|Thriller
78316,Letters to Juliet (2010),Drama|Romance
78349,Exam (2009),Mystery|Thriller
78422,How About You... (2007),Comedy|Drama
78469,"A-Team, The (2010)",Action|Comedy|Thriller
78499,Toy Story 3 (2010),Adventure|Animation|Children|Comedy|Fantasy|IMAX
78635,Under the North Star (Täällä Pohjantähden alla) (2009),Drama|Romance|War
78637,Shrek Forever After (a.k.a. Shrek: The Final Chapter) (2010),Adventure|Animation|Children|Comedy|Fantasy|IMAX
78759,"Special Relationship, The (2010)",Drama
78836,Enter the Void (2009),Drama
78893,"Last Airbender, The (2010)",Action|Adventure|Fantasy
79006,Empire of Dreams: The Story of the 'Star Wars' Trilogy (2004),Documentary
79091,Despicable Me (2010),Animation|Children|Comedy|Crime
79132,Inception (2010),Action|Crime|Drama|Mystery|Sci-Fi|Thriller|IMAX
79134,Grown Ups (2010),Comedy
79139,"Sorcerer's Apprentice, The (2010)",Action|Adventure|Children|Comedy|Fantasy
79224,"Karate Kid, The (2010)",Action|Children|Drama
79242,"Kids Are All Right, The (2010)",Comedy|Drama
79293,Salt (2010),Action|Thriller
79299,"No. 1 Ladies' Detective Agency, The (2008)",Comedy|Crime|Mystery
79318,Winnebago Man (2009),Comedy|Documentary
79357,Mr. Nobody (2009),Drama|Fantasy|Romance|Sci-Fi
79498,"Town That Dreaded Sundown, The (1976)",Crime|Drama|Horror|Mystery|Thriller
79553,Ip Man 2 (2010),Action
79590,"Rebound, The (2009)",Comedy|Romance
79592,"Other Guys, The (2010)",Action|Comedy
79695,"Expendables, The (2010)",Action|Adventure|Thriller
79702,Scott Pilgrim vs. the World (2010),Action|Comedy|Fantasy|Musical|Romance
79720,Animal Kingdom (2010),Crime|Drama
79987,Gainsbourg (Vie Héroïque) (2010),Drama|Musical|Romance
80094,"Last Exorcism, The (2010)",Horror|Thriller
80166,"Switch, The (2010)",Comedy|Romance
80185,GasLand (2010),Documentary
80219,Machete (2010),Action|Adventure|Comedy|Crime|Thriller
80350,Vampires Suck (2010),Comedy
80361,$5 a Day (2008),Comedy|Drama
80463,"Social Network, The (2010)",Drama
80489,"Town, The (2010)",Crime|Drama|Thriller
80549,Easy A (2010),Comedy|Romance
80551,Eat Pray Love (2010),Drama|Romance
80586,Flipped (2010),Comedy|Drama|Romance
80590,Wall Street: Money Never Sleeps (2010),Drama
80693,It's Kind of a Funny Story (2010),Comedy|Drama
80831,Let Me In (2010),Drama|Horror|Mystery
80860,Life as We Know It (2010),Comedy|Romance
80862,Catfish (2010),Documentary|Mystery
80906,Inside Job (2010),Documentary
80917,Monsters (2010),Drama|Sci-Fi
80969,Never Let Me Go (2010),Drama|Romance|Sci-Fi
81014,Hush (2009),Horror|Thriller
81132,Rubber (2010),Action|Adventure|Comedy|Crime|Drama|Film-Noir|Horror|Mystery|Thriller|Western
81147,Barefoot Gen 2 (Hadashi no Gen II) (1986),Animation|Drama|War
81158,Restrepo (2010),Documentary|War
81537,Due Date (2010),Comedy
81562,127 Hours (2010),Adventure|Drama|Thriller
81564,Megamind (2010),Action|Animation|Children|Comedy|Sci-Fi|IMAX
81591,Black Swan (2010),Drama|Thriller
81768,"Man Who Could Work Miracles, The (1936)",Comedy|Fantasy
81782,Unstoppable (2010),Action|Drama|Thriller
81784,Morning Glory (2010),Comedy|Drama|Romance
81804,Wild Target (2010),Comedy|Drama|Romance|Thriller
81819,Biutiful (2010),Drama
81834,Harry Potter and the Deathly Hallows: Part 1 (2010),Action|Adventure|Fantasy|IMAX
81845,"King's Speech, The (2010)",Drama
81847,Tangled (2010),Animation|Children|Comedy|Fantasy|Musical|Romance|IMAX
81932,"Fighter, The (2010)",Drama
82003,"Rendez-vous d'Anna, Les (Meetings of Anna, The) (1978)",Drama
82041,"Loved Ones, The (2009)",Horror
82053,Casino Jack (2010),Comedy|Crime
82095,Skyline (2010),Sci-Fi|Thriller
82152,Beastly (2011),Drama|Fantasy|Romance
82167,Love and Other Drugs (2010),Comedy|Drama|Romance
82196,Intruder in the Dust (1949),Drama
82242,Rare Exports: A Christmas Tale (Rare Exports) (2010),Action|Comedy
82452,Frozen (2007),Drama
82459,True Grit (2010),Western
82461,Tron: Legacy (2010),Action|Adventure|Sci-Fi|IMAX
82463,Another Year (2010),Drama
82534,"Company Men, The (2010)",Drama
82667,I Saw the Devil (Akmareul boatda) (2010),Crime|Thriller
82744,Faster (2010),Action|Crime|Drama
82854,Gulliver's Travels (2010),Adventure|Comedy|Fantasy
82978,Neighbors (1920),Comedy
83067,And Soon the Darkness (2010),Horror|Thriller
83132,"Secret World of Arrietty, The (Kari-gurashi no Arietti) (2010)",Animation|Children|Fantasy
83134,Tucker & Dale vs Evil (2010),Comedy|Horror
83349,"Green Hornet, The (2011)",Action|Comedy|Crime|Fantasy|Thriller|IMAX
83424,Ghajini (2008),Action|Romance|Thriller
83468,Chinaman (Kinamand) (2005),Drama
83585,It's Alive (2008),Horror
83613,Cowboys & Aliens (2011),Action|Sci-Fi|Thriller|Western|IMAX
83976,"Trip, The (2010)",Comedy|Drama
84047,Eight Miles High (Das wilde Leben) (2007),Drama
84152,Limitless (2011),Sci-Fi|Thriller
84187,Evangelion: 2.0 You Can (Not) Advance (Evangerion shin gekijôban: Ha) (2009),Action|Animation|Drama|Sci-Fi
84262,Chain Letter (2009),Horror|Mystery|Thriller
84392,"Lincoln Lawyer, The (2011)",Crime|Drama|Thriller
84772,Paul (2011),Adventure|Comedy|Sci-Fi
84880,"Infidel, The (2010)",Comedy
84944,Rango (2011),Action|Adventure|Animation|Children|Comedy|Western
84954,"Adjustment Bureau, The (2011)",Romance|Sci-Fi|Thriller
84957,"Tempest, The (2010)",Comedy|Drama|Fantasy|Romance
85016,Cropsey (2009),Documentary|Horror
85020,"Mechanic, The (2011)",Action|Drama|Thriller
85056,I Am Number Four (2011),Action|Sci-Fi|Thriller|IMAX
85131,Battle: Los Angeles (2011),Action|Sci-Fi|War
85179,Summer Wars (Samâ wôzu) (2009),Adventure|Animation|Comedy|Sci-Fi
85213,"Sunset Limited, The (2011)",Drama
85342,Elite Squad: The Enemy Within (Tropa de Elite 2 - O Inimigo Agora É Outro) (2010),Action|Crime|Drama
85394,Cave of Forgotten Dreams (2010),Documentary
85397,Red Riding Hood (2011),Fantasy|Horror|Mystery|Thriller
85399,"Big Mommas: Like Father, Like Son (2011)",Comedy
85412,"Troll Hunter, The (Trolljegeren) (2010)",Fantasy|Horror
85414,Source Code (2011),Action|Drama|Mystery|Sci-Fi|Thriller
85438,Jane Eyre (2011),Drama|Romance
85510,Sucker Punch (2011),Action|Fantasy|Thriller|IMAX
85774,Senna (2010),Documentary
85788,Insidious (2010),Fantasy|Horror|Thriller
85881,Win Win (2011),Comedy|Drama
86059,Hop (2011),Animation|Children|Comedy
86142,13 Assassins (Jûsan-nin no shikaku) (2010),Action
86293,Arthur (2011),Comedy
86298,Rio (2011),Adventure|Animation|Children|Comedy
86320,Melancholia (2011),Drama|Sci-Fi
86332,Thor (2011),Action|Adventure|Drama|Fantasy|IMAX
86345,Louis C.K.: Hilarious (2010),Comedy
86347,Louis C.K.: Chewed Up (2008),Comedy
86377,Louis C.K.: Shameless (2007),Comedy
86408,Welcome to the South (Benvenuti al Sud) (2010),Comedy
86642,Cold Weather (2010),Drama
86644,"Fast Five (Fast and the Furious 5, The) (2011)",Action|Crime|Drama|Thriller|IMAX
86781,Incendies (2010),Drama|Mystery|War
86833,Bridesmaids (2011),Comedy
86835,Priest (2011),Action|Horror|Sci-Fi|Thriller
86880,Pirates of the Caribbean: On Stranger Tides (2011),Action|Adventure|Fantasy|IMAX
86882,Midnight in Paris (2011),Comedy|Fantasy|Romance
86911,"Hangover Part II, The (2011)",Comedy
87004,Pina (2011),Documentary|Musical
87192,Attack the Block (2011),Action|Comedy|Sci-Fi
87194,The Way (2010),Adventure|Comedy|Drama
87222,Kung Fu Panda 2 (2011),Action|Adventure|Animation|Children|Comedy|IMAX
87232,X-Men: First Class (2011),Action|Adventure|Sci-Fi|Thriller|War
87270,"Other Woman, The (2009)",Drama
87306,Super 8 (2011),Mystery|Sci-Fi|Thriller|IMAX
87430,Green Lantern (2011),Action|Adventure|Sci-Fi
87483,Mr. Popper's Penguins (2011),Comedy
87485,Bad Teacher (2011),Comedy
87520,Transformers: Dark of the Moon (2011),Action|Adventure|Sci-Fi|War|IMAX
87529,Your Highness (2011),Action|Adventure|Comedy|Fantasy
87660,Too Big to Fail (2011),Drama
87869,Horrible Bosses (2011),Comedy|Crime
87876,Cars 2 (2011),Adventure|Animation|Children|Comedy|IMAX
88108,Monte Carlo (2011),Adventure|Comedy|Romance
88125,Harry Potter and the Deathly Hallows: Part 2 (2011),Action|Adventure|Drama|Fantasy|Mystery|IMAX
88129,Drive (2011),Crime|Drama|Film-Noir|Thriller
88140,Captain America: The First Avenger (2011),Action|Adventure|Sci-Fi|Thriller|War
88163,"Crazy, Stupid, Love. (2011)",Comedy|Drama|Romance
88405,Friends with Benefits (2011),Comedy|Romance
88744,Rise of the Planet of the Apes (2011),Action|Drama|Sci-Fi|Thriller
88785,"Change-Up, The (2011)",Comedy
88810,"Help, The (2011)",Drama
88812,30 Minutes or Less (2011),Action|Comedy|Crime
88821,"Merry Widow, The (1952)",Musical
88911,My Afternoons with Margueritte (La tête en friche) (2010),Comedy
88932,Final Destination 5 (2011),Horror|Thriller|IMAX
88954,"Very Harold & Kumar 3D Christmas, A (2011)",Comedy
89002,Spy Kids: All the Time in the World in 4D (2011),Action|Adventure|Children|Comedy|Sci-Fi
89118,"Skin I Live In, The (La piel que habito) (2011)",Drama
89260,Project Nim (2011),Documentary
89305,"Inbetweeners Movie, The (2011)",Adventure|Comedy
89321,"Future, The (2011)",Drama
89369,"Better Life, A (2011)",Drama
89371,Raging Phoenix (Deu suay doo) (2009),Action|Romance
89401,"Pleasure Seekers, The (1964)",Comedy|Musical|Romance
89427,Shark Night 3D (2011),Horror|Thriller
89470,Contagion (2011),Sci-Fi|Thriller|IMAX
89480,Sleeping Beauty (2011),Drama
89492,Moneyball (2011),Drama
89745,"Avengers, The (2012)",Action|Adventure|Sci-Fi|IMAX
89753,Tinker Tailor Soldier Spy (2011),Drama|Film-Noir|Thriller
89759,"Separation, A (Jodaeiye Nader az Simin) (2011)",Drama
89761,"Dangerous Method, A (2011)",Drama|Thriller
89774,Warrior (2011),Drama
89804,"Ides of March, The (2011)",Drama
89837,Kill List (2011),Horror|Mystery|Thriller
89904,The Artist (2011),Comedy|Drama|Romance
90249,Real Steel (2011),Action|Drama|Sci-Fi|IMAX
90266,Buck (2011),Documentary
90345,"Thing, The (2011)",Horror|Mystery|Sci-Fi|Thriller
90357,Tyrannosaur (2011),Drama
90374,Martha Marcy May Marlene (2011),Drama|Thriller
90376,We Need to Talk About Kevin (2011),Drama|Thriller
90405,In Time (2011),Crime|Sci-Fi|Thriller
90430,Carnage (2011),Comedy|Drama
90439,Margin Call (2011),Drama|Thriller
90469,Paranormal Activity 3 (2011),Horror
90471,Puncture (2011),Drama
90524,Abduction (2011),Action|Drama|Mystery|Thriller
90528,This Must Be the Place (2011),Crime|Drama|Thriller
90531,Shame (2011),Drama
90600,Headhunters (Hodejegerne) (2011),Action|Crime|Thriller
90647,Puss in Boots (2011),Adventure|Animation|Comedy|Fantasy|IMAX
90651,Hella W (2011),Drama
90717,Tower Heist (2011),Action|Comedy|Crime
90719,J. Edgar (2011),Drama
90746,"Adventures of Tintin, The (2011)",Action|Animation|Mystery|IMAX
90866,Hugo (2011),Children|Drama|Mystery
90888,Immortals (2011),Action|Drama|Fantasy
90890,Jack and Jill (2011),Comedy
90929,House of Tolerance (2011),Drama
90958,Daffy Duck's Movie: Fantastic Island (1983),Animation|Children|Comedy
91048,Cherry (2010),Comedy|Drama
91077,"Descendants, The (2011)",Comedy|Drama
91094,"Muppets, The (2011)",Children|Comedy|Musical
91104,"Twilight Saga: Breaking Dawn - Part 1, The (2011)",Adventure|Drama|Fantasy|Romance
91126,War Horse (2011),Drama|War
91128,"Rum Diary, The (2011)",Comedy|Drama|Thriller
91134,My Week with Marilyn (2011),Drama
91325,Extremely Loud and Incredibly Close (2011),Drama
91485,"Expendables 2, The (2012)",Action|Adventure
91488,"Snowman, The (1982)",Animation|Children|Musical
91500,The Hunger Games (2012),Action|Adventure|Drama|Sci-Fi|Thriller
91511,"Goddess, The (Shen nu) (1934)",Drama
91529,"Dark Knight Rises, The (2012)",Action|Adventure|Crime|IMAX
91535,"Bourne Legacy, The (2012)",Action|Adventure|Drama|Thriller|IMAX
91542,Sherlock Holmes: A Game of Shadows (2011),Action|Adventure|Comedy|Crime|Mystery|Thriller
91622,Young Adult (2011),Comedy|Drama
91630,Mission: Impossible - Ghost Protocol (2011),Action|Adventure|Thriller|IMAX
91653,We Bought a Zoo (2011),Comedy|Drama
91658,"Girl with the Dragon Tattoo, The (2011)",Drama|Thriller
91660,"Darkest Hour, The (2011)",Action|Horror|Sci-Fi|Thriller
91886,Dolphin Tale (2011),Children|Drama
91914,Mad Bastards (2010),Drama
91974,Underworld: Awakening (2012),Action|Fantasy|Horror|IMAX
91976,"Grey, The (2012)",Action|Drama
91978,Man on a Ledge (2012),Crime|Thriller
92058,"Human Centipede II (Full Sequence), The (2011)",Horror
92118,"Terrorizers, The (Kong bu fen zi) (1986)",Drama
92210,"Disappearance of Haruhi Suzumiya, The (Suzumiya Haruhi no shôshitsu) (2010)",Adventure|Animation|Drama|Mystery|Sci-Fi
92245,Enthusiasm (Entuziazm: Simfoniya Donbassa) (1931),Documentary
92259,Intouchables (2011),Comedy|Drama
92420,Chronicle (2012),Action|Sci-Fi|Thriller
92507,Safe House (2012),Action|Crime|Mystery|Thriller
92509,"Vow, The (2012)",Drama|Romance
92681,Journey 2: The Mysterious Island (2012),Action|Adventure|Comedy|Sci-Fi|IMAX
92694,Perfect Sense (2011),Drama|Romance|Sci-Fi
92944,"Monster in Paris, A (Un monstre à Paris) (2011)",Adventure|Animation|Children
93040,"Civil War, The (1990)",Documentary|War
93270,Project X (2012),Comedy
93363,John Carter (2012),Action|Adventure|Sci-Fi|IMAX
93443,Goon (2011),Comedy|Drama
93510,21 Jump Street (2012),Action|Comedy|Crime
93512,"Jeff, Who Lives at Home (2012)",Comedy|Drama
93693,Casa de mi Padre (2012),Comedy
93740,Salmon Fishing in the Yemen (2011),Comedy|Drama|Romance
93766,Wrath of the Titans (2012),Action|Adventure|Fantasy|IMAX
93831,American Reunion (American Pie 4) (2012),Comedy
93838,The Raid: Redemption (2011),Action|Crime
93840,"Cabin in the Woods, The (2012)",Comedy|Horror|Sci-Fi|Thriller
93855,God Bless America (2011),Comedy|Drama
93988,North & South (2004),Drama|Romance
94018,Battleship (2012),Action|Sci-Fi|Thriller|IMAX
94262,"Atomic Submarine, The (1959)",Sci-Fi|Thriller
94271,Voyage to the End of the Universe (Ikarie XB 1) (1963),Sci-Fi
94325,"Lucky One, The (2012)",Drama
94478,Dark Shadows (2012),Comedy|Horror|IMAX
94558,Beyond the Black Rainbow (2010),Mystery|Sci-Fi
94663,Vicky Donor (2012),Comedy|Romance
94677,"Dictator, The (2012)",Comedy
94777,Men in Black III (M.III.B.) (M.I.B.³) (2012),Action|Comedy|Sci-Fi|IMAX
94780,Snow White and the Huntsman (2012),Action|Adventure|Drama
94799,Sound of My Voice (2011),Drama|Mystery|Sci-Fi
94833,"Pirates! Band of Misfits, The (2012)",Adventure|Animation|Children|Comedy
94864,Prometheus (2012),Action|Horror|Sci-Fi|IMAX
94939,Sound of Noise (2010),Comedy|Crime|Musical
94953,Wanderlust (2012),Comedy
94959,Moonrise Kingdom (2012),Comedy|Drama|Romance
94985,Get the Gringo (2012),Action|Crime|Drama|Thriller
95088,Safety Not Guaranteed (2012),Comedy|Drama
95105,Madagascar 3: Europe's Most Wanted (2012),Adventure|Animation|Children|Comedy|IMAX
95167,Brave (2012),Action|Adventure|Animation|Children
95199,What to Expect When You're Expecting (2012),Comedy|Drama|Romance
95201,To Rome with Love (2012),Comedy
95309,Seeking a Friend for the End of the World (2012),Comedy|Drama|Romance
95441,Ted (2012),Comedy|Fantasy
95488,On the Road (2012),Adventure|Drama
95510,"Amazing Spider-Man, The (2012)",Action|Adventure|Sci-Fi|IMAX
95543,Ice Age 4: Continental Drift (2012),Adventure|Animation|Comedy
95558,Beasts of the Southern Wild (2012),Drama|Fantasy
95720,"Watch, The (2012)",Comedy|Sci-Fi
95744,2 Days in New York (2012),Comedy
95756,"Cat in the Hat, The (1971)",Animation|Children
95858,For the Birds (2000),Animation|Children|Comedy
95875,Total Recall (2012),Action|Sci-Fi|Thriller
96079,Skyfall (2012),Action|Adventure|Thriller|IMAX
96110,"Campaign, The (2012)",Comedy
96121,Hope Springs (2012),Comedy|Drama
96214,Primal (2010),Horror|Thriller
96281,ParaNorman (2012),Adventure|Animation|Comedy
96373,Broken (2012),Drama
96417,Premium Rush (2012),Action|Thriller
96432,Lawless (2012),Crime|Drama
96471,Prime Suspect 3 (1993),Crime|Drama|Mystery
96488,Searching for Sugar Man (2012),Documentary
96588,Pitch Perfect (2012),Comedy|Musical
96606,Samsara (2011),Documentary
96610,Looper (2012),Action|Crime|Sci-Fi
96616,That's My Boy (2012),Comedy
96655,Robot & Frank (2012),Comedy|Drama|Sci-Fi
96664,Where Do We Go Now? (2011),Comedy|Drama
96691,Resident Evil: Retribution (2012),Action|Horror|Sci-Fi|IMAX
96737,Dredd (2012),Action|Sci-Fi
96751,Arbitrage (2012),Drama|Thriller
96811,End of Watch (2012),Crime|Drama|Thriller
96821,"Perks of Being a Wallflower, The (2012)",Drama|Romance
96829,"Hunt, The (Jagten) (2012)",Drama
96857,Red Lights (2012),Drama|Mystery|Thriller
96941,2016: Obama's America (2012),Documentary
96969,"Magic of Belle Isle, The (2012)",Comedy|Drama
97168,Marley (2012),Documentary
97188,Sinister (2012),Horror|Thriller
97225,Hotel Transylvania (2012),Animation|Children|Comedy
97304,Argo (2012),Drama|Thriller
97306,Seven Psychopaths (2012),Comedy|Crime
97423,Michael (2011),Drama|Thriller
97462,Hoodwinked Too! Hood vs. Evil (2011),Animation|Comedy
97701,Paranormal Activity 4 (2012),Horror|IMAX
97715,"Babymakers, The (2012)",Adventure|Comedy
97752,Cloud Atlas (2012),Drama|Sci-Fi|IMAX
97817,Pumping Iron II: The Women (1985),Documentary
97836,Here Comes the Boom (2012),Action|Comedy
97860,Killing Them Softly (2012),Crime|Drama|Thriller
97913,Wreck-It Ralph (2012),Animation|Comedy
97921,Silver Linings Playbook (2012),Comedy|Drama
97923,Flight (2012),Drama
97936,Anna Karenina (2012),Drama
97938,Life of Pi (2012),Adventure|Drama|IMAX
97988,"Bay, The (2012)",Horror|Sci-Fi|Thriller
98056,Amour (2012),Drama|Romance
98154,Lincoln (2012),Drama|War
98203,"Twilight Saga: Breaking Dawn - Part 2, The (2012)",Adventure|Drama|Fantasy|Romance|IMAX
98239,Red Dawn (2012),Action|War
98243,Rise of the Guardians (2012),Adventure|Animation|Children|Fantasy|IMAX
98361,Byzantium (2012),Drama|Fantasy|Thriller
98378,Four more years (Fyra år till) (2010),Comedy|Romance
98467,"Killer Meteors, The (Feng yu shuang liu xing) (1976)",Action|Thriller
98491,Paperman (2012),Animation|Comedy|Romance
98585,Hitchcock (2012),Drama
98587,Caesar Must Die (Cesare deve morire) (2012),Drama
98604,From Up on Poppy Hill (Kokuriko-zaka kara) (2011),Animation|Drama|Romance
98797,Barbara (2012),Drama
98809,"Hobbit: An Unexpected Journey, The (2012)",Adventure|Fantasy|IMAX
98961,Zero Dark Thirty (2012),Action|Drama|Thriller
99007,Warm Bodies (2013),Comedy|Horror|Romance
99112,Jack Reacher (2012),Action|Crime|Thriller
99114,Django Unchained (2012),Action|Drama|Western
99149,"Misérables, Les (2012)",Drama|Musical|Romance|IMAX
99402,Alois Nebel (2011),Animation|Crime|War
99846,Everything or Nothing: The Untold Story of 007 (2012),Documentary
99917,Upstream Color (2013),Romance|Sci-Fi|Thriller
99989,Bonsái (2011),Drama
100044,Human Planet (2011),Documentary
100108,Parker (2013),Crime|Thriller
100138,"Simple Life, A (Tao jie) (2011)",Drama
100244,"East, The (2013)",Drama
100326,Stand Up Guys (2012),Comedy|Crime
100383,Side Effects (2013),Crime|Drama|Mystery|Thriller
100390,Identity Thief (2013),Comedy|Crime
100498,"Good Day to Die Hard, A (2013)",Action|Crime|Thriller|IMAX
100556,"Act of Killing, The (2012)",Documentary
100714,Before Midnight (2013),Drama|Romance
100810,Dark Skies (2013),Horror|Sci-Fi|Thriller
101088,Stoker (2013),Drama|Mystery|Thriller
101112,Oz the Great and Powerful (2013),Action|Adventure|Fantasy|IMAX
101137,Dead Man Down (2013),Action|Crime|Drama|Romance|Thriller
101142,"Croods, The (2013)",Adventure|Animation|Comedy
101362,Olympus Has Fallen (2013),Action|Thriller
101415,"First Time, The (2012)",Comedy|Drama|Romance
101525,"Place Beyond the Pines, The (2012)",Crime|Drama
101577,"Host, The (2013)",Action|Adventure|Romance
101648,"Flat, The (2011)",Documentary
101864,Oblivion (2013),Action|Adventure|Sci-Fi|IMAX
101893,To the Wonder (2013),Drama|Romance
101962,Wolf Children (Okami kodomo no ame to yuki) (2012),Animation|Fantasy
101997,Scary Movie 5 (Scary MoVie) (2013),Comedy
102123,This Is the End (2013),Action|Comedy
102125,Iron Man 3 (2013),Action|Sci-Fi|Thriller|IMAX
102160,"Numbers Station, The (2013)",Action|Thriller
102407,"Great Gatsby, The (2013)",Drama
102445,Star Trek Into Darkness (2013),Action|Adventure|Sci-Fi|IMAX
102481,"Internship, The (2013)",Comedy
102686,"Hangover Part III, The (2013)",Comedy
102716,"Fast & Furious 6 (Fast and the Furious 6, The) (2013)",Action|Crime|Thriller|IMAX
102720,Epic (2013),Adventure|Animation|Fantasy
102800,Frances Ha (2012),Comedy|Drama
102880,After Earth (2013),Action|Adventure|Sci-Fi|IMAX
102903,Now You See Me (2013),Crime|Mystery|Thriller
102993,"Way, Way Back, The (2013)",Comedy|Drama
103017,The Body (2012),Mystery|Thriller
103042,Man of Steel (2013),Action|Adventure|Fantasy|Sci-Fi|IMAX
103075,"Purge, The (2013)",Crime|Horror|Thriller
103137,"Bling Ring, The (2013)",Crime|Drama
103141,Monsters University (2013),Adventure|Animation|Comedy
103228,Pacific Rim (2013),Action|Adventure|Sci-Fi|IMAX
103249,World War Z (2013),Action|Drama|Horror|IMAX
103253,Elysium (2013),Action|Drama|Sci-Fi|IMAX
103315,Odd Thomas (2013),Drama|Fantasy|Mystery|Thriller
103335,Despicable Me 2 (2013),Animation|Children|Comedy|IMAX
103339,White House Down (2013),Action|Drama|Thriller|IMAX
103341,"World's End, The (2013)",Action|Comedy|Sci-Fi
103372,"Heat, The (2013)",Action|Comedy|Crime
103384,"Lone Ranger, The (2013)",Action|Adventure|Western|IMAX
103444,Woody Allen: A Documentary (2012),Documentary
103483,V/H/S/2 (2013),Horror|Thriller
103539,The Spectacular Now (2013),Comedy|Drama|Romance
103606,Stuck in Love (2012),Comedy|Drama|Romance
103641,D-Day (2013),Action|Thriller
103688,"Conjuring, The (2013)",Horror|Thriller
103727,"Colony, The (2013)",Action|Horror|Sci-Fi|Thriller
103751,Gasland Part II (2013),Documentary
103755,Turbo (2013),Adventure|Animation|Children|Comedy|Fantasy
103772,"Wolverine, The (2013)",Action|Adventure|Fantasy|Sci-Fi
103810,Red 2 (2013),Action|Comedy|Crime|Thriller
103816,"Battery, The (2012)",Drama|Horror
103883,2 Guns (2013),Action|Comedy|Crime
103980,Blue Jasmine (2013),Drama
103984,"Great Beauty, The (Grande Bellezza, La) (2013)",Comedy|Drama
104074,Percy Jackson: Sea of Monsters (2013),Adventure|Children|Fantasy
104211,We're the Millers (2013),Comedy|Crime
104218,Grown Ups 2 (2013),Comedy
104241,Kick-Ass 2 (2013),Action|Comedy|Crime
104243,Riddick (2013),Action|Sci-Fi|Thriller|IMAX
104283,"Wind Rises, The (Kaze tachinu) (2013)",Animation|Drama|Romance
104303,Jobs (2013),Drama
104321,Touchy Feely (2013),Drama
104337,Lee Daniels' The Butler (2013),Drama
104350,Terms and Conditions May Apply (2013),Documentary
104374,About Time (2013),Drama|Fantasy|Romance
104457,You're Next (2011),Horror|Thriller
104518,Empire State (2013),Action|Drama
104841,Gravity (2013),Action|Sci-Fi|IMAX
104854,"Coward, The (Kapurush) (1965)",Drama
104863,What If (2013),Comedy|Drama|Romance
104875,"History of Future Folk, The (2012)",Adventure|Comedy|Musical|Sci-Fi
104879,Prisoners (2013),Drama|Mystery|Thriller
104913,Rush (2013),Action|Drama
104925,"Family, The (2013)",Action|Comedy|Crime
104944,Short Term 12 (2013),Drama
104959,Aurora Borealis (2005),Drama|Romance
104998,Paradise: Faith (Paradies: Glaube) (2012),Drama
105197,Nebraska (2013),Adventure|Drama
105213,Don Jon (2013),Comedy|Drama|Romance
105250,"Century of the Self, The (2002)",Documentary
105340,Miracle in Cell No. 7 (2013),Comedy|Drama
105439,Sword of Desperation (Hisshiken torisashi) (2010),Action|Drama
105468,Cloudy with a Chance of Meatballs 2 (2013),Animation|Children|Comedy|Fantasy
105504,Captain Phillips (2013),Adventure|Drama|Thriller|IMAX
105585,Machete Kills (Machete 2) (2013),Action|Crime|Thriller
105593,Filth (2013),Comedy|Crime|Drama
105653,Escape Plan (2013),Action|Mystery|Thriller
105731,Carrie (2013),Drama|Horror
105742,"Fifth Estate, The (2013)",Drama|Thriller
105844,12 Years a Slave (2013),Drama
106002,Ender's Game (2013),Action|Adventure|Sci-Fi|IMAX
106011,"Blue Umbrella, The (2013)",Animation
106022,Toy Story of Terror (2013),Animation|Children|Comedy
106062,Jackass Presents: Bad Grandpa (2013),Comedy
106072,Thor: The Dark World (2013),Action|Adventure|Fantasy|IMAX
106100,Dallas Buyers Club (2013),Drama
106234,Great Expectations (2012),Drama
106452,Ida (2013),Drama
106487,The Hunger Games: Catching Fire (2013),Action|Adventure|Sci-Fi|IMAX
106489,"Hobbit: The Desolation of Smaug, The (2013)",Adventure|Fantasy|IMAX
106696,Frozen (2013),Adventure|Animation|Comedy|Fantasy|Musical|Romance
106766,Inside Llewyn Davis (2013),Drama
106782,"Wolf of Wall Street, The (2013)",Comedy|Crime|Drama
106841,August: Osage County (2013),Comedy|Drama
106916,American Hustle (2013),Crime|Drama
106918,"Secret Life of Walter Mitty, The (2013)",Adventure|Comedy|Drama
106920,Her (2013),Drama|Romance|Sci-Fi
107069,Lone Survivor (2013),Action|Drama|Thriller|War
107314,Oldboy (2013),Action|Drama|Mystery
107348,Anchorman 2: The Legend Continues (2013),Comedy
107406,Snowpiercer (2013),Action|Drama|Sci-Fi
107412,"Kidnapping, Caucasian Style (Kavkazskaya plennitsa) (1967)",Comedy|Romance
107702,Grudge Match (2013),Comedy
107769,Paranormal Activity: The Marked Ones (2014),Horror|Thriller
107771,Only Lovers Left Alive (2013),Drama|Horror|Romance
108188,Jack Ryan: Shadow Recruit (2014),Action|Drama|Thriller|IMAX
108190,Divergent (2014),Adventure|Romance|Sci-Fi|IMAX
108729,Enemy (2013),Mystery|Thriller
108864,"Prey, The (La proie) (2011)",Action|Crime|Thriller
108879,Teen Beach Movie (2013),Children|Musical
108932,The Lego Movie (2014),Action|Adventure|Animation|Children|Comedy|Fantasy
108945,RoboCop (2014),Action|Crime|Sci-Fi|IMAX
108977,Paranoia Agent (2004),Animation|Crime|Drama|Horror|Mystery
108983,La Luna (2011),Animation
109015,"Beware the Gonzo (Gonzo Files, The) (2010)",Comedy|Drama|Romance
109042,Knights of Badassdom (2013),Adventure|Comedy|Fantasy
109374,"Grand Budapest Hotel, The (2014)",Comedy|Drama
109483,That Awkward Moment (2014),Comedy|Romance
109487,Interstellar (2014),Sci-Fi|IMAX
109569,3 Days to Kill (2014),Action|Crime|Drama
109578,Non-Stop (2014),Action|Mystery|Thriller
109673,300: Rise of an Empire (2014),Action|Drama|War|IMAX
109848,Under the Skin (2013),Horror|Sci-Fi|Thriller
109850,Need for Speed (2014),Action|Crime|Drama|IMAX
109895,Bad Words (2013),Comedy
110102,Captain America: The Winter Soldier (2014),Action|Adventure|Sci-Fi|IMAX
110127,Noah (2014),Adventure|Drama|IMAX
110297,Muppets Most Wanted (2014),Adventure|Comedy|Crime
110501,The Raid 2: Berandal (2014),Action|Crime|Thriller
110553,The Amazing Spider-Man 2 (2014),Action|Sci-Fi|IMAX
110586,Calvary (2014),Comedy|Drama
110591,Oculus (2013),Horror
110593,Full House (O. Henry's Full House) (1952),Drama
110675,In Your Eyes (2014),Drama|Fantasy|Romance
110730,Transcendence (2014),Drama|Sci-Fi|IMAX
110882,Locke (2013),Drama
111113,Neighbors (2014),Comedy
111235,Jodorowsky's Dune (2013),Documentary|Sci-Fi
111251,"Immigrant, The (2013)",Drama|Romance
111360,Lucy (2014),Action|Sci-Fi
111362,X-Men: Days of Future Past (2014),Action|Adventure|Sci-Fi
111364,Godzilla (2014),Action|Adventure|Sci-Fi|IMAX
111375,Walk of Shame (2014),Comedy
111443,Chef (2014),Comedy
111617,Blended (2014),Comedy
111622,Begin Again (2013),Comedy|Romance
111659,Maleficent (2014),Action|Adventure|Children|IMAX
111732,"Dance of Reality, The (Danza de la realidad, La) (2013)",Drama|Fantasy
111759,Edge of Tomorrow (2014),Action|Sci-Fi|IMAX
111781,Mission: Impossible - Rogue Nation (2015),Action|Adventure|Thriller
111856,7500 (2014),Action|Horror|Mystery|Thriller
111913,Lilting (2014),Drama
111921,The Fault in Our Stars (2014),Drama|Romance
111924,"Grand Seduction, The (2013)",Comedy
112070,Maps to the Stars (2014),Drama
112138,22 Jump Street (2014),Action|Comedy|Crime
112171,"Equalizer, The (2014)",Action|Crime|Thriller
112175,How to Train Your Dragon 2 (2014),Action|Adventure|Animation
112183,Birdman: Or (The Unexpected Virtue of Ignorance) (2014),Comedy|Drama
112326,Nick Fury: Agent of S.H.I.E.L.D. (1998),Action|Sci-Fi
112370,Transformers: Age of Extinction (2014),Action|Adventure|Sci-Fi
112421,Frank (2014),Comedy|Drama|Mystery
112488,"Gunfighter, The (2014)",Action|Comedy|Western
112552,Whiplash (2014),Drama
112556,Gone Girl (2014),Drama|Thriller
112623,Dawn of the Planet of the Apes (2014),Sci-Fi
112852,Guardians of the Galaxy (2014),Action|Adventure|Sci-Fi
112911,Hercules (2014),Action|Adventure
112974,C.O.G. (2013),Comedy|Drama
113029,"Keeper, The (2004)",Crime|Drama|Thriller
113275,The Hundred-Foot Journey (2014),Comedy|Drama
113345,Jupiter Ascending (2015),Action|Adventure|Sci-Fi
113348,Teenage Mutant Ninja Turtles (2014),Action|Adventure|Comedy
113394,"Pretty One, The (2013)",Comedy|Drama
113453,Let's Be Cops (2014),Comedy|Crime
113573,Sin City: A Dame to Kill For (2014),Action|Crime|Thriller
113604,If I Stay (2014),Drama
113640,"Canal, The (2014)",Horror|Thriller
113741,Coherence (2013),Drama|Mystery|Sci-Fi|Thriller
113829,"One I Love, The (2014)",Comedy|Drama|Romance
113862,"Guest, The (2014)",Thriller
114007,Before I Go to Sleep (2014),Mystery|Thriller
114060,The Drop (2014),Crime|Drama|Thriller
114180,"Maze Runner, The (2014)",Action|Mystery|Sci-Fi
114246,"Walk Among the Tombstones, A (2014)",Action|Crime|Mystery|Thriller
114486,"Electric Boogaloo: The Wild, Untold Story of Cannon Films (2014)",Comedy|Documentary
114554,"Tale of Princess Kaguya, The (Kaguyahime no monogatari) (2013)",Animation|Drama|Fantasy
114662,American Sniper (2014),Action|War
114678,Hector and the Search for Happiness (2014),Adventure|Comedy|Drama
114700,"Tribe, The (Plemya) (2014)",Crime|Drama
114713,Annabelle (2014),Horror
114762,Two Night Stand (2014),Comedy|Romance
114795,Dracula Untold (2014),Action|Drama|Fantasy
114838,"Initiation, The (1984)",Horror|Mystery|Thriller
114847,Autómata (Automata) (2014),Sci-Fi|Thriller
114935,Predestination (2014),Action|Mystery|Sci-Fi|Thriller
115122,What We Do in the Shadows (2014),Comedy|Horror
115149,John Wick (2014),Action|Thriller
115170,"Judge, The (2014)",Drama
115210,Fury (2014),Action|Drama|War
115216,"Salvation, The (2014)",Drama|Western
115231,St. Vincent (2014),Comedy
115244,Mine Games (2012),Mystery|Thriller
115309,"Swan Princess: The Mystery of the Enchanted Treasure, The (1998)",Animation|Children|Fantasy|Mystery
115569,Nightcrawler (2014),Crime|Drama|Thriller
115617,Big Hero 6 (2014),Action|Animation|Comedy
115713,Ex Machina (2015),Drama|Sci-Fi|Thriller
115824,Mr. Turner (2014),Drama
115881,9 (2005),Animation|Fantasy
115991,"Kumiko, the Treasure Hunter (2014)",Comedy|Drama
116012,The Young Savages (1961),Crime|Drama
116138,Leviathan (2014),Drama
116161,Foxcatcher (2014),Drama
116275,Dane Cook: Vicious Circle (2006),Comedy
116411,Tangerines (2013),Drama
116483,Hawaii (2013),Romance
116590,Death In Love (2008),Drama|Romance|War
116797,The Imitation Game (2014),Drama|Thriller|War
116823,The Hunger Games: Mockingjay - Part 1 (2014),Adventure|Sci-Fi|Thriller
116855,The Way He Looks (2014),Drama|Romance
116897,Wild Tales (2014),Comedy|Drama|Thriller
116951,Bo Burnham: what. (2013),Comedy
116977,Dumb and Dumber To (2014),Comedy
117176,The Theory of Everything (2014),Drama|Romance
117344,Ragnarok (2013),Action|Adventure
117438,When Marnie Was There (2014),Animation|Drama
117444,Song of the Sea (2014),Animation|Children|Fantasy
117529,Jurassic World (2015),Action|Adventure|Drama|Sci-Fi|Thriller
117533,Citizenfour (2014),Documentary
117851,Penguins of Madagascar (2014),Adventure|Animation|Children|Comedy
117863,Ragamuffin (2014),Drama
117867,'71 (2014),Action|Drama|Thriller|War
117881,Still Alice (2014),Drama
117887,Paddington (2014),Children|Comedy
117895,Maze Runner: Scorch Trials (2015),Action|Thriller
118202,Cowspiracy: The Sustainability Secret (2014),Adventure|Comedy|Documentary|Mystery
118256,WolfCop (2014),Comedy|Horror
118696,The Hobbit: The Battle of the Five Armies (2014),Adventure|Fantasy
118710,The Frame (2014),Crime|Drama|Fantasy|Romance|Thriller
118760,The Good Lie (2014),Drama
118888,Dave Chappelle: For What it's Worth (2004),Comedy
118896,Mommy (2014),Drama
118930,Bill Burr: I'm Sorry You Feel That Way (2014),Comedy
119145,Kingsman: The Secret Service (2015),Action|Adventure|Comedy|Crime
119450,Total Western (2000),Action|Crime|Drama|Thriller
120104,Fitzwilly (1967),Comedy|Romance
120130,Into the Forest of Fireflies' Light (2011),Animation|Drama|Fantasy
120134,Doggiewoggiez! Poochiewoochiez! (2012),Comedy
120635,Taken 3 (2015),Action|Crime|Thriller
120799,Terminator Genisys (2015),Action|Adventure|Sci-Fi|Thriller
120807,John Mulaney: New In Town (2012),Comedy
120877,Talcum Powder (1982),Comedy
121171,Red Army (2014),Documentary
121231,It Follows (2014),Horror
121372,Bill Burr: Let It Go (2010),Comedy
122470,Inside Out (2011),Crime|Drama
122772,Love Birds (2011),Comedy|Romance
122882,Mad Max: Fury Road (2015),Action|Adventure|Sci-Fi|Thriller
122884,Insidious: Chapter 3 (2015),Fantasy|Horror|Thriller
122886,Star Wars: Episode VII - The Force Awakens (2015),Action|Adventure|Fantasy|Sci-Fi|IMAX
122890,Warcraft (2016),Action|Adventure|Fantasy
122892,Avengers: Age of Ultron (2015),Action|Adventure|Sci-Fi
122896,Pirates of the Caribbean: Dead Men Tell No Tales (2017),(no genres listed)
122898,Justice League (2017),Action|Adventure|Sci-Fi
122900,Ant-Man (2015),Action|Adventure|Sci-Fi
122904,Deadpool (2016),Action|Adventure|Comedy|Sci-Fi
122906,Black Panther (2017),Action|Adventure|Sci-Fi
122910,Captain Marvel (2018),Action|Adventure|Sci-Fi
122912,Avengers: Infinity War - Part I (2018),Action|Adventure|Sci-Fi
122914,Avengers: Infinity War - Part II (2019),Action|Adventure|Sci-Fi
122916,Thor: Ragnarok (2017),Action|Adventure|Sci-Fi
122918,Guardians of the Galaxy 2 (2017),Action|Adventure|Sci-Fi
122920,Captain America: Civil War (2016),Action|Sci-Fi|Thriller
122922,Doctor Strange (2016),Action|Adventure|Sci-Fi
122926,Untitled Spider-Man Reboot (2017),Action|Adventure|Fantasy
122936,Too Late Blues (1961),Drama
123200,Jim Jefferies: I Swear to God (2009),Comedy
123244,"Cry, the Beloved Country (1952)",Drama
123312,The Opposite Sex (1956),Comedy|Drama|Romance
123591,The Ghost Train (1941),Comedy|Horror|Thriller
124131,Lewis Black: Stark Raving Black (2009),Comedy
124873,The Turning Point (1952),Action|Drama
125051,The Cup (2012),Drama
125916,Fifty Shades of Grey (2015),Drama|Romance
126072,The Little Matchgirl (2006),Animation
126430,The Pacific (2010),Action|Adventure|Drama|War
126548,The DUFF (2015),Comedy
127108,Brooklyn (2015),Drama|Romance
127114,The End of the Tour (2015),Drama
127116,Experimenter (2015),Drama
127134,A Walk in the Woods (2015),Adventure|Comedy|Drama
127140,Sleeping with Other People (2015),Comedy|Drama|Romance
127146,Kurt Cobain: Montage of Heck (2015),Documentary
127152,Going Clear: Scientology and the Prison of Belief (2015),Documentary
127204,The Overnight (2015),Comedy
127278,When the Bough Breaks (1994),Drama|Thriller
127390,Family Guy Presents: Blue Harvest (2007),Animation|Comedy
128093,"Bo Burnham: Words, Words, Words (2010)",Comedy
128141,The New Kids (1985),Horror
128360,The Hateful Eight (2015),Western
128429,What Have You Done to Solange? (1972),Crime
128838,Crimson Peak (2015),Horror
128852,Chris Rock: Bigger & Blacker (1999),Comedy
128944,"Honey, We Shrunk Ourselves (1997)",Action|Adventure|Children|Comedy|Sci-Fi
129428,The Second Best Exotic Marigold Hotel (2015),Comedy|Drama
129514,George Carlin: It's Bad for Ya! (2008),Comedy
129773,Soulless (2012),Comedy|Drama
129911,Playing (2007),Documentary
129937,Run All Night (2015),Action|Crime|Drama|Thriller
130073,Cinderella (2015),Children|Drama|Fantasy|Romance
130452,While We're Young (2014),Comedy|Drama
130496,Big Game (2014),Action|Adventure
130520,Home (2015),Adventure|Animation|Children|Comedy|Fantasy|Sci-Fi
130634,Furious 7 (2015),Action|Crime|Thriller
130636,Unfriended (2014),Horror|Mystery|Thriller
130684,We Are Still Here (2015),Horror
130904,Balloon Farm (1999),Children|Drama
130988,A Little Chaos (2014),Drama|Romance
131004,"The Yakuza Papers, Vol. 4: Police Tactics (1974)",Crime|Drama
131457,Rise of the Legend (2014),Action|Drama
131724,The Jinx: The Life and Deaths of Robert Durst (2015),Documentary
131998,Night School (1981),Horror|Mystery|Thriller
132112,Good Kill (2014),Drama|Thriller
132424,The Longest Ride (2015),Drama|Romance
132446,Atari: Game Over (2014),Documentary
132456,Lage Raho Munna Bhai (2006),Comedy|Drama|Romance
132480,The Age of Adaline (2015),Drama|Fantasy|Romance
132549,Grandma (2015),(no genres listed)
132569,Comedy Central Roast of Justin Bieber (2015),Comedy
132584,The Even Stevens Movie (2003),Children|Comedy
132650,Pokémon: Mewtwo Returns (2000),Animation|Children
132660,Man Up (2015),Comedy|Romance
132758,"Seduction of Mimi, The (Mimì metallurgico ferito nell'onore) (1972)",Comedy
132796,San Andreas (2015),Action|Drama|Thriller
132906,The Man with the Iron Fists 2 (2015),Action
132922,Emanuelle in America (1977),Adventure|Drama|Romance
132954,Awake: The Life of Yogananda (2014),Documentary
133143,Barbie and the Diamond Castle (2008),Animation|Children
133163,Barbie Fairytopia: Magic of the Rainbow (2007),Animation|Children|Fantasy|Romance
133195,Hitman: Agent 47 (2015),Action|Crime|Thriller
133281,Ricki and the Flash (2015),Comedy|Drama
133377,Infini (2015),Horror|Sci-Fi|Thriller
133645,Carol (2015),Drama|Romance
133710,Strangerland (2015),Drama|Thriller
133712,Office Romance (1977),Comedy|Romance
133771,The Lobster (2015),Comedy|Romance|Sci-Fi
133782,Maggie (2015),Drama|Horror|Thriller
133798,Hot Pursuit (2015),Action|Comedy
133802,Slow West (2015),Action|Thriller|Western
133867,Barely Lethal (2015),Action|Adventure|Comedy
134130,The Martian (2015),Adventure|Drama|Sci-Fi
134368,Spy (2015),Action|Comedy|Crime
134569,She's Funny That Way (2015),Comedy
134680,Taxi (2015),Comedy|Drama
134853,Inside Out (2015),Adventure|Animation|Children|Comedy|Drama|Fantasy
134881,Love & Mercy (2014),Drama
135133,The Hunger Games: Mockingjay - Part 2 (2015),Adventure|Sci-Fi
135135,Max (2015),Adventure|Children|Drama
135137,Pixels (2015),Action|Comedy|Sci-Fi
135141,Allegiant: Part 1 (2016),Adventure|Sci-Fi
135143,Fantastic Beasts and Where to Find Them (2016),Fantasy
135436,The Secret Life of Pets (2016),Animation|Comedy
135492,Kaaka Muttai (2015),(no genres listed)
135502,The Boy and the World (2013),Animation
135518,Self/less (2015),Action|Mystery|Sci-Fi|Thriller
135536,Suicide Squad (2016),Action|Crime|Sci-Fi
135567,Independence Day: Resurgence (2016),Action|Adventure|Sci-Fi
135569,Star Trek Beyond (2016),Action|Adventure|Sci-Fi
135697,Morgan Murphy: Irish Goodbye (2014),Comedy
135861,Ted 2 (2015),Comedy
135887,Minions (2015),Adventure|Animation|Children|Comedy
136016,The Good Dinosaur (2015),Adventure|Animation|Children|Comedy|Fantasy
136018,Black Mass (2015),Crime|Drama
136020,Spectre (2015),Action|Adventure|Crime
136204,The Second Mother (2015),Drama
136347,Scooby-Doo Meets the Boo Brothers (1987),Adventure|Animation|Children|Comedy
136449,Ghost in the Shell 2.0 (2008),Action|Animation|Sci-Fi
136469,Larry David: Curb Your Enthusiasm (1999),Comedy
136485,Robot Chicken: Star Wars (2007),Animation|Comedy|Sci-Fi
136562,Steve Jobs (2015),Drama
136564,Macbeth (2015),Drama
136580,The Prodigies (2011),Animation|Sci-Fi
136602,Creep (2014),Horror|Thriller
136712,Moebius (1996),Sci-Fi
136748,The Brooke Ellison Story (2004),Drama
136864,Batman v Superman: Dawn of Justice (2016),Action|Adventure|Fantasy|Sci-Fi
137319,The Rainbow (1989),Action|Drama|Romance
137857,The Jungle Book (2016),Adventure|Drama|Fantasy
137863,Dragon Ball Z: Resurrection of F (2015),Action|Adventure|Animation|Fantasy
138036,The Man from U.N.C.L.E. (2015),Action|Adventure|Comedy
138208,The Walk (2015),Adventure|Drama|Thriller
138606,The Rise and Rise of Bitcoin (2014),Documentary
138846,Svengali (2013),Comedy
138998,Tracks of a Killer (1996),(no genres listed)
139385,The Revenant (2015),Adventure|Drama
139417,Tale of Tales (2015),Fantasy
139642,Southpaw (2015),Action|Drama
139644,Sicario (2015),Crime|Drama|Mystery
139655,Goodnight Mommy (Ich seh ich seh) (2014),Drama|Fantasy|Horror|Thriller
139783,Eugene Mirman: Vegan on His Way to the Complain Store (2015),Comedy
140110,The Intern (2015),Comedy
140115,Batman Unlimited: Monster Mayhem (2015),Action|Animation
140174,Room (2015),Drama
140267,The Witch (2015),Horror
140279,Eldorado (2008),Comedy|Drama
140549,Serpentine Dance: Loïe Fuller (1897),(no genres listed)
140649,Csinibaba (1997),Comedy
140711,American Ultra (2015),Action|Comedy|Sci-Fi|Thriller
140725,Cop Car (2015),Crime|Thriller
140737,The Lost Room (2006),Action|Fantasy|Mystery
140880,Fashion Victims (2007),Comedy
140956,Ready Player One,Action|Sci-Fi|Thriller
141393,Kill Your Friends (2015),Comedy|Crime|Thriller
141397,Equals (2015),Drama|Sci-Fi
141420,Paranormal Activity 2: Tokyo Night (2010),Horror|Thriller
141688,Legend (2015),Crime|Thriller
141816,12 Chairs (1976),Adventure|Comedy
141866,Green Room (2015),(no genres listed)
141918,Dude Bro Party Massacre III (2015),Comedy|Horror
141946,Meru (2015),Action|Adventure|Documentary
142060,The Grinch Grinches the Cat in the Hat (1982),Animation|Children
142115,The Blue Planet (2001),Documentary
142222,Demolition (2016),Drama
142422,The Night Before (2015),Comedy
142488,Spotlight (2015),Thriller
142507,Pawn Sacrifice (2015),Drama
142509,Hardcore Henry (2015),Action|Adventure|Sci-Fi
142536,Burnt (2015),Drama
142765,The Program (2015),Drama
142827,Waves (2000),Drama|Romance
142997,Hotel Transylvania 2 (2015),Animation|Comedy
142999,Hidden (2015),Horror|Thriller
143033,Winning London (2001),Children|Comedy
143035,Minutemen (2008),Adventure|Children|Comedy|Sci-Fi
143347,Aquaman (2018),Action|Fantasy|Sci-Fi
143355,Wonder Woman (2017),Action|Adventure|Fantasy
143365,The Circle (2016),Drama|Sci-Fi|Thriller
143377,Glen Campbell: I'll Be Me (2014),Documentary|Drama
143385,Bridge of Spies (2015),Drama|Thriller
143476,Where To Invade Next (2015),Documentary
143859,"Hail, Caesar! (2016)",Comedy
144412,Hidden (2009),Horror|Thriller
144482,Circle (2015),Drama|Horror|Sci-Fi
144620,Goosebumps (2015),Adventure|Comedy|Horror
144640,Genome Hazard (2014),Drama|Thriller
144734,Freaks of Nature (2015),Comedy|Horror|Sci-Fi
145094,Howl (2015),Horror
146443,Plan B (2009),Comedy|Drama|Romance
146656,Creed (2015),Drama
147282,What Men Still Talk About (2011),Comedy
148078,Wolf (2008),Action|Adventure|Drama
148172,The 5th Wave (2016),Adventure|Sci-Fi|Thriller
148238,A Very Murray Christmas (2015),Comedy
148448,The Tramp (1915),Comedy
148626,"Big Short, The (2015)",Drama
148671,Saw (2003),Crime|Horror
148956,How to Be Single (2016),Comedy|Romance
149334,Nocturnal Animals,Drama|Thriller
149352,Daddy's Home (2015),Comedy
149354,Sisters (2015),Children|Comedy
149406,Kung Fu Panda 3 (2016),Action|Adventure|Animation
149410,Mobile Suit Gundam: Char's Counterattack (1988),Action|Animation|Sci-Fi
149504,Akko's Secret (2012),Comedy|Fantasy|Romance
149626,Cold Deck (2015),Crime|Drama
149650,Childhood's End (2015),Drama|Sci-Fi|Thriller
150262,Megamind: The Button Of Doom (2011),Action|Animation|Children|Comedy
150276,Riot (2015),Action
150322,Paa (2009),Children|Drama
150344,Bang Bang (2014),Action|Adventure|Romance|Thriller
150868,Jasne Błękitne Okna,(no genres listed)
150954,Ko (2011),Action|Children|Thriller
151113,A Man Called Ove (2015),Comedy|Drama
151605,Lo and Behold: Reveries of the Connected World (2016),Documentary
151639,The Boy (2016),Horror|Thriller
151759,Requiem for the American Dream (2015),Documentary
151777,The Finest Hours (2016),Drama|Thriller
152031,Space Cop (2016),Action|Comedy|Sci-Fi
152061,Triple 9 (2016),Crime|Drama
152071,Race (2016),Drama
152077,10 Cloverfield Lane (2016),Thriller
152079,London Has Fallen (2016),Action|Crime|Thriller
152081,Zootopia (2016),Action|Adventure|Animation|Children|Comedy
152338,Humraaz (2002),(no genres listed)
152591,Ip Man 3 (2015),Action
152772,Becoming Bulletproof (2014),Documentary|Western
152970,Hunt for the Wilderpeople (2016),Adventure|Comedy
153070,Rabbits (2002),Comedy|Drama|Fantasy
153136,Bipedalism (2005),Drama|Sci-Fi
153468,Terror in the Wax Museum (1973),Horror|Mystery
154358,The Barkley Marathons: The Race That Eats Its Young (2015),Documentary
154766,Who Done It? (1942),Comedy|Mystery
155509,Mr. Right (2016),Action|Comedy|Romance
155659,Florence Foster Jenkins (2016),Comedy|Drama
155846,War on Everyone (2016),Comedy
155968,The Night Manager (2016),Crime|Drama|Mystery|Thriller
156025,Ice Age: The Great Egg-Scapade (2016),Adventure|Animation|Children|Comedy
156369,Zero Days (2016),Documentary
156371,Everybody Wants Some (2016),Comedy
156387,Sing Street (2016),Drama
156561,Highway to Hellas (2015),Comedy
156573,Palmipedarium (2012),Animation|Drama
156607,The Huntsman Winter's War (2016),Action|Adventure|Drama|Fantasy
156609,Neighbors 2: Sorority Rising (2016),Comedy
156726,Hush (2016),Thriller
156944,Land of Mine (2015),War
157186,Veloce come il vento (2016),Drama
157268,Don't Think Twice (2016),Comedy|Drama
157296,Finding Dory (2016),Adventure|Animation|Comedy
157312,The Boss (2016),Comedy
157318,Perfect Strangers (2016),Comedy|Drama
157369,Bakuman (2015),Comedy|Drama
157377,Bong of the Dead (2011),Action|Comedy|Horror
157699,Snowden (2016),Drama|Thriller
158238,The Nice Guys (2016),Crime|Mystery|Thriller
158268,My Big Night (2015),Comedy
158418,Goin' Down the Road (1970),Drama
158619,The Faith of Anna Waters (2016),Drama|Horror|Mystery|Thriller
158783,The Handmaiden (2016),Drama|Romance|Thriller
158813,Alice Through the Looking Glass (2016),Adventure|Children|Fantasy
158872,Sausage Party (2016),Animation|Comedy
158958,Pollyanna (2003),Children|Drama
158972,Toni Erdmann (2016),Drama
159061,The Wailing (2016),Mystery|Thriller
159163,The Other Side of the Wind (2016),Comedy|Drama
159169,Crush the Skull (2015),Comedy|Horror|Thriller
159195,"I, Daniel Blake (2016)",Drama
159197,Don't Hang Up (1975),Horror
159415,Swiss Army Man (2016),Comedy|Drama|Romance
159451,Graduation (2016),Drama
159690,Teenage Mutant Ninja Turtles: Out of the Shadows (2016),Action|Adventure|Comedy
159717,The Fundamentals of Caring (2016),Drama
159817,Planet Earth (2006),Documentary
159858,The Conjuring 2 (2016),Horror
160271,Central Intelligence (2016),Action|Comedy
160315,AC/DC- Let There Be Rock (1980),(no genres listed)
160438,Jason Bourne (2016),Action
160563,The Legend of Tarzan (2016),Action|Adventure
160718,Piper (2016),Animation
160954,Nerve (2016),Drama|Thriller
160980,Sully (2016),Drama
161131,War Dogs (2016),Comedy
161580,Bad Moms (2016),Comedy
161582,Hell or High Water (2016),Crime|Drama
161616,Bite (2015),Horror
161634,Don't Breathe (2016),Thriller
161788,VeggieTales: God Wants Me to Forgive Them!?! (1994),(no genres listed)
161916,JACO (2014),Documentary
161922,The Edge of Seventeen (2016),Comedy
161954,Anthropoid (2016),War
162082,Train to Busan (2016),Action|Thriller
162346,Antibirth (2016),Horror
162578,Kubo and the Two Strings (2016),Adventure|Animation|Children|Fantasy
162598,Deepwater Horizon (2016),Drama
162600,Miss Peregrine's Home for Peculiar Children (2016),Fantasy
162606,The Accountant (2016),Crime|Drama|Thriller
162828,Imperium (2016),Crime|Drama|Thriller
162834,Road to Istanbul (2016),Drama
162882,I Am Not a Serial Killer (2016),Thriller
163056,Shin Godzilla (2016),Action|Adventure|Fantasy|Sci-Fi
163060,The Green Elephant (1999),Drama
163134,Your Name. (2016),Animation|Drama|Fantasy|Romance
163645,Hacksaw Ridge (2016),Drama|War
163809,Over the Garden Wall (2013),Adventure|Animation|Drama
163923,Jules and Dolores (2016),Comedy
163937,Blair Witch (2016),Horror|Thriller
163949,The Beatles: Eight Days a Week - The Touring Years (2016),Documentary
163965,Miss Stevens (2016),Comedy
163985,ARQ (2016),Sci-Fi|Thriller
164179,Arrival (2016),Sci-Fi
164723,Murder She Baked: A Deadly Recipe (2016),Mystery
164909,La La Land (2016),Comedy|Drama|Romance
164981,Allied (2016),Action|Drama|Romance|Thriller|War
164983,The Monster (2016),Horror
165101,Inferno (2016),Mystery|Thriller
165103,Keeping Up with the Joneses (2016),Comedy
165105,Ouija: Origin of Evil (2016),Horror|Thriller
165347,Jack Reacher: Never Go Back (2016),Action|Crime|Drama|Mystery|Thriller
165551,Lion (2016),Drama
165589,Alien 2: On Earth (1980),Horror|Sci-Fi
165603,The Autopsy of Jane Doe (2016),Horror
165639,While You Were Fighting: A Thor Mockumentary (2016),Comedy|Fantasy|Sci-Fi
165699,Angel Has Fallen,Action|Thriller
165859,Marvel One-Shot: The Consultant (2011),Action|Adventure|Fantasy|Sci-Fi
165969,HyperNormalisation (2016),Documentary
166291,A Silent Voice (2016),Animation|Drama|Romance
166295,The Anthem of the Heart (2015),Animation|Drama|Fantasy
166461,Moana (2016),Adventure|Animation|Children|Comedy|Fantasy
166528,Rogue One: A Star Wars Story (2016),Action|Adventure|Fantasy|Sci-Fi
166532,Live by Night (2017),Crime|Drama
166534,Split (2017),Drama|Horror|Thriller
166615,Six Men Getting Sick (1967),Animation
166635,Passengers (2016),Adventure|Drama|Romance|Sci-Fi
166643,Hidden Figures (2016),Drama
166705,Fences (2016),Drama
166918,The Great Wall (2016),Action|Adventure|Thriller
166946,The Founder (2016),Drama
166964,Street of Crocodiles (1986),Animation
167036,Sing (2016),Animation|Children|Comedy
167048,John Hodgman: RAGNAROK (2013),Comedy
167064,I Am Not Your Negro (2017),Documentary
167162,The Legend of Ben Hall (2016),Action|Drama|Western
167248,Kedi (2016),(no genres listed)
167370,Assassin's Creed (2016),Action|Adventure|Sci-Fi
167426,Manifesto (2015),Drama
167536,"Good Luck Charlie, It's Christmas! (2011)",Children|Comedy
167544,Patriots Day (2016),Drama|Thriller
167738,xXx: Return of Xander Cage (2017),Action|Adventure|Crime|Thriller
167746,The Lego Batman Movie (2017),Action|Animation|Comedy
167832,The Invisible Guest (2016),Thriller
168122,Raw (2017),Drama
168248,John Wick: Chapter Two (2017),Action|Crime|Thriller
168250,Get Out (2017),Horror
168252,Logan (2017),Action|Sci-Fi
168254,Kong: Skull Island (2017),Action|Adventure|Fantasy
168266,T2: Trainspotting (2017),Crime|Drama
168276,Passage to Mars (2016),Adventure|Documentary|Sci-Fi
168288,The Belko Experiment (2017),Action|Horror|Thriller
168326,The Big Sick (2017),Comedy|Romance
168328,Ingrid Goes West (2017),Comedy|Drama
168366,Beauty and the Beast (2017),Fantasy|Romance
168612,Ghost in the Shell (2017),Action|Drama|Sci-Fi
169220,A Fantastic Woman (2017),Drama
169656,The Glass Castle,Drama
169756,Their Finest (2017),Comedy|Drama|Romance|War
169906,The Night Of (2016),Crime|Drama
169984,Alien: Covenant (2017),Action|Horror|Sci-Fi|Thriller
170287,Species: The Awakening (2007),Horror|Sci-Fi|Thriller
170355,Mulholland Dr. (1999),Drama|Mystery|Romance
170357,Dave Chappelle: The Age of Spin (2017),Comedy
170729,Louis C.K. 2017 (2017),Comedy
170745,13 reasons why,(no genres listed)
170817,Snatched (2017),Action|Comedy
170875,The Fate of the Furious (2017),Action|Crime|Drama|Thriller
170939,Captain Underpants: The First Epic Movie (2017),Action|Animation|Children|Comedy
170957,Cars 3 (2017),Adventure|Animation|Comedy
171011,Planet Earth II (2016),Documentary
171253,Brigsby Bear (2017),Comedy
171583,Super Dark Times (2017),Drama|Thriller
171759,The Beguiled (2017),Drama|Thriller|Western
171763,Baby Driver (2017),Action|Crime|Thriller
171925,Hounds of Love (2017),Crime
172547,Despicable Me 3 (2017),Adventure|Animation|Children|Comedy
172565,Under the Blossoming Cherry Trees (1975),Fantasy|Horror
172813,The Wizard of Lies (2017),Drama
172841,Longitude (2000),Drama
172877,Beyond (2003),Animation|Sci-Fi
172887,Kid's Story (2003),Animation|Sci-Fi
173145,War for the Planet of the Apes (2017),Action|Adventure|Drama|Sci-Fi
173205,The Meyerowitz Stories (2017),Comedy
173291,Valerian and the City of a Thousand Planets (2017),Action|Adventure|Sci-Fi
173369,You Were Never Really Here (2017),Drama
173817,Он вам не Димон (2017),Documentary|Mystery
173823,Brain on Fire (2017),Drama
173965,Sanctuary (2015),Drama
173979,A Nightmare (1896),Horror
174055,Dunkirk (2017),Action|Drama|Thriller|War
174483,This House Has People in It (2016),Comedy|Horror
174585,Transformers: The Last Knight (2017),Action|Adventure|Sci-Fi|Thriller
174727,Good Time (2017),Crime|Drama
174815,The House (2017),Comedy
175197,The Dark Tower (2017),Fantasy|Horror|Sci-Fi|Western
175199,Annabelle: Creation (2017),Horror
175303,It (2017),Horror
175421,I'm Staying (2003),Comedy|Romance
175423,Sunstroke (2014),Drama
175593,Mike Birbiglia: Thank God for Jokes (2017),Comedy
175661,The Hitman's Bodyguard (2017),Action|Comedy
175669,Tulip Fever (2017),Drama|Romance
175903,Year of the Devil (2002),Comedy|Documentary
175937,The Structure of Crystals (1969),Drama
176169,Baignade en Mer (1895),Documentary
176355,The Mountain Between Us (2017),Action|Adventure|Drama
176371,Blade Runner 2049 (2017),Sci-Fi
176419,Mother! (2017),Drama|Horror|Mystery|Thriller
176567,The Endless (2017),Horror|Sci-Fi|Thriller
176681,Batman & Harley Quinn (2017),Action|Animation
176751,American Made (2017),Crime|Thriller
176801,Suspiria (2017),Horror|Thriller
176929,Happy Death Day (2017),Horror|Mystery|Thriller
176933,The Foreigner (2017),Action|Thriller
177113,Death Billiards (2013),Animation|Drama|Mystery
177563,Red Lion (1969),Action|Comedy
177593,"Three Billboards Outside Ebbing, Missouri (2017)",Crime|Drama
177615,Lady Bird (2017),Comedy
177651,The Florida Project (2017),Drama
177763,Murder on the Orient Express (2017),Crime|Drama|Mystery
177765,Coco (2017),Adventure|Animation|Children
177867,Borg vs McEnroe (2017),Drama
177879,Ryan Hamilton: Happy Face (2017),Comedy
177883,Jerry Before Seinfeld (2017),Comedy
177939,"The Night Is Short, Walk on Girl (2017)",Animation|Romance
178061,"I, Tonya (2017)",Drama
179135,Blue Planet II (2017),Documentary
179401,Jumanji: Welcome to the Jungle (2017),Action|Adventure|Children
179695,Found Footage 3D (2016),Horror
179795,Joan Didion: The Center Will Not Hold (2017),Documentary
179817,Darkest Hour (2017),Drama|War
179819,Star Wars: The Last Jedi (2017),Action|Adventure|Fantasy|Sci-Fi
179875,The Sex Trip (2017),Comedy|Fantasy
179901,Mark Felt: The Man Who Brought Down the White House (2017),Drama|Thriller
180031,The Shape of Water (2017),Adventure|Drama|Fantasy
180045,Molly's Game (2017),Drama
180325,"I Love You, Daddy (2017)",Comedy|Drama
180435,Jeepers Creepers 3 (2017),Horror|Mystery|Thriller
180555,Mom and Dad (2017),Horror|Thriller
180985,The Greatest Showman (2017),Drama
180987,Ferdinand (2017),Animation|Children|Comedy
181225,The Whispering Star (2015),Drama|Sci-Fi
181235,Hey Arnold! The Jungle Movie (2017),Adventure|Animation|Comedy
181315,Phantom Thread (2017),Drama|Romance
181415,Zero (2010),Animation|Drama
181497,Laughter and Grief by the White Sea (1988),Animation|Comedy|Drama
182715,Annihilation (2018),Adventure|Mystery|Sci-Fi|Thriller
182847,Butterfly (2004),Children|Drama
183011,The Commuter (2018),Crime|Drama|Mystery|Thriller
183197,Dave Chappelle: Equanimity (2017),Comedy
183421,Red Sparrow (2018),Thriller
183445,Aile Arasında (2017),Children|Comedy
183815,The Open House (2018),Horror|Thriller
183827,Lizzie (2018),Crime|Drama
183837,The Favourite,Drama
183843,Mandy (2018),Action|Fantasy|Horror
183869,Hereditary (2018),(no genres listed)
183915,Batman: Gotham by Gaslight (2018),Action|Animation|Sci-Fi|Thriller
184061,God's Neighbors (2012),Drama
184135,Anne Frank: The Whole Story (2001),Drama|War
184369,Saturday Church (2017),Drama|Romance
184399,Eighth Grade (2018),(no genres listed)
184835,Lu Over the Wall (2017),Animation|Children|Fantasy
184931,Death Wish (2018),Action|Crime|Drama|Thriller
185029,A Quiet Place (2018),Drama|Horror|Thriller
185169,The Strangers: Prey at Night (2018),Horror|Thriller
185171,The Hurricane Heist (2018),Action|Crime|Thriller
185473,Blockers (2018),Comedy
185481,Ghostland (2018),Horror
185957,I Dream in Another Language (2017),Drama|Fantasy
186003,On Chesil Beach (2018),Drama
186177,Trolls Holiday (2017),Adventure|Animation|Children|Comedy|Fantasy
186459,Jack and Jill vs. the World (2008),Comedy|Romance
186587,Rampage (2018),Action|Adventure|Sci-Fi
186961,Garden of Evil (1954),Western
186983,Three Identical Strangers (2018),Documentary
187231,American Animals (2018),Crime|Drama
187541,Incredibles 2 (2018),Action|Adventure|Animation|Children
187593,Deadpool 2 (2018),Action|Comedy|Sci-Fi
187595,Solo: A Star Wars Story (2018),Action|Adventure|Children|Sci-Fi
187717,Won't You Be My Neighbor? (2018),Documentary
188189,Sorry to Bother You (2018),Comedy|Fantasy|Sci-Fi
188243,Khrabryy zayats (1955),Animation
188301,Ant-Man and the Wasp (2018),Action|Adventure|Comedy|Fantasy|Sci-Fi
188307,Hotel Transylvania 3: Summer Vacation (2018),Animation|Children|Comedy|Fantasy
188375,In August of 1944 (2001),Drama|War
188383,Time Trap (2017),Action|Adventure|Sci-Fi
188697,Happy as Lazzaro (2018),Drama
188773,Shoplifters (2018),Drama
188833,The Man Who Killed Don Quixote (2018),Adventure|Comedy|Fantasy
189033,Daphne & Velma (2018),Action|Comedy|Crime|Horror
189331,The Spy Who Dumped Me (2018),Action|Comedy
189333,Mission: Impossible - Fallout (2018),Action|Adventure|Thriller
189363,Ocean's 8 (2018),Action|Comedy|Crime|Thriller
189661,Out of Control (1985),Action|Drama
189713,BlacKkKlansman (2018),Comedy|Crime|Drama
189759,Camping 3 (2016),Comedy
189805,Papillon (2018),Drama
189957,The Witness (1969),Comedy|Drama
190183,The Darkest Minds (2018),Sci-Fi|Thriller
190349,"Juliet, Naked (2018)",Comedy|Drama
190551,Blindspotting (2018),Comedy|Drama
190555,Searching (2018),Drama
190783,Beggars of Life (1928),Adventure|Drama
190939,A Simple Favor (2018),Crime|Mystery|Thriller
190949,Sierra Burgess Is a Loser (2018),(no genres listed)
191351,To All the Boys I've Loved Before (2018),Comedy|Romance
191367,The Predator (2018),Action|Adventure|Horror|Sci-Fi
191459,The Sisters Brothers (2018),Western
191497,Bisbee '17 (2018),Documentary
191899,No Good Heroes (2018),Comedy|Drama|Horror
192245,Bad Times at the El Royale (2018),Horror|Thriller
192283,Crazy Rich Asians (2018),Comedy
192379,First Man (2018),Drama
192385,A Star Is Born (2018),Drama|Romance
192389,Venom (2018),Action|Horror|Sci-Fi|Thriller
192393,Night School (2018),Comedy
192579,Johnny English Strikes Again (2018),Action|Adventure|Children|Comedy
192687,Piché: Entre Ciel et Terre (2010),Adventure|Drama
192803,Bohemian Rhapsody (2018),Drama
193065,Roma (2018),Drama
193243,Next Gen (2018),Action|Adventure|Animation
193449,Mid90s (2018),Comedy|Drama
193599,Climax (2018),Drama|Horror
193697,High Life (2018),Drama|Horror|Mystery|Sci-Fi
193767,Double Agent (2003),Action|Thriller
193944,The Ballad of Buster Scruggs (2018),Comedy|Drama|Western
193950,Free Solo (2018),Documentary
194016,Ralph Breaks the Internet (2018),Animation|Children
194100,Ederlezi Rising (2018),Sci-Fi
194348,Can You Ever Forgive Me? (2018),Comedy|Crime|Drama
194396,Overlord (2018),Action|Horror|Sci-Fi|Thriller|War
194448,Green Book (2018),Comedy|Drama
194696,Andhadhun (2018),Mystery|Romance|Thriller
194951,Bird Box (2018),Drama|Sci-Fi|Thriller
195159,Spider-Man: Into the Spider-Verse (2018),Action|Adventure|Animation|Sci-Fi
195273,Happy Ending (2010),Comedy
195417,The Prime of Life (1967),Comedy|Drama
195805,The Price of Success (2017),Comedy|Drama
196267,The Trouble with You (2018),Comedy
196317,The Heroic Trio (1993),Action|Fantasy|Sci-Fi
196417,How to Train Your Dragon: The Hidden World (2019),Adventure|Animation|Children
196891,The Lego Movie 2: The Second Part (2019),Action|Adventure|Animation|Children|Comedy
197175,Alita: Battle Angel (2019),Action|Romance|Sci-Fi|Thriller
197177,Richard Says Goodbye (2018),(no genres listed)
197197,The Report (2019),Drama
197357,Near Death Experience (2014),Drama
197579,Pledge (2019),Horror|Thriller
197651,The King,Drama
197663,Happy Death Day 2U (2019),Horror|Mystery|Thriller
197711,Us (2019),Horror|Thriller
197879,Apollo 11 (2019),Documentary
197883,The Farewell (2019),Comedy
198157,A Rainy Day in New York,Comedy|Romance
198161,Mur Murs (1981),Documentary
198185,Twin Peaks (1989),Drama|Mystery
198729,Perfect Skin (2018),Thriller
199223,Pet Sematary (2019),Horror|Thriller
199696,Competition (2015),Animation|Children
200110,The Dirt (2019),Comedy|Drama
200256,Dumbo (2019),Adventure|Children|Fantasy
200332,Rocketman (2019),Drama
200540,Aladdin (2019),Adventure|Fantasy|Romance
200818,John Wick: Chapter 3 – Parabellum (2019),Action|Crime|Thriller
200820,Godzilla: King of the Monsters (2019),Action|Sci-Fi|Thriller
200822,Dark Phoenix (2019),Action|Sci-Fi
200838,Pokémon: Detective Pikachu (2019),Action|Children|Crime|Fantasy|Mystery
200912,Maigret and the St. Fiacre Case (1959),Crime|Drama|Mystery|Thriller
201072,Hail Satan? (2019),Documentary
201340,The Lighthouse (2019),Drama|Fantasy|Horror
201368,Long Shot (2019),Comedy
201588,Toy Story 4 (2019),Adventure|Animation|Children|Comedy
201594,Brightburn (2019),Drama|Horror|Sci-Fi|Thriller
201646,Midsommar (2019),Drama|Horror|Mystery
201743,Clemency (2019),Drama
201749,Murder Mystery (2019),Comedy|Crime
201773,Spider-Man: Far from Home (2019),Action|Adventure|Sci-Fi
201811,Yesterday (2019),Comedy|Romance
201921,City of Joy (2016),Documentary
202103,I Am Mother (2019),Sci-Fi|Thriller
202159,Crawl (2019),Action|Horror|Thriller
202383,Stepfather III (1992),Horror|Thriller
202393,Always Be My Maybe (2019),Comedy|Romance
202429,Once Upon a Time in Hollywood (2019),Comedy|Drama
202433,A Hidden Life (2019),Drama|War
202439,Parasite (2019),Comedy|Drama
202599,Enron: The Smartest Guys in the Room (2005),Documentary
202697,Un Beau voyou (2019),Comedy
202749,Portrait of a Lady on Fire (2019),Drama|Romance
202803,Anthony Jeselnik: Fire in the Maternity Ward (2019),Comedy
202934,Anna (2019),Action|Thriller
203208,Scary Stories to Tell in the Dark (2019),Horror
203218,Good Boys (2019),Comedy
203222,The Lion King (2019),Adventure|Animation|Children|Drama
203322,The Peanut Butter Falcon (2019),Adventure
203375,Ford v. Ferrari (2019),Action|Drama
203417,#FollowMe (2019),Horror|Thriller
203519,Fast & Furious Presents: Hobbs & Shaw (2019),Action
203557,Fisherman's Friends (2019),Comedy|Drama
204074,Innocent Witness (2019),Drama
204158,Weathering with You (2019),Animation|Drama|Fantasy|Romance
204352,Ad Astra (2019),Adventure|Drama|Mystery|Sci-Fi|Thriller
204534,Northern Wind (2018),Drama
204542,It: Chapter Two (2019),Horror
204698,Joker (2019),Crime|Drama|Thriller
204750,Ode to Joy (2019),Comedy
205072,Zombieland: Double Tap (2019),Action|Comedy|Horror
205156,Jojo Rabbit (2019),Comedy|War
205160,Woodstock: Three Days that Defined a Generation (2019),Documentary
205327,Motherless Brooklyn (2019),Crime|Drama
205329,"The Gangster, The Cop, The Devil (2019)",Action|Crime
205383,El Camino: A Breaking Bad Movie (2019),Crime|Drama|Thriller
205441,Marriage Story (2019),Comedy|Drama
205591,The Uninvited (2003),Action|Horror|Thriller
205917,Chess Fever (1925),Comedy
206419,The Two Popes (2019),Drama
206857,The Irishman (2019),Crime|Drama
206959,Frozen II (2019),Adventure|Animation|Children|Comedy|Fantasy
207141,Life Like (2019),Sci-Fi|Thriller
207313,Knives Out (2019),Comedy|Crime|Drama|Mystery|Thriller
207405,Doctor Sleep (2019),Horror
207656,Kill Chain (2019),Thriller
208205,Star Wars: The Rise of Skywalker (2019),Action|Adventure|Sci-Fi
208703,1917 (2019),Drama|War
208747,The Good Liar (2019),Drama|Mystery
208939,Klaus (2019),Adventure|Animation|Children|Comedy
209173,A Beautiful Day in the Neighborhood (2019),Drama
209315,Little Women (2019),Drama|Romance
209497,The Vast of Night (2019),Fantasy|Mystery|Sci-Fi
209583,Antigone (2019),Drama
209917,Bombshell (2019),Drama
209965,Uncut Gems (2019),Comedy|Crime|Drama|Thriller
210139,Dead Man's Line (2018),Documentary
210175,Togo (2019),Adventure|Children|Drama
210573,The King's Man (2020),Action|Adventure|Comedy
210857,The Turning (2020),Horror|Thriller
210861,The Gentlemen (2020),Action|Crime
210863,Dolittle (2020),Children|Comedy|Fantasy
211812,The Mighty River (1994),Animation|Documentary
212281,Mulan (2020),Adventure|Drama|Fantasy
212373,I'm Thinking of Ending Things,Drama|Horror|Thriller
212461,The Invisible Man (2020),Horror|Sci-Fi|Thriller
212587,Spenser Confidential (2020),Crime|Drama|Mystery|Thriller
212833,Don't Hug Me I'm Scared 3 (2014),Animation|Fantasy|Horror
213319,Superman: Red Son (2020),Action|Animation|Sci-Fi
213347,A Quiet Place Part II (2020),Drama|Sci-Fi|Thriller
213397,Promising Young Woman (2020),Crime|Drama|Thriller
213549,The Saturn V Story (2014),Documentary
213914,Greyhound (2020),War
214050,Saint Frances (2020),Comedy|Drama
214242,Blow the Man Down (2019),Drama|Mystery
214772,Michael Jackson's Thriller (1983),Horror
214955,Better Days (2019),Drama
215815,Strongman Ferdinand (1976),Drama
216408,Spaceship Earth (2020),Documentary
216963,Possessor (2020),Horror|Sci-Fi|Thriller
217465,Tenet (2020),Action|Thriller
217655,Hamilton (2020),Drama
217899,7500 (2019),Drama|Thriller
218817,A Soldier's Love Story (2010),Romance
218867,Ava,Action|Crime|Drama|Mystery|Thriller
219161,Playing Hide and Seek (2020),Documentary
219726,The Old Guard (2020),Action|Fantasy
220380,The Green Knight,Drama|Fantasy|Romance
221032,Agnes and His Brothers (2004),Drama
221576,Enola Holmes,Drama|Mystery
222593,Death on the Nile (2020),Crime|Drama|Mystery|Thriller
223007,All Together Now (2020),Drama
223204,The French Dispatch (2020),Comedy|Drama|Romance
223594,"Love, Guaranteed (2020)",Comedy|Romance
223876,My Octopus Teacher (2020),Documentary
224280,No Time to Die (2020),Action|Adventure|Mystery|Thriller
224519,Brutus Vs César (2020),Adventure|Comedy
224675,The Nest (2020),Drama
224943,I Care a Lot (2020),Drama|Thriller
225173,Soul (2020),Adventure|Animation|Children|Comedy|Fantasy
225758,David Attenborough: A Life on Our Planet (2020),Documentary
226202,Free Guy (2020),Action|Adventure|Comedy|Sci-Fi
226270,The Trial of the Chicago 7 (2020),Drama|Thriller
226282,Josep (2020),Animation|Documentary
226580,The Kid Detective (2020),Comedy|Drama
226758,The Witches (2020),Adventure|Children|Comedy|Fantasy|Horror
227000,The Comeback Trail (2020),Action|Comedy
227258,The Midnight Sky (2020),Drama|Fantasy|Sci-Fi
227839,Perfumes (2020),Comedy
228717,Manmarziyaan (2018),Drama|Romance
229421,Transhood (2020),Documentary
229483,One Night in Miami... (2020),Drama
229797,Happiest Season (2020),Comedy|Romance
231291,The Bee Gees: How Can You Mend a Broken Heart (2020),Documentary
235071,Finding Jack Charlton (2020),Documentary
236991,CODA (2021),Drama
236995,"Summer Of Soul (…Or, When The Revolution Could Not Be Televised) (2021)",Documentary
239484,The Vault (2020),Action|Thriller
240338,Long Story Short (2021),Comedy|Fantasy|Romance
240452,Mortal Kombat (2021),Action|Adventure|Fantasy
241112,25 Years of Innocence (2020),Drama
241272,Nobody (2021),Action|Crime|Thriller
242774,Black Widow (2021),Action|Adventure|Drama|Thriller
242894,Godzilla vs. Kong (2021),Action|Sci-Fi
242898,Dark Web: Cicada 3301 (2021),Action|Comedy|Thriller
242906,The Unbearable Weight of Massive Talent (2021),Comedy
243642,Zack Snyder's Justice League (2021),Action|Adventure|Fantasy|Sci-Fi
244178,The Northman,Adventure|Drama|Thriller
244334,Wrath of Man (2021),Action|Crime
245004,Magnetic (2018),Documentary
245008,Tora-san of Goto (2016),Children|Documentary|Drama
245136,The Fallout (2021),Drama
245382,Girl in the Basement (2021),Crime|Thriller
245816,Caveat (2020),Horror
247988,Luca (2021),Adventure|Animation|Children|Comedy|Fantasy
248438,Surrender (1987),Comedy
248762,The Virtuoso (2021),Action|Crime|Thriller
249316,Ferry (2021),Action|Crime|Drama|Thriller
249964,F9 (2021),Action|Crime|Thriller
250364,Tides (2021),Sci-Fi|Thriller
250764,The Girl and the Spider (2021),Drama
250968,In The Heights (2021),Drama|Romance
251086,The Suicide Squad (2021),Action|Adventure|Crime|Fantasy
254460,Jungle Cruise (2021),Adventure|Children|Comedy|Fantasy
254614,Val (2021),Documentary
254726,Dune (2021),Action|Adventure|Drama|Sci-Fi
255055,J'me sens pas belle (2004),Comedy|Romance
255335,Shang-Chi and the Legend of the Ten Rings (2021),Action|Adventure|Fantasy
257037,Drive My Car (2021),Drama
257251,Sweet Girl (2021),Action|Drama|Thriller
257281,The Tragedy of Macbeth (2021),Drama|Fantasy|Thriller|War
257553,Escape from Mogadishu (2021),Action|Drama
258575,Mad God (2021),Animation|Fantasy|Horror|Sci-Fi
258637,The Voyeurs (2021),Thriller
259647,Nightbooks (2021),Children|Fantasy
260617,Licorice Pizza (2021),Drama
260667,Encanto (2021),Adventure|Animation|Children|Fantasy
261705,"tick, tick...BOOM! (2021)",Drama
263005,West Side Story (2021),Crime|Drama|Romance
263007,Spider-Man: No Way Home (2021),Action|Adventure|Fantasy|Sci-Fi
263009,The Matrix Resurrections (2021),Action|Adventure|Sci-Fi
263405,Nightmare Alley (2021),Crime|Drama|Mystery
263407,Don't Look Up (2021),Comedy|Drama|Sci-Fi
263495,Love Hard (2021),Comedy|Romance
264135,The Hand of God (2021),Drama
265460,The Black Phone (2022),Horror
268324,The Legend of La Llorona (2020),Horror|Thriller
268642,The Batman (2022),Action|Crime|Drama
269146,Fresh (2022),Horror|Thriller
269582,Dual (2022),Drama|Sci-Fi|Thriller
270526,The Lost City (2022),Action|Adventure|Comedy|Romance
270698,Everything Everywhere All at Once (2022),Action|Comedy|Sci-Fi
271381,A Man Au Pair (2013),Comedy
271631,Metal Lords (2022),Comedy|Drama
272199,Rat Movie: Mystery of the Mayan Treasure (2014),Animation|Comedy|Crime
272525,Doctor Strange in the Multiverse of Madness (2022),Action|Adventure|Fantasy
274053,Top Gun: Maverick (2022),Action|Drama
274195,Jurassic World Dominion (2022),Action|Adventure|Sci-Fi|Thriller
274971,Thor: Love and Thunder (2022),Action|Adventure|Fantasy
275079,Chip 'n Dale: Rescue Rangers (2022),Adventure|Animation|Children|Comedy|Fantasy|Mystery
275243,Elvis (2022),Drama
275245,Nope (2022),Horror|Mystery|Sci-Fi|Thriller
276155,The Man From Toronto (2022),Action|Comedy
276911,Medieval (2022),Action|Drama
277034,The Beasts (2022),Thriller
277798,Frank & Zed (2020),Animation|Horror
277856,See How They Run (2022),Comedy|Crime|Mystery
277864,Sniper: Rogue Mission (2022),Action|Mystery|Thriller
278176,TÁR (2022),Drama
278446,The Banshees of Inisherin (2022),Comedy|Drama
278586,Barbarian (2022),Horror|Thriller
278612,Clerks III (2022),Comedy
278702,Glass Onion: A Knives Out Mystery (2022),Comedy|Crime|Mystery
278800,"Confess, Fletch (2022)",Comedy|Crime
278980,The Fabelmans (2022),Drama
279000,Jeepers Creepers: Reborn (2022),Horror|Mystery|Thriller
279484,Falling for Christmas (2022),Comedy|Romance
279812,The Menu (2022),Comedy|Horror
280218,Avatar: The Way of Water (2022),Action|Adventure|Sci-Fi
281208,Violent Night (2022),Action|Comedy
281912,Passages (2023),Drama
282083,Sorry About the Demon (2022),Comedy|Horror|Romance
282649,Knock at the Cabin (2023),Horror|Mystery|Thriller
283649,Wallander 28 - Missing (2013),Crime|Thriller
284111,The Strays (2023),Drama|Mystery|Thriller
286131,The Super Mario Bros. Movie (2023),Adventure|Animation|Children|Comedy|Fantasy
286355,Beau Is Afraid (2023),Adventure|Comedy|Fantasy
286897,Spider-Man: Across the Spider-Verse (2023),Action|Adventure|Animation|Sci-Fi
287633,Asteroid City (2023),Comedy|Drama|Romance|Sci-Fi
287699,Oppenheimer (2023),Drama
288167,Extraction 2 (2023),Action|Thriller
288513,Barbie (2023),Comedy
288571,Blue Beetle (2023),Action|Sci-Fi
288861,They Cloned Tyrone (2023),Comedy|Mystery|Sci-Fi
289033,The Island (2023),Action|Crime|Thriller
289727,"Red, White & Royal Blue (2023)",Comedy|Drama|Romance
