userId,movieId,rating,timestamp
66954,781,5.0,850944577
9877,574,4.0,945495614
38348,1088,2.0,999974867
101952,2706,1.0,1203077565
140400,275079,3.5,1653782463
173400,1079,4.0,1133884396
74417,69526,1.0,1511831626
195523,2762,5.0,1196244339
1953,7451,4.0,1117552226
82682,1210,5.0,1525844054
93112,30793,4.0,1168789318
29008,7024,0.5,1580407766
15092,68157,4.5,1266293957
64197,48516,3.5,1211725237
197624,55247,5.0,1675683191
136388,784,3.0,1482780322
99083,1721,2.0,1310890388
84937,1210,5.0,1051378880
24772,1378,4.0,1067220789
163220,53887,3.5,1589879484
74771,174055,4.5,1517154253
175222,91500,5.0,1467933948
9268,8947,2.5,1517735272
168590,267,2.0,995222477
160520,912,4.0,1273683436
23582,4329,3.5,1228315985
141289,122896,2.0,1676668338
165780,115617,3.5,1437171501
95619,165,2.5,1132777006
176609,110,4.0,1166372996
84906,1,5.0,846267205
185677,4014,4.5,1225259510
38091,595,4.0,1583482360
127171,4292,1.0,1513493678
149333,912,5.0,1138010777
170625,1408,3.0,970775299
36033,805,4.0,1038800224
159664,380,4.5,1298236734
159849,2722,3.0,1289394589
67227,120130,4.0,1630929819
59586,153,2.0,1201899633
72871,8780,3.5,1201431776
74478,1407,2.5,1550607717
83316,76093,2.0,1499398425
169678,507,5.0,1009680909
22285,142507,3.5,1605128569
15996,1272,5.0,954474890
12995,4571,4.5,1226449597
175407,4085,4.0,1079794092
34383,176,3.0,1001373214
100398,177765,4.0,1520371282
137148,1307,4.0,1142956516
168301,2194,4.0,1111573278
136638,34048,3.0,1274307913
19210,81768,2.5,1472698847
139459,49530,2.5,1424626547
141633,380,4.0,839137014
80786,1078,4.0,856858734
80331,991,3.0,956684435
141161,1297,3.0,879946167
67934,33004,3.5,1135871047
103163,6001,4.0,1567485400
21773,3527,4.0,1688589454
93064,34530,1.5,1564592055
141590,263009,3.5,1641173419
81249,79702,3.0,1684503676
73604,4488,1.0,1043726190
133941,3895,1.0,1176148837
123703,7160,3.5,1172777842
172093,4995,5.0,1009379285
85139,1393,3.0,1193477559
74596,410,1.0,836668461
93051,3098,4.0,993666508
88325,190949,3.0,1552804077
155060,282,2.0,844672023
145586,4288,3.5,1111185136
173292,197,3.0,843081167
40630,1085,3.0,868708004
157364,7451,4.5,1527652260
101925,25,4.0,940510946
70211,1954,3.5,1199904489
161180,54286,1.0,1668672335
33611,7361,4.0,1172385309
67554,6539,4.0,1211332090
155702,2421,3.0,952561053
82921,64614,3.5,1474725114
113309,6291,4.0,1595850998
26769,1358,2.5,1371334963
77595,19,3.0,1049300740
55241,3826,3.0,1243058595
23945,1219,3.5,1510446003
126496,5500,3.5,1467515837
196781,4406,4.0,1436289294
145369,849,2.0,948434327
18428,31696,5.0,1618555488
115892,2501,3.0,1013735948
14490,4878,4.0,1485564896
120552,33004,3.5,1115711632
42545,110675,4.0,1446742716
181447,2908,4.0,1298548647
121898,2431,1.0,1117511971
176395,4816,4.0,1439578215
175325,2672,3.5,1450164224
29262,209917,3.5,1588405019
60447,2311,1.5,1141760316
99491,318,3.0,842356234
35502,2997,5.0,975453788
104397,116797,5.0,1476708876
64855,7361,5.0,1447932494
179275,1,3.5,1222031839
72945,440,4.0,844079985
90436,1488,3.5,1430219318
26536,87869,2.5,1461070559
102157,2081,2.0,946525694
7937,117863,5.0,1560383712
17863,54997,3.0,1189534860
166368,7323,3.5,1481022865
142955,1078,4.0,1136187216
3630,51935,3.0,1523493289
2268,1721,4.0,1498284228
16754,3267,3.0,1078003042
10108,1801,2.5,1063468241
561,3969,4.5,1518181004
148288,6155,5.0,1264904107
65902,3863,3.5,1232067371
110080,475,4.0,1130317207
23463,84152,2.0,1524348629
39183,44,2.5,1073622195
32514,60,3.0,1378595557
118493,608,4.0,995973834
191635,1028,5.0,942774065
92638,1148,3.0,1180267764
43938,2959,4.0,1449337978
160463,7285,3.0,1660327400
10810,8609,3.5,1578906210
121602,60069,5.0,1554648506
175467,3160,3.5,1320444673
14599,318,5.0,1451496957
190841,4489,4.0,1538156856
149176,420,3.0,1240231489
175974,508,4.0,1565867292
139709,7,3.0,953272120
2603,6934,4.0,1502709569
72241,480,3.5,1429554413
50845,168252,4.0,1653503217
152855,492,4.0,851633099
5712,2078,4.0,1508844483
78665,114060,3.5,1506498746
187648,3947,4.5,1089486713
51626,44694,4.0,1186686799
198676,177939,3.5,1610309952
79062,256,2.0,1300971553
67494,8340,4.0,1522113365
43692,480,3.0,864681062
153550,1086,5.0,1037052472
159919,4318,3.0,992016078
100429,593,4.5,1634151469
177345,1690,4.0,892757876
81357,2297,3.5,1056699299
28306,2908,4.0,1017662034
134105,70159,3.5,1462911770
47859,3000,3.5,1131183583
74082,87232,4.0,1352420395
170510,593,5.0,1567884579
183680,2279,3.0,1093295026
141015,1036,3.0,1191906735
173092,5679,4.0,1035769874
176747,16,4.5,1348610605
185824,3615,4.0,959708102
128869,1375,3.5,1507879964
75377,49272,4.0,1244232455
200352,68237,4.0,1442154017
173222,2797,3.5,1463958936
196329,8972,2.5,1155003720
114616,103688,5.0,1411748930
103690,3725,5.0,1632073084
70361,81834,4.5,1589243285
153395,34,5.0,983859509
178719,193950,4.5,1613966636
101856,6441,5.0,1455400990
186644,6377,4.0,1084238234
124363,190555,4.5,1585055055
85971,94864,4.5,1513559185
75815,2716,4.0,1586107689
176043,1682,3.0,1518062840
91254,7646,3.5,1238591648
95978,1242,4.0,1015284746
96081,4464,2.5,1086725677
48470,5110,4.0,1514662479
130223,3948,4.0,1439250796
1089,33646,1.0,1499623879
25425,780,5.0,843131466
702,74916,2.0,1450296889
85382,96588,4.0,1667887580
119378,317,3.0,834805119
137659,113862,4.0,1585938961
81118,555,4.0,1141832579
13183,4018,2.0,986764414
145783,168,4.0,843500512
147587,201773,5.0,1664558307
45560,943,3.0,1058853183
77595,5505,4.0,1049297728
95419,80463,3.5,1472844254
141058,277034,3.5,1677990581
24294,8985,1.5,1538361858
56070,2107,5.0,1004707674
92477,6287,2.0,1645973925
8823,1399,3.0,1093200942
73135,2117,2.0,938738951
129641,588,3.0,836863521
155002,946,4.5,1209963736
47549,4973,3.5,1494103802
86324,74458,4.0,1441183973
151159,858,4.0,1029116910
172578,73321,3.0,1470271238
145936,4878,5.0,1500071385
22499,594,5.0,859511115
174192,3006,5.0,1299345616
61806,410,3.0,833468051
40464,380,4.0,829144082
124582,4995,3.5,1562349527
24175,112556,2.5,1592461950
48594,2916,4.0,942413359
75925,1274,4.0,1110215783
6587,6586,3.0,1694827029
83218,4306,2.0,1492457406
83153,1968,4.0,1462636364
88625,3006,3.5,1053536787
188545,1380,3.0,999391029
98015,2455,5.0,1676115250
104354,48516,2.5,1621430696
196657,6934,5.0,1129593639
170213,93363,4.0,1439474752
132245,92420,3.5,1679491337
181110,1378,2.0,1268297498
103790,59369,4.5,1546031823
93116,459,3.0,845472293
34538,1202,5.0,945219924
57231,780,5.0,851872424
143363,59306,2.5,1220071968
129598,648,4.0,880368997
68683,1371,3.5,1105342656
111765,95558,4.0,1360401208
38952,1196,4.5,1659539803
1637,380,3.0,974785523
144887,32,5.0,1460087672
22049,79,2.0,840399540
114219,54995,4.5,1447981274
138455,2959,4.5,1160020371
125813,471,4.5,1113273743
10844,70728,3.5,1557749511
14138,160,2.0,841247680
133655,318,4.5,1296928800
76942,2100,4.0,974787152
137300,1201,5.0,1436729740
16647,33794,4.0,1691189322
148948,1217,3.0,1193342375
154766,47,4.5,1512054992
97297,2181,2.5,1116079551
190285,1244,4.5,1584822645
79636,92259,4.0,1452635238
199643,139385,4.5,1619541076
122292,2529,3.5,1518593587
150058,904,5.0,1007329126
197892,8636,3.5,1443394412
63277,6659,3.0,1097215622
116109,592,4.0,829817417
141096,1580,4.0,1268753387
116758,95167,3.5,1451345247
37717,5151,3.0,1079266309
168955,3785,4.5,1299290016
24715,786,4.0,902606610
117157,4995,3.5,1235235831
50262,109374,4.0,1482745496
52104,2542,4.5,1169846831
165265,58303,3.5,1218130765
70561,122904,5.0,1571197267
152375,246,4.0,956693413
127519,5349,3.0,1504125664
51524,7387,5.0,1374776713
102418,8665,5.0,1170576734
166165,35836,2.0,1226068662
65980,36517,4.0,1158509779
41219,5784,2.0,1394150718
31167,3327,5.0,976585929
36348,435,4.0,1116439683
191488,5325,3.0,1123437552
148047,4448,3.5,1609251005
158407,102993,3.5,1677274424
176424,62849,4.5,1475493070
53192,187595,3.5,1547604936
104158,745,4.5,1467907677
7534,7361,5.0,1438020204
21997,4886,3.5,1225478135
187766,2028,4.0,988281890
102281,830,3.0,942419896
128942,61236,5.0,1606499700
52549,1172,3.5,1437212361
165193,134853,3.5,1647148399
66306,64839,5.0,1251299557
96348,1265,4.0,1548293574
72920,1210,3.5,1595391005
175436,2052,1.0,927785677
46902,1046,4.0,950069227
125366,81132,5.0,1330136692
159579,1717,4.5,1650831900
171610,1265,5.0,1599320596
171159,3147,5.0,1496515770
17253,167370,3.0,1505789706
126964,1127,4.5,1114685657
133437,90890,2.5,1529983331
163909,77455,4.5,1295988079
191715,589,5.0,1472299873
46940,3176,2.0,1022281780
109195,1197,3.0,1592489092
87281,515,5.0,963019214
115348,68073,4.0,1260783488
70118,3984,4.0,1240980117
60322,6373,4.0,1304819023
116103,2599,4.5,1120279454
147464,1088,4.0,1232144153
107571,2762,4.0,957905220
133556,4007,2.5,1599970263
24992,6502,3.5,1059176897
66750,3998,3.5,1576722825
131678,1969,2.0,1591911199
111520,965,3.5,1059198926
20454,2359,5.0,986258863
193951,69122,1.0,1675888542
112516,253,4.5,1141625341
21612,115244,3.5,1592526268
122315,1513,4.0,1360436078
42157,3061,4.0,968896421
200649,2391,5.0,936267179
183824,78499,4.5,1281359592
100569,6582,3.5,1511276546
131780,3081,5.0,1545326258
43975,143035,4.0,1615848470
111569,260,5.0,1623503569
117527,101415,4.0,1451284875
84589,102125,3.5,1611948458
42762,838,3.0,956683881
147830,96829,4.0,1596227205
29008,176419,1.0,1547737175
100117,49286,3.5,1524561454
47066,1027,4.0,941571473
165102,2797,4.0,1049821452
94509,4887,2.0,1694192920
75607,46976,3.0,1617684994
152831,48394,4.5,1266034852
79783,122900,1.5,1460854112
135453,2950,2.0,944960960
193496,49278,3.5,1683823601
28397,4223,4.0,1094761108
39638,292,3.0,846358490
20744,3185,1.0,1020442538
11546,2683,3.0,1287778730
194199,440,3.0,1111572040
25668,139642,4.5,1449154024
109826,36,4.0,1586380893
28798,2194,3.5,1241452061
6379,4052,2.5,1183761349
4798,128360,5.0,1471526992
26828,1345,3.0,979096079
149147,733,3.5,1242568345
53096,4901,1.5,1145335747
12650,55071,3.5,1272234313
22164,219726,1.5,1596843158
134121,4963,4.5,1164420333
159685,5524,3.0,1325420352
46273,1466,4.0,1479088933
200281,117529,3.0,1515807191
106205,163134,4.0,1552402819
150258,77307,0.5,1321374164
97572,2997,5.0,1010985685
41269,89492,4.5,1579200537
107621,1136,2.5,1337369603
75263,1608,3.0,944961386
103276,1917,3.0,1278962481
114534,76251,4.0,1607285654
55413,38388,4.0,1537122637
29588,6947,5.0,1466967170
57660,153,3.5,1411245450
176551,4643,0.5,1156879842
70759,8815,0.5,1154727883
139452,64614,2.5,1492448201
153266,4011,5.0,1037072129
182796,5669,3.5,1221087344
45876,5602,3.5,1181504119
37392,70286,5.0,1500485021
184181,45517,2.0,1504836469
44844,117529,4.0,1660341694
181879,48394,4.5,1588962886
157355,593,3.5,1206581713
163298,910,4.5,1649341810
31198,55765,5.0,1541957249
45235,1029,5.0,849599430
131262,452,3.0,833975817
200703,2693,5.0,982853362
108632,104,3.0,1111477552
159555,61705,1.5,1499622456
75982,47640,4.5,1447337339
130242,509,4.0,1005832874
152996,109042,2.5,1557225850
50651,92259,5.0,1461672960
7473,2670,4.0,945814243
142662,2006,3.0,1040838545
82836,5378,4.5,1191551778
196537,6807,4.0,1597368525
100844,1394,4.0,944952815
115239,3594,2.5,1168837021
86167,543,2.0,1175649283
155382,597,4.0,838637326
133005,44,3.5,1184485655
10799,48,1.5,1118094626
87012,595,2.5,1222625310
169154,3307,4.0,1599225789
78382,66,3.0,839431904
140410,5679,3.5,1190278851
128831,4844,4.0,1230782948
103968,73017,3.0,1498972930
175271,7044,4.5,1333953187
7416,122918,5.0,1524884700
9660,202393,3.0,1628457542
3890,858,3.5,1493942625
38916,71579,3.5,1628163120
86257,745,3.5,1239573384
118243,81847,3.0,1465415143
9977,7346,2.5,1118894135
3441,1249,5.0,1103691013
155002,6611,5.0,1118894924
144373,97913,3.5,1478483949
140792,60040,3.0,1298489066
6137,82041,4.5,1368893526
116084,1086,5.0,1591450957
40820,2563,4.0,1236864867
12332,296,5.0,1516308428
132030,5349,4.5,1102984520
151727,1717,3.0,974661953
162426,1270,4.0,1200195346
115343,218,4.0,877823269
17045,381,3.0,848328013
25578,3256,4.0,1105843996
102449,595,4.0,836146888
174356,1991,3.5,1641751637
26014,4306,3.0,1427576763
199482,858,4.5,1573096679
130842,7323,4.0,1595986961
33704,1953,4.0,1106422894
100100,3301,4.0,1281982216
100332,111,3.0,833553695
24972,2470,4.5,1113800541
13009,2707,4.0,1101231495
120635,2239,4.0,943026237
183186,60341,4.0,1222373260
3251,91500,3.0,1469674838
38661,43936,4.0,1485758247
114313,167426,3.5,1578188264
78054,6769,2.5,1078929994
40292,1959,4.0,945553048
73774,34150,2.0,1635132215
80617,508,3.0,838133757
139390,3257,3.5,1295657937
7301,431,4.0,1236169189
190660,4002,4.0,1119135098
44940,74458,5.0,1581370672
46905,4666,2.0,1001549658
114366,3733,4.5,1337238598
91770,79987,4.0,1370344819
182968,2108,4.0,927417267
176520,61323,3.5,1307144237
198515,25801,3.0,1268285979
105394,114762,3.5,1466238703
13163,3404,3.5,1068825572
120445,160315,2.5,1554589278
148955,7361,3.5,1218399359
17796,3552,4.0,1324183944
173412,106782,3.5,1555363936
95559,1584,4.0,937324798
7795,148956,1.5,1632527562
11687,8972,3.0,1581734895
283,1610,5.0,996890099
145369,5010,4.0,1074643863
175181,2804,5.0,1260806177
132908,364,4.0,1619461455
55378,185,3.5,1111566467
93037,2683,3.0,1159239219
69567,122892,4.0,1483744959
167784,6979,3.5,1089824909
13442,94985,5.0,1472539082
197422,3081,3.5,1454638150
121499,2105,3.0,1282560641
105322,5349,5.0,1618109174
41143,2571,4.5,1147185378
165710,91978,1.5,1329323878
26590,2252,2.0,941561446
37056,165551,4.0,1691866778
161421,316,2.0,837304353
106228,2119,3.0,945568007
117031,5587,3.0,1397258498
175564,4014,4.0,1049930311
93438,318,4.0,1554683659
141812,4681,3.5,1165464582
175785,6156,4.0,1507689129
161288,3704,2.5,1071552350
136806,96751,5.0,1349622852
32965,3916,3.5,1225546955
14674,1772,2.5,1648276786
702,6787,3.5,1420133152
20142,6947,4.0,1072112540
153951,60069,5.0,1419260977
92958,1379,1.0,862830609
131626,589,4.0,944941103
63592,3527,3.0,1305953966
41219,8957,3.5,1394149576
65594,653,4.0,855564990
94892,5989,4.0,1478573320
83882,1221,2.5,1320684268
58749,355,0.5,1111502625
83562,349,4.0,944951874
60437,1249,4.0,1225286983
177834,188383,3.0,1690638670
53716,60684,4.0,1468301372
12324,858,5.0,975538484
34947,911,2.5,1240430774
151303,1527,5.0,1468551558
171591,1517,3.5,1451524477
28313,93838,3.5,1555415171
30374,1233,4.0,969318063
1544,54001,3.0,1475153965
88548,102686,3.0,1620762288
190235,193944,4.0,1544306174
181537,648,2.0,923503650
631,1291,4.0,1605981750
135736,5299,5.0,1165281556
23303,3060,5.0,942150062
175849,5618,0.5,1681502158
124098,1326,1.0,1007419388
65712,1587,4.0,959296489
95561,2671,3.0,1518816007
46753,926,4.0,938825668
183358,1129,4.0,1692848768
2376,70,4.0,965192546
52160,4992,1.0,1049778062
146662,33660,3.5,1573254602
137632,552,1.0,849028660
36135,62394,4.0,1353430019
141368,51662,5.0,1686905323
178531,1059,0.5,1269443090
49165,3994,3.0,1551665339
107735,46578,4.0,1457244743
15399,90405,3.0,1457177101
94901,440,4.0,833559790
133081,6791,4.5,1200341454
458,2959,5.0,1655650271
186703,51037,3.0,1563978901
162342,2058,4.0,1005263778
32500,2496,2.0,1058811126
113822,8094,4.0,1128378966
57220,60069,5.0,1586795547
189901,4238,4.0,1005252002
33817,68159,5.0,1498880960
107031,6755,2.5,1225652489
80657,161,3.0,839419804
36684,45720,4.0,1605553132
13492,41226,2.5,1246254717
48050,104243,3.5,1500739239
147452,31123,2.5,1443214853
20999,78266,3.5,1295240018
44788,2541,3.5,1328925613
159776,173979,3.0,1599506143
149055,3173,4.0,1343253005
40765,77364,3.0,1617456641
174941,160438,3.5,1590259707
152322,4890,2.5,1077131330
132839,111360,2.0,1575881592
97027,2781,2.0,974620444
127516,149334,4.0,1676014942
143642,90376,5.0,1447176720
14211,88744,5.0,1465787869
198166,106100,5.0,1463791972
38042,186,3.0,845550933
30884,86332,3.5,1557308908
94059,97913,4.0,1491249029
174684,256,3.0,845153306
127933,480,4.0,834258754
28683,5836,2.5,1142273741
85997,1276,4.5,1271421055
87587,4246,4.5,1139860911
61737,2858,4.0,1588063035
170180,132456,4.5,1463833281
132651,2329,4.0,1258678596
77715,5349,1.0,1445582233
26564,3751,5.0,975453944
20455,48774,3.0,1569798304
39716,3,2.0,1107294671
151708,5266,3.5,1462999149
153903,5903,1.5,1439775193
108412,158619,4.5,1676870649
62009,111,4.5,1439797231
92213,112852,2.0,1510324089
63673,4369,4.0,993627114
35163,4085,3.0,1432702445
199023,1041,4.0,1481499038
87553,2064,5.0,946839095
93579,115149,3.5,1615495047
79306,345,4.0,857406114
54453,5970,3.0,1059208251
118920,3917,3.0,1435612520
22815,1954,4.0,996076203
197882,1588,1.0,953828911
54070,6118,3.5,1173413279
128734,1333,4.0,1010898551
185891,146656,1.5,1514297782
167448,1438,4.0,940872790
3100,117176,4.5,1590059576
166470,1298,5.0,966788243
146993,22,4.0,1182077554
177362,3751,2.0,1109392734
188840,377,4.0,840394676
163203,54001,5.0,1524116315
183330,380,4.0,1123196863
173529,110102,4.5,1617930654
93600,333,3.5,1118689169
188106,2116,2.0,1107147063
165077,875,2.0,945458439
149109,1587,5.0,1563896926
66070,4378,4.0,1236026009
175567,589,5.0,833034042
161225,457,4.0,1180988995
56008,79357,2.0,1503945060
64440,2167,3.5,1089808764
26687,55814,5.0,1483467591
58222,6331,5.0,1430726493
177715,67408,2.0,1286489481
135084,6934,4.0,1510559596
85170,5989,4.0,1440005517
10645,1704,4.0,944141892
89013,592,4.0,838714439
22266,379,3.0,1231407474
79366,7087,3.5,1171157156
197118,1086,4.5,1531078873
181859,7153,3.5,1493552947
166191,50,4.0,938883869
6654,4545,2.5,1575263991
70362,174727,4.0,1544685493
162850,80549,4.0,1612084081
134969,100108,3.0,1521333336
85263,293,4.0,1676062070
49586,151,4.0,1045161855
54137,8729,4.5,1219600002
141881,56174,4.0,1628072312
40937,72131,3.0,1265038043
73172,2442,5.0,979341935
44291,832,5.0,854564502
200000,1262,5.0,1005522252
104961,1409,4.0,862518794
115870,4963,4.5,1197959389
101512,2421,3.5,1251719731
127292,2916,4.0,1633031255
97317,40629,5.0,1424399999
113090,97936,3.5,1378672074
97085,1485,3.5,1545548248
112473,195159,5.0,1571106357
197174,6711,4.5,1111647024
548,4226,5.0,1687486376
185931,1288,5.0,974842625
172800,177593,5.0,1546361928
76084,201646,3.0,1604264640
17493,1258,3.0,1026831935
1916,4995,2.5,1575951963
177580,86644,3.0,1439776151
114416,3977,2.5,1111566240
152237,527,5.0,1595469850
56017,1320,3.0,1232900600
153779,74789,1.5,1534693602
51634,1015,2.5,1095811284
134403,35957,4.0,1137175757
20959,2,4.0,1495997258
76870,4855,4.0,1012094894
188936,278176,3.5,1674878992
133623,111856,2.0,1458257224
119859,47099,5.0,1610903062
78338,1089,5.0,900949786
152128,6281,3.5,1546714036
102393,118710,4.0,1677181244
19318,61401,1.5,1504729031
55232,54272,4.0,1605874319
164723,2455,1.5,1172082189
48484,56563,3.0,1429842201
169955,38038,3.0,1541788154
108641,114795,3.5,1496592648
8748,7156,4.0,1118258374
187828,2600,3.0,1618110523
153359,653,3.5,1343840651
70102,68954,2.5,1683643456
43316,520,2.5,1094926200
195422,32,4.0,1368906531
99512,8360,5.0,1580615832
44152,91485,5.0,1490225541
126049,32,3.0,1078201961
192468,2188,3.5,1112521118
34227,102903,5.0,1626947452
194187,4299,3.0,1419365541
141003,910,3.5,1191239644
56967,142765,5.0,1638991667
19465,4638,3.0,1503439928
193284,72378,0.5,1272158829
66504,1643,4.0,904547154
73645,5419,4.0,1554597256
20587,5902,4.0,1592659864
159978,6218,5.0,1627695413
133523,30793,4.5,1415749410
187894,160438,4.5,1661397336
130973,314,5.0,863292504
4305,1228,4.0,879825015
167729,187541,4.5,1615327750
13985,1100,4.0,1275152416
68651,50,5.0,962143531
172533,2946,4.0,1052240910
84854,2863,3.0,954390047
104543,69844,4.0,1451196961
68065,5541,3.0,1595970786
24480,217465,3.0,1599994036
97795,912,5.0,965332319
19685,3527,4.0,1606314703
198143,2058,3.0,943625628
122850,1663,4.0,977499299
3484,1387,3.0,1482092807
177901,4367,4.0,1101295444
133145,4369,1.0,1561375516
198256,6537,3.0,1465098744
20994,1135,3.0,943560802
50115,165,3.5,1192472649
93610,85438,3.0,1463763794
10561,317,3.0,841272347
90396,2174,4.0,945630050
160919,90746,3.5,1485669031
71547,318,4.0,845186337
30530,8360,3.0,1182556812
75899,6566,1.0,1314715908
137832,232,3.0,939596322
159694,3911,4.0,1265186632
46232,5114,3.5,1288581603
150866,192379,3.5,1609694664
56040,60126,3.5,1585385356
10538,70,4.0,1663640367
25513,2384,4.0,945052620
161469,7458,5.0,1189503662
8469,266,4.0,945883182
95481,195273,3.5,1583691731
153418,2944,4.0,947968433
67808,1196,5.0,942307325
94830,2302,2.0,1131810739
163987,1036,4.0,1429845536
1216,139385,5.0,1486075314
126256,34,3.0,1225569169
155822,798,1.0,971709824
171386,2861,2.0,962676105
53737,4963,0.5,1054271888
198511,188307,2.5,1658232459
91872,5989,4.5,1640955738
58580,56367,3.5,1637379607
122491,2571,4.5,1429221344
1215,122916,4.0,1659289682
16005,605,3.0,899921090
98467,2193,2.5,1510425136
23256,47836,3.5,1284768874
118812,1503,2.0,994968521
29117,110,2.5,1087263323
86005,2716,2.5,1249826172
56260,924,3.0,908211386
45204,47,4.5,1106895090
20128,613,2.0,947112853
78079,64278,4.0,1323711449
157684,174055,3.0,1632917643
69279,229797,2.5,1640385055
74356,1136,5.0,939679984
121729,163949,4.0,1550586123
132839,63113,2.0,1570909698
156776,80549,3.0,1329467633
18214,31685,4.0,1288600817
147543,3256,4.0,1278132368
135032,149334,3.5,1645514270
107193,3535,5.0,1475609792
54320,39427,2.5,1196720376
185146,1639,4.5,1141568636
14674,69481,3.0,1648447421
181118,167064,3.5,1488000966
98534,260,4.0,1111623233
195533,1537,5.0,1042394813
176465,7153,4.5,1500227837
29451,1270,3.0,1460989036
121994,1208,4.0,1499968475
101646,64614,4.5,1439982779
14141,4226,3.5,1247204705
85382,207313,4.0,1667886906
177926,2294,3.5,1151463528
88187,2791,5.0,988648662
140595,2707,4.5,1282761053
43170,4016,4.0,1214086807
167517,2571,5.0,973908004
105341,50011,5.0,1540671193
79722,237,3.0,830201517
30250,367,3.5,1166275365
139600,160271,3.0,1631617723
190540,260,5.0,858613605
3752,1233,4.5,1449663136
193043,56782,5.0,1224199476
50276,208,3.0,835744833
51384,4359,3.0,993851492
196832,183197,0.5,1621824060
200689,1270,2.0,1504451487
36645,60069,4.5,1590021192
137243,7090,4.5,1205177803
198154,74458,4.5,1512369309
112934,6696,4.0,1072291091
176117,47099,3.5,1167609395
177954,1831,2.0,1076763078
186327,432,3.0,835877495
22816,42013,3.0,1233563445
70742,186177,2.5,1599741956
26808,2028,5.0,905554942
153690,1350,5.0,966286150
4218,30793,4.0,1146843535
143068,96079,3.0,1437002471
70878,1086,3.5,1107830243
109705,4482,1.0,1005432311
87766,180,4.0,855347755
179238,553,3.5,1602666742
191815,106487,4.0,1419971014
142583,3030,3.0,1269987899
77479,107,3.0,1359593475
177148,43919,0.5,1354412741
85893,910,4.5,1161139914
2953,593,3.0,959014291
35163,1968,5.0,1432702121
39626,2028,3.5,1468202606
32605,2391,3.5,1197828765
89951,62374,3.0,1420306380
127622,5989,4.5,1528531961
29949,2028,5.0,1594350819
141900,3753,3.0,974778893
1995,910,4.5,1609805004
197799,4466,2.5,1258992232
118290,2716,2.5,1111099119
82081,653,4.0,1200245359
172007,2770,4.0,1320882020
88858,1485,4.0,900174483
181104,56174,3.0,1198879750
147034,3501,2.0,999200415
174863,168250,3.5,1512045435
169469,521,2.0,978462640
133941,196317,2.0,1627301475
65186,432,2.0,959799943
18495,1704,4.0,1452033754
196347,1307,2.0,1480891495
106542,50,4.0,1074832161
81807,2858,3.0,977446791
62866,350,4.0,835386459
81012,31,5.0,834067732
52435,1381,3.0,850435347
108381,3639,3.0,1397963322
12894,1258,3.0,1330732218
54779,122896,2.5,1585762461
189032,6365,4.0,1455467696
72579,1408,4.0,958769354
118141,7380,3.5,1452978873
23151,167036,3.5,1514407331
166729,148626,4.5,1587059391
77101,480,2.5,1075806275
52992,116797,0.5,1539353493
39642,3354,2.0,1439822440
153511,4848,4.0,1450121165
43635,2425,4.0,976912395
89658,2539,2.5,1378227686
102509,2572,4.0,979946970
140973,1217,4.0,1589684746
107718,1027,4.0,1555909723
188409,4720,3.5,1549260009
166491,57669,1.5,1472145377
25184,2640,4.5,1455588190
105395,1183,4.0,891658207
143761,168,4.0,1025567032
163910,73319,3.5,1545067570
93824,1101,3.0,949285593
124236,2528,3.0,1569065441
5323,4027,2.5,1072586688
64249,339,3.0,833460769
148000,2155,1.0,965436923
175962,674,4.0,1085427763
152988,3113,3.0,1291925580
20535,4034,5.0,1222302119
128445,2291,3.5,1350859476
5951,1297,2.0,948425497
165295,1298,0.5,1443281255
153754,6985,4.0,1576879198
54565,95,3.0,843830146
26049,1259,5.0,949892218
34514,5377,4.0,1111833987
141043,2018,5.0,966637124
61444,26662,4.0,1431999710
163180,134130,3.5,1602767208
80035,587,3.0,925858206
148166,67255,3.5,1638694227
126959,3708,5.0,1021950330
187829,110,5.0,834052573
22472,5989,3.5,1189359308
28423,1088,3.5,1529358174
99333,349,5.0,831379054
151190,2571,4.5,1474560061
30329,8885,2.0,1502344237
46911,16,4.0,867376077
85520,541,2.5,1692852931
189637,1079,4.0,1161729856
198429,2090,4.0,935251400
159396,60950,4.0,1484938102
57905,419,3.0,840138995
133941,206419,3.5,1627301480
33616,3275,3.5,1544864164
102490,3453,2.0,993344612
200870,96821,5.0,1415491193
153408,4886,4.0,1563079939
144881,3751,3.0,1200260511
109079,5479,2.0,1121994542
97418,4060,4.0,1059219475
71873,56171,2.5,1202861303
46172,357,3.5,1639801295
144232,26776,3.0,1592694853
134350,171583,4.0,1677892924
190279,296,5.0,1629519022
106697,1527,4.5,1470854860
68249,2505,3.0,1238099715
34488,1732,4.5,1253226460
87007,191899,5.0,1558738312
101806,5135,3.0,1445489197
9938,4638,2.5,1493171584
120908,3167,5.0,974677144
92943,3453,2.0,1204973931
60896,350,4.0,848474868
87095,1230,4.5,1101745597
72002,1136,5.0,1502894099
128644,32587,3.5,1642287701
60447,2117,4.0,1145290185
119681,6301,4.5,1224462011
178327,317,0.5,1137784727
96360,780,1.0,855552956
80801,33669,3.5,1476494942
17856,186459,1.0,1585181966
130965,454,4.5,1185774777
38185,1282,5.0,950156913
135144,72998,3.5,1512767836
120388,1968,5.0,1345005254
133352,1923,5.0,953761200
87281,1293,4.0,963148911
115405,3076,5.0,974660388
86969,176371,4.0,1579224318
64135,1219,3.5,1299773444
54040,7444,3.0,1504106535
33168,5528,4.0,1046628463
155776,5747,3.5,1111557080
113914,96857,4.0,1559511430
93120,2076,5.0,966490160
139931,55820,3.0,1383822146
36842,46062,1.0,1651504170
157039,1262,5.0,1016050898
144368,161,3.0,833192488
97140,3018,4.0,1621349960
177299,6708,3.0,1219020590
41555,1101,4.5,1065119295
6776,2571,5.0,940759448
118046,590,3.0,1109877285
56884,5266,3.5,1618062751
68398,869,3.0,942074149
48503,260,4.0,1460489208
2494,4361,2.5,1329752189
170863,203,5.0,834347499
11098,733,3.0,1114519793
121442,1101,2.0,1133278909
120529,122900,5.0,1503987270
73384,926,4.0,966856837
195568,3360,4.0,1107982982
97945,30707,4.5,1171730093
150683,112,4.0,938767868
194467,50594,4.0,1564094126
30916,2355,4.0,1111490713
1227,4896,5.0,1544662491
157803,1394,5.0,889492104
6995,3948,2.5,1107570521
21350,2571,5.0,1446994342
139392,784,3.0,1486377684
170703,1247,3.0,849630446
109775,3988,0.5,1488423706
126686,56801,1.0,1582570630
188634,26985,3.0,1151833509
82864,1221,2.5,1549450616
178293,6539,4.0,1106423459
90153,1252,3.0,850470436
58776,300,5.0,941812323
114877,110501,2.0,1500396128
189890,5810,3.0,1520462406
115657,210861,5.0,1585621088
153507,1905,2.0,901824763
97165,4174,3.0,1018165786
43924,594,2.5,1425682106
157855,1217,3.0,917189748
83834,8636,3.0,1545868551
120877,235,4.5,1149424933
187186,68237,4.5,1443835470
185370,70286,4.5,1500402068
23857,50740,4.5,1232830874
6670,168252,3.0,1525937383
94119,6163,4.0,1434877929
139556,8961,3.0,1286395716
112504,2353,5.0,1272136490
108743,318,4.0,1670789885
77180,6565,3.5,1521997665
50841,150,2.0,832880706
1963,112138,4.0,1640713372
38661,47810,0.5,1485756271
155323,3566,5.0,1049755380
25502,32,2.0,989513160
27977,527,0.5,1479417352
148122,634,3.0,866624325
63026,2000,3.0,945894812
156865,780,4.0,1572812556
110586,90524,2.0,1328911382
123984,1210,4.0,1008867831
112417,138036,5.0,1447174167
157630,333,3.0,834158292
52761,1784,4.0,1123509491
175093,93510,3.0,1491858416
193208,5446,4.0,1129355864
39629,4994,4.0,1010414374
90670,1225,4.5,1405731674
19717,83134,5.0,1555667074
198833,122914,4.0,1556480405
11745,307,5.0,1139101862
141611,7361,3.5,1491161411
81381,593,4.5,1283410678
135067,114795,3.0,1541984057
145604,85016,2.5,1578359787
184922,5971,4.5,1695122496
103897,1923,3.0,908601138
98846,1614,2.5,1461076610
119232,5445,4.5,1549408457
76316,33679,5.0,1609634464
141791,68358,4.0,1462364092
23450,129911,5.0,1585353403
25429,60684,3.0,1578000618
67982,457,3.0,948318721
58717,44,3.0,834714573
183186,65230,3.0,1237915771
59294,25899,3.0,1222026228
87284,527,4.0,1277274271
62409,4321,4.0,1323061942
119155,128360,4.0,1548557808
155084,1883,3.0,942792871
112322,135536,1.0,1600805672
81608,589,5.0,1153864505
55829,45722,3.5,1467337429
165072,1610,5.0,957983049
15817,595,4.0,846246936
112015,2885,2.5,1496913647
9103,108932,3.0,1651848111
26588,69844,4.0,1561834670
15178,3325,1.0,1037877217
70360,93510,4.0,1531440139
113751,192283,4.5,1589769832
71688,105504,2.5,1416598516
70069,3135,3.0,979316261
6232,410,3.0,853927198
54804,172,3.0,1284949162
10565,5956,4.0,1041537723
43006,2080,3.0,925469256
170865,2054,5.0,1522151084
93183,2918,3.0,1107120894
176980,1378,5.0,851088657
144157,4308,3.5,1083633691
196870,1196,4.0,962373382
134913,1608,3.5,1132270294
140774,98797,3.5,1444085741
168167,3624,4.5,1090698730
98438,75985,3.0,1486925705
54775,58559,4.0,1507579394
116818,318,5.0,846125837
23631,6636,2.5,1110052006
184750,173,2.5,1111473396
153791,8533,5.0,1431642803
66742,364,4.0,848164242
74220,86142,4.0,1358240932
21557,54286,4.0,1534766526
95690,4725,4.0,1063251483
162577,415,2.0,1086372153
102879,1193,3.0,965182709
5719,8815,3.0,1687651770
181073,3174,3.5,1105617075
98141,2139,3.0,1461955175
139083,4855,4.5,1071091626
38236,2252,1.0,942306370
168720,3052,4.0,1256688987
115166,6228,2.5,1538280716
108150,38038,4.0,1518640583
13067,520,3.0,848471341
16419,69844,2.0,1480734706
9926,253,3.0,1163391497
155149,1875,4.0,1009101005
27320,183827,2.5,1593887207
198414,4571,4.0,1149017199
75785,2496,3.5,1162904055
188599,2875,3.0,981422356
182291,17,5.0,848034335
25283,4367,2.5,1131572693
126615,64030,4.0,1499538412
162617,3646,3.5,1146483360
41272,592,4.0,847180686
31214,349,5.0,1027450934
168045,3176,3.5,1689026409
70236,5349,0.5,1462466445
133429,7293,1.0,1093459157
13850,253,3.5,1202059918
72871,57528,3.0,1334885922
61874,86911,4.5,1608046229
104271,2671,4.0,1455992615
151487,1391,3.0,1551368289
166929,68954,3.0,1439112928
136160,2762,5.0,1591583651
91137,46578,3.5,1679726359
86768,106072,3.0,1613643034
19783,235,2.0,1132311612
107260,1754,3.5,1062202335
159664,5106,0.5,1298235481
27808,10,4.0,1108057992
181002,80917,4.0,1328650193
14443,2686,4.0,949765035
110902,2406,4.5,1113593188
21334,1100,4.5,1353250639
94611,49272,4.5,1447779937
174080,541,5.0,1085479318
116833,88810,3.5,1430087685
61829,96417,3.5,1455322250
198570,144482,4.0,1523066344
11070,5574,4.5,1180333135
45515,419,2.0,1019744432
39889,8969,4.0,1483507749
633,34532,4.5,1158818883
41700,32,2.0,845307265
46801,5902,5.0,1549394723
42573,105,4.0,836128112
19120,31364,4.0,1607929790
40779,4226,5.0,1624013884
182204,58293,3.0,1421805548
79235,87430,3.0,1639321120
161624,5816,0.5,1087202237
193959,1345,3.5,1219694008
79374,88405,3.0,1632841913
102131,203375,5.0,1690868159
64360,750,4.5,1205623684
91149,480,0.5,1431730321
38463,4643,3.0,1546298194
83647,3499,3.0,1032971293
152184,115569,4.0,1480139728
27129,3451,4.5,1368342639
45582,8529,3.0,1504559069
129392,2406,5.0,963795636
39221,7147,3.0,1254904406
74769,56093,4.0,1291358264
85987,589,5.0,1046193545
118284,6157,1.5,1165881296
171680,110102,4.5,1673738501
124163,64620,4.0,1460462053
45927,48982,1.5,1652090739
145274,4993,5.0,1239568722
139704,14,4.0,850670733
175627,3052,4.0,1549833129
180821,48385,3.0,1514926246
99756,1214,5.0,1499704866
162224,2968,1.5,1267480552
23688,116823,3.0,1486207247
84879,3005,4.0,991916302
48273,2078,4.0,944901985
185486,5481,2.0,1353199469
7825,318,5.0,1471727723
25712,44,4.5,1543735399
134928,253,3.0,842752993
161119,193950,3.5,1684998388
38322,5971,4.5,1441836816
56465,8529,3.0,1167369471
25368,376,4.0,833124203
166353,8644,2.0,1447552319
113021,500,4.5,1167995641
189312,81845,4.0,1538878556
197278,1500,3.0,949814569
88638,209965,4.5,1581068500
56709,8529,4.0,1539681622
62923,1233,3.0,1690152031
191960,3095,4.0,1372277399
145647,46578,4.5,1362267516
163268,2710,2.0,1435534724
15100,593,4.0,1399825960
121484,242906,4.5,1656706780
67639,3327,3.5,1111546366
99505,235071,3.5,1641754251
178184,2990,4.0,1499542522
134695,2176,2.5,1317847507
162327,45672,4.0,1473889700
170203,6059,3.5,1110807312
65084,6619,3.5,1171582896
194414,1278,4.0,949593152
104340,1777,3.0,942249219
48120,3793,4.0,975274293
80919,3623,2.5,1174326894
119958,1500,2.5,1081105379
58484,1242,5.0,1108351979
147830,541,4.0,1596226792
133614,8917,3.5,1307126522
156148,2671,1.0,1196302792
42632,2858,4.0,1012668053
53494,142488,4.0,1490377234
185316,201749,1.0,1570254317
99463,2115,4.5,1405749354
154741,3626,0.5,1107141412
30597,2662,4.5,1244846910
60945,32596,2.5,1459496207
116075,3668,4.0,965360354
141911,293,4.5,1608650221
105139,2006,2.5,1112401913
199619,97,4.5,1305243545
54320,3409,2.5,1195602125
56455,3671,3.0,1235609890
176206,5644,3.5,1113603142
144834,2000,3.5,1247743375
139959,1193,5.0,901561552
54315,2088,1.5,1570148742
94459,83349,3.0,1606684177
120199,260,5.0,945226895
52084,445,1.0,874357170
7697,2490,3.5,1178623544
59319,69844,2.0,1525541766
75121,1658,4.0,940590185
185042,182715,3.5,1524560345
139716,3740,4.0,979328646
39056,95720,3.0,1432707893
20367,49651,3.0,1452962906
135208,3000,3.0,1656380003
166219,653,4.5,1182806654
115067,932,4.0,951065700
5527,68954,4.0,1577815032
71402,4022,3.5,1284809538
18168,296,4.0,1515165503
33483,1208,4.0,1114541524
199306,91500,4.0,1444691834
98200,5420,1.0,1415380992
117352,1097,3.0,1018120713
175464,69757,4.0,1536439513
56948,58,4.0,860083615
49729,1408,4.0,1189982151
14269,1270,4.5,1595971978
190520,31878,4.0,1115769445
81744,4816,1.0,1043787700
23929,381,3.0,969664148
113303,344,1.0,834570787
64283,8644,1.5,1173204588
116183,1178,1.0,1379163204
140377,130634,4.0,1496968076
165952,5669,4.0,1147204262
196076,2016,3.0,914976294
148576,7206,4.5,1077931387
177578,1,4.5,1326414799
114762,4280,3.0,993403947
190239,39234,4.0,1130955345
111869,5952,4.5,1114202416
164544,179819,4.5,1579049512
69641,56775,4.0,1211376968
187749,586,3.0,1499201921
109548,79134,2.0,1604092000
194679,96610,3.5,1602868522
197756,6987,3.0,1554255204
12775,597,3.0,838527625
68605,135569,5.0,1486687079
57719,152077,4.0,1610925906
122378,1276,5.0,1220319679
71275,456,5.0,954213565
166470,3418,4.0,966784803
45277,4023,3.5,1268728099
70657,153,2.5,1233149772
198719,3793,3.5,1173384065
150829,589,5.0,836837986
68797,52462,3.5,1462783947
133013,928,4.0,969050459
120406,3753,0.5,1548899163
35263,216963,4.0,1674760671
24044,4270,4.0,1039363321
20212,5782,4.5,1127405382
5598,73319,3.0,1680909984
120586,4993,5.0,1111587254
35671,1597,3.0,939815174
15288,6612,4.0,1181104954
101466,1289,1.0,1457881351
53661,136580,3.0,1464915852
157501,933,5.0,1170800385
65148,189713,3.5,1695281123
154640,296,5.0,1002247985
13184,2762,5.0,1587910758
198025,2002,2.5,1608994929
125054,168366,3.0,1508688076
47484,32,2.0,1431616666
80278,4788,5.0,1636745759
25485,3513,4.0,1194340812
140814,720,4.5,1404305687
181722,1275,3.5,1287225068
156537,150,4.0,1326939085
87011,111235,3.5,1567957503
53208,34150,3.0,1442077375
126130,5679,5.0,1180989256
139279,253,3.0,832516266
20302,142997,3.0,1507654879
124163,67087,2.5,1460493465
27798,2289,3.5,1319364981
16353,151,5.0,841143731
184732,81847,3.5,1605542937
171683,1801,4.0,1062657575
127601,192379,3.5,1626510757
82247,87430,2.0,1580059981
30006,778,5.0,1113967390
165186,2792,2.5,1076953204
141128,3258,4.0,1303252708
100149,6743,5.0,1142533118
88481,153,2.0,1202195009
117820,2712,1.0,1080603662
126669,357,4.0,941448984
124529,260,4.5,1519496122
76662,318,3.5,1552260190
176476,134680,3.0,1575484744
35864,2643,2.0,944910399
89062,74228,3.5,1582292057
193209,1049,2.0,998529923
84450,26662,4.5,1454633339
172277,1947,4.0,1645400657
191274,2313,3.5,1350892221
10659,1544,3.0,1000155060
37390,3819,3.0,974851772
638,3052,5.0,1022030536
199838,1639,4.5,1054936246
23078,296,4.0,1549804649
33931,5291,4.0,1019537960
64592,1258,3.5,1580585635
9977,2403,0.5,1118870803
89733,63082,5.0,1266711823
100092,54503,0.5,1307434857
126735,3704,3.0,967995713
161650,858,5.0,1482987928
171250,1377,2.5,1112709216
136434,1214,4.0,1285624796
52337,468,4.0,862847992
128205,318,5.0,1417841503
143411,3000,2.0,1010286585
179071,316,2.0,1689152497
119668,1958,4.0,900720654
146417,1291,2.5,1454996216
160659,102445,3.0,1546537856
167386,1198,4.0,1241467516
115246,8368,4.0,1489762404
115105,4720,4.0,1112795200
142276,548,4.0,940272485
194827,1215,5.0,847726349
97538,2580,2.0,971879270
38669,3785,4.0,1579856654
131134,64983,4.5,1473583502
125168,5816,5.0,1506715009
99084,112183,3.5,1683547081
114492,34072,4.0,1519964965
94126,1250,5.0,859545331
167098,4381,4.0,1006662679
10455,5992,3.5,1141551547
77858,950,4.0,945079542
78346,3471,3.0,957213933
166154,2456,1.0,1043539811
120028,2567,2.0,1243076844
51546,543,1.0,1130505870
87631,150,3.0,841685963
35340,6680,3.0,1164049325
10622,4848,4.0,1354733085
3493,2150,4.0,974759461
184459,5381,3.0,1433584800
194705,991,4.5,1130636700
135887,830,3.0,941232991
64054,96079,3.5,1601104911
11097,7173,2.5,1233288299
3405,3994,3.5,1251723944
38969,588,3.0,840924548
198806,72378,3.5,1260728534
125303,99114,4.0,1674518049
51175,57274,4.0,1671065842
200317,78499,4.0,1615776059
87191,50804,5.0,1589673518
83374,2671,2.0,1326938668
192773,7149,4.0,1111200098
80707,99114,4.5,1597461498
176458,1129,3.0,1009072735
38334,76251,5.0,1277663122
196930,3535,2.0,1490093871
85489,2968,5.0,1036354943
62887,56174,4.0,1397660641
168213,3543,5.0,954821271
147999,64,2.0,942429198
11674,4624,2.0,1056978694
43983,1129,3.5,1587258802
96581,3793,3.0,1574893221
114076,8961,4.0,1156415268
28084,105844,3.5,1599695724
97340,2003,1.5,1687295673
47051,2962,3.0,1541293191
152363,593,5.0,945159263
103848,3489,5.0,968522304
35244,58559,5.0,1623138394
37770,231,2.5,1111731551
89816,3928,3.0,974793765
155319,1244,5.0,939230532
159519,4878,4.0,1116211571
645,434,3.0,854262698
78679,3104,4.5,1288977079
124253,4034,4.5,1161441106
73577,1284,5.0,969083438
13361,8368,4.5,1287269934
129767,785,3.0,973701974
179493,36,4.0,1206552187
156389,8366,5.0,1152997410
158832,1476,1.0,999014869
117000,276,4.0,837513033
175399,2396,5.0,971550157
79119,145,5.0,955643443
78107,481,4.5,1057008737
96396,114486,0.5,1469426355
200594,78039,4.5,1319732955
175679,1527,4.0,1581271412
11034,2959,4.0,1503001304
43446,2918,5.0,943829108
81447,6867,4.0,1228959664
77644,53125,3.0,1253770025
27211,304,3.0,832010273
133642,293,3.5,1611159309
44377,2616,2.0,1021652900
38585,2912,2.0,1086386174
174324,4011,4.5,1613969632
126126,2300,3.0,1030087073
97532,380,4.0,837375902
116939,33750,4.0,1472987845
110969,276,3.0,841059630
179198,265460,3.5,1691092330
159683,2336,4.0,1211707809
136699,63082,4.0,1427521389
133832,81834,5.0,1542979525
81466,116161,3.5,1548003532
32862,318,5.0,1470945176
31570,32598,3.5,1443985858
113421,111617,5.0,1474243627
112610,5009,3.5,1566840170
112441,1265,5.0,1497045533
106151,1433,3.0,1071989480
13580,112,3.5,1111561702
141602,7206,5.0,1110628951
55575,1674,4.0,1499137901
16490,8961,2.0,1418360784
64349,49272,4.5,1333672348
87861,266,4.5,1063054223
98992,150,3.0,845363200
79716,8961,5.0,1681506674
59253,527,5.0,835681342
158911,1198,4.0,1456661545
95773,82459,2.0,1615271578
122854,1859,4.0,1462978542
159106,55995,5.0,1234592508
43206,5459,4.0,1446906710
86909,63992,2.0,1364430274
72081,134130,4.5,1664463238
166276,213,4.0,974749805
155974,208703,4.5,1602463292
109977,99114,5.0,1456930281
177239,153,4.0,831912274
11762,2502,4.5,1595771899
101658,1221,4.0,1445382843
131559,149504,1.0,1451109878
152700,1259,4.5,1466176475
165916,674,4.0,944960762
25380,4995,3.5,1183508380
104706,120799,4.5,1601652957
162521,80969,3.5,1312793240
48943,85414,4.0,1341778493
86111,44555,5.0,1630343257
68754,5690,4.0,1502038857
28,72011,4.5,1273977342
127250,2,3.5,1201268112
161119,254614,3.5,1684968938
115857,3255,3.0,985672251
23268,413,1.0,838892598
131933,2005,1.0,1136423858
109263,175593,3.5,1500310958
159727,334,5.0,952974241
168426,45208,1.0,1332194428
54775,68954,4.0,1507579544
148324,1600,4.0,1423438517
198240,2546,3.0,945691280
89218,7395,3.5,1190059442
69945,2108,4.0,943205646
194800,165101,4.0,1516477271
103188,4366,2.5,1345149418
128508,432,2.0,1028173509
20935,592,4.0,838081387
69607,780,2.0,1191711216
106031,420,1.0,953430790
101946,3504,4.0,1198867834
36986,539,1.0,1440337602
102307,1747,2.0,905041781
6669,169906,4.5,1688416948
98141,2858,3.5,1461948322
39626,2997,3.5,1468203032
165961,1374,5.0,1096484125
150810,214955,4.0,1687072087
52730,54732,3.5,1192674550
51659,3062,4.0,1291675622
144776,1270,3.0,1111481282
32519,104841,4.0,1488833722
90433,2959,3.5,1624912901
75308,6785,3.5,1267492972
169201,3211,2.5,1092144657
70520,88163,3.5,1483043861
149551,593,2.0,989634029
149737,89,3.0,1062265086
111162,597,5.0,848843935
142265,96737,3.5,1571773464
112755,80166,2.5,1357262961
162554,89492,3.5,1349815046
143337,135436,3.0,1572952315
6145,51662,4.0,1454376246
66933,59369,4.0,1615786013
36370,50442,3.5,1642098919
145495,1219,5.0,1350341336
116179,3784,4.0,1143798342
105012,95,3.0,845632575
110804,1721,3.0,945339141
4144,1488,4.0,955837131
42292,342,3.0,1074191533
122730,6548,4.0,1435844674
188936,59725,2.5,1445750051
67760,2987,2.0,956710274
165526,39,4.0,843061268
3060,48774,5.0,1463015390
138525,162,4.0,886308857
68776,54686,1.0,1203930832
60239,7381,2.0,1444300186
129180,33493,4.0,1517641507
165192,6711,4.5,1226705939
27202,74851,2.5,1544313418
184166,2381,0.5,1306096303
19711,2671,4.0,1078457157
190638,1080,3.0,1213446524
83795,1258,4.0,1528414246
161100,1243,4.5,1353433044
117119,7143,4.0,1484175753
44139,2858,5.0,1497608445
89841,333,4.5,1597180557
91022,45499,5.0,1282954734
134664,6959,4.5,1138810253
106515,708,3.0,855154804
51289,3203,4.0,1080189767
190536,6936,3.5,1494232839
129541,45672,5.0,1547575343
67072,175937,3.0,1518734374
74885,97304,3.5,1627259877
9660,79132,4.0,1468908698
41118,106920,0.5,1456028332
180503,135141,2.5,1474160771
133575,3088,4.0,956699235
68568,317,4.0,852830235
163253,58293,2.0,1453443199
153411,4226,5.0,1493644576
167896,94864,4.0,1357384050
90036,924,2.5,1496619827
34644,1682,4.0,1532098920
81376,474,3.0,946615523
73151,8965,4.5,1601848466
91351,1345,3.0,1221079904
166363,2762,5.0,1488114719
6877,3948,4.0,1166199560
180120,2804,3.0,1462661954
69329,3593,2.0,1193861689
120229,72998,3.5,1476885151
20110,5804,2.5,1422837196
59403,47,5.0,1514807604
181691,3469,3.5,1181450415
55907,2860,3.0,1203188009
37902,3160,5.0,1218564397
130980,25771,3.5,1500237273
170142,1247,5.0,944900322
9238,3255,3.0,1501363594
138443,2028,4.0,945666159
129325,4980,3.0,1101834431
66738,6385,3.5,1151869097
181993,1956,4.0,939125742
8599,88744,4.0,1475931936
78184,100390,2.5,1591459236
20532,2916,4.5,1364640180
86019,2712,4.0,1219890498
172029,1517,3.0,955868652
4109,1051,3.0,940582600
113530,648,3.0,948578167
176246,4963,3.0,1126300081
148717,104337,3.0,1488787230
77832,45720,3.5,1486943645
37763,88,5.0,851011210
174085,50794,2.5,1268473173
31532,1270,4.0,894282980
3408,4734,2.0,1017093384
187967,1206,5.0,1281645089
13620,3424,3.0,963098134
29833,8774,4.0,1612253471
52742,1297,4.0,967338439
30086,177765,4.5,1528016617
6976,357,4.5,1269053412
33087,593,5.0,831819112
73738,953,5.0,1581571745
128227,55247,3.5,1457166468
35331,1196,4.0,1478939057
47619,60040,5.0,1618263363
172629,2082,1.0,1117519673
200608,442,2.5,1129304904
68059,3498,4.0,965307104
193496,88129,1.0,1683823602
11635,2571,4.0,1636996478
48910,1580,2.5,1185321425
181658,113345,3.0,1517835279
10259,5943,3.0,1223361842
35515,1527,3.0,974748504
49806,119145,4.0,1442467320
125603,1088,2.5,1620180643
67632,4226,4.5,1239899538
57532,102,3.0,977864451
101303,1405,2.5,1135802014
38848,4034,3.5,1424830200
51404,2140,4.0,1182751849
19960,8360,3.5,1428318632
33040,1256,5.0,974852924
89477,1127,4.0,1008025827
62503,7254,4.0,1342686753
58293,2155,4.0,992667395
198314,143355,4.0,1500919566
113524,8623,2.5,1470512439
135001,199,3.5,1283469991
148757,593,4.5,1399245066
2290,788,4.0,975611584
74103,134130,4.0,1572825722
117765,3147,4.5,1461935148
54660,2621,3.0,938882478
111049,103075,2.5,1476121812
97483,3916,5.0,1204045164
57948,7,3.0,853836454
89022,1645,4.0,902696881
143816,6365,4.5,1065066877
173092,26694,4.0,1453352781
1338,3147,3.5,1113107662
192948,800,5.0,1083330753
96299,4027,5.0,1551143203
134499,2120,3.0,945148080
72035,122916,5.0,1572507574
82442,480,3.0,961891565
151442,4223,3.5,1129056425
200678,202439,5.0,1595535107
140853,1233,4.0,1151392462
134459,480,4.0,901041296
63277,1461,0.5,1097215323
160511,89002,0.5,1505595361
54442,349,4.0,843294277
125064,435,2.0,834154464
57563,2951,5.0,950151563
160470,3985,3.0,1233703787
85103,184369,4.0,1546504917
166704,1272,5.0,891016607
8534,858,5.0,1575855581
92647,5847,1.0,1341951970
70280,202429,4.0,1683495516
86694,119145,5.0,1598474399
132407,45501,1.5,1225027893
182142,79132,4.0,1471137837
75311,1784,4.0,1346631196
105605,3255,3.0,949983815
113616,2947,3.5,1460140300
100449,56801,1.5,1496141128
176747,52245,2.5,1331530635
17195,4327,4.5,1173701337
130012,6610,3.0,1641349899
160467,1246,4.5,1304277735
28232,3863,3.5,1228005857
183289,3108,4.0,949808263
121898,2072,2.5,1117511704
19509,81158,4.5,1462216737
95389,1245,4.0,1459067439
139501,47,3.0,1404472666
154634,27216,2.5,1266396308
38100,6858,3.5,1126086271
64830,6565,1.5,1442034067
158,2249,3.0,992924541
17060,3646,3.0,1001429691
109422,3301,3.0,1118371629
111548,44199,4.0,1189299554
109881,353,2.5,1497537514
186254,2167,4.0,1173348720
125548,616,1.0,1502850431
120977,373,4.0,953124689
126217,5952,4.0,1457840695
41757,53322,3.0,1200235196
183965,4054,1.0,1026681671
56883,586,2.0,1028595471
59628,72226,4.0,1277431803
39321,165,3.5,1613439270
121541,1683,3.0,974871772
139265,2136,3.0,1363900061
8901,7439,0.5,1546436195
87603,5971,5.0,1448007170
116579,1221,3.0,1169042056
100544,3698,4.0,1663259767
31406,282,5.0,965870407
126588,903,4.0,1363041923
99810,1193,5.0,1620592945
120266,27773,4.5,1234684468
125457,4308,2.0,1157921394
14674,34271,2.5,1648457981
34909,1091,3.0,1169652695
16907,252,2.5,1056572245
157628,541,5.0,1218545485
184384,2987,4.0,1329075940
178666,74731,3.5,1269903961
85778,593,4.0,1594167535
188714,6870,4.5,1114282529
53427,2001,4.0,1114641977
29205,1676,3.0,1418068610
33666,4474,2.5,1133916682
82674,1196,3.0,1259655107
190023,1721,3.5,1227703774
143952,1090,4.0,1551492482
17638,4993,4.5,1622640010
156904,110,5.0,831844363
79361,1682,3.0,974941374
160779,47202,4.0,1248481339
173527,181225,4.0,1666036919
97957,6502,1.0,1438880235
29123,1230,3.5,1073710227
89477,2355,5.0,1007421105
73538,106920,4.5,1449266119
69020,48082,3.0,1605118965
98673,2701,3.0,1183367821
73577,8368,2.5,1201944132
185575,3,3.0,839674904
158553,2144,2.5,1630335048
162621,5966,3.5,1550219666
180520,1262,2.5,1487263150
192772,650,3.0,860912969
158096,51662,3.0,1328402226
161153,4973,4.0,1595437995
150917,508,1.5,1093028394
84433,1527,5.0,1005627755
194758,4386,3.0,1008622489
13755,55768,3.5,1610245732
160231,1025,4.0,1372235659
193651,5686,3.5,1083530012
84197,52604,4.0,1502148909
108117,648,3.5,1449862019
123109,145,4.0,978612298
42560,189713,2.5,1624621590
20414,4896,4.5,1497171863
118661,64957,3.0,1549147814
128936,4545,1.0,994964145
97178,2297,3.0,1052505911
70609,356,4.0,1444130059
176633,55255,4.0,1246307275
25024,50,5.0,852726012
169414,63859,3.0,1302257721
41115,192385,3.0,1555081683
7147,1610,4.0,1001896197
31718,49530,3.5,1419142647
63115,4310,1.5,1581890561
157049,1231,4.5,1082921206
179841,1254,4.5,1581029214
200535,480,4.5,1309679530
174742,627,4.0,911317908
291,4720,4.0,1525663138
197496,116411,5.0,1650598690
143553,56775,1.5,1473969882
137368,2371,5.0,1480283995
114648,3785,4.0,1587949327
83703,2628,2.0,1372222433
60453,1673,5.0,1321673934
70154,221032,4.0,1596201173
153805,212461,3.5,1611305479
149679,94864,5.0,1504363038
140194,5349,2.0,1274267155
159655,33493,4.0,1578618652
65671,6323,4.5,1453270808
94971,145094,3.5,1564937190
129192,3794,1.0,980438605
120416,1500,4.0,945624907
33721,2091,2.0,1051333592
22382,118696,4.5,1445614141
76374,2289,5.0,1144953403
179663,36,4.5,1115396036
24533,1127,3.5,1607376303
97602,364,3.0,837110048
121987,2019,3.0,1636142291
147344,2729,4.0,1518325835
18564,91542,2.0,1446859847
136479,122918,3.0,1517114022
140663,1200,5.0,857961264
68948,3987,4.0,1007321368
39940,102407,3.0,1547839383
155701,46855,3.0,1665513294
20793,2240,3.0,946753199
15575,648,4.0,1224437577
17747,106002,3.0,1409987828
176597,1196,5.0,960357961
15680,6254,4.0,1113799519
185771,296,4.5,1101299837
76935,115617,4.5,1468616141
129220,1625,3.5,1070986185
141125,31658,5.0,1486022406
33594,1954,4.5,1464370805
108722,39449,3.0,1171912840
112300,783,2.0,1370043602
153076,8368,5.0,1493769770
5029,1722,3.5,1500229521
124919,177593,3.5,1569627453
47149,68237,5.0,1295575904
84477,1396,4.0,916753276
154930,1230,5.0,1022015424
46640,153,2.0,1480520100
25235,202159,2.0,1690207649
114192,4034,3.5,1130832940
50750,49530,4.5,1170011804
17625,318,5.0,836555164
147904,1551,2.0,980796696
14830,68554,4.0,1590285173
146663,53123,3.5,1446936438
134253,261705,3.5,1643755865
78272,109895,3.0,1406203292
51752,140267,5.0,1588023007
183453,1176,3.0,1126217943
136204,380,1.0,1574195151
162729,1268,3.0,1013213923
19682,62439,3.0,1359334960
15651,1210,4.0,1450203845
23775,8360,2.0,1118157788
157167,213914,2.0,1594489121
104005,1747,5.0,961308173
148578,3098,4.0,947981296
154546,1127,3.0,940825853
50104,222,2.0,1082862906
17640,1077,5.0,947175199
43803,2262,3.0,1115657717
112476,2081,4.5,1335142226
44011,8607,1.5,1373143592
15391,188189,3.5,1627771569
81938,57669,1.5,1533828799
145225,3499,4.0,1150654093
122400,1208,3.5,1054831751
39508,5952,5.0,1520636597
56986,4886,4.0,1111622946
178666,61401,4.0,1239633881
102217,48774,5.0,1434335547
199811,200540,3.0,1561215979
122014,306,4.0,1594789507
8908,113345,1.0,1564195024
63719,1517,3.0,1266524654
170165,104913,4.5,1400283396
167551,2518,1.5,1062985074
12788,3707,4.0,1017813511
117408,74789,2.5,1524350531
151443,117176,4.0,1478883362
156173,5712,3.0,1458516238
199704,420,2.0,1145369485
179709,2324,4.5,1461602380
171003,3251,4.0,993145996
72245,1396,4.0,939251622
125510,57504,4.0,1581871193
100204,551,4.0,849051576
21253,47,4.0,841946459
102613,2502,4.0,1367481114
178209,869,4.0,942084433
70403,95088,2.0,1443923855
145123,587,3.5,1575974383
40423,595,1.0,982636554
17965,19,2.0,998505319
167639,5299,5.0,1055355208
114517,68954,4.0,1318472041
68422,1238,4.0,974734991
55401,1836,2.0,957374139
176481,5444,4.0,1512082331
169109,35836,3.0,1202704280
66907,2046,3.0,914621599
123683,144640,3.5,1501075748
10535,919,3.0,1005650870
107619,3996,4.0,984576371
130472,2253,1.0,906560432
24045,40966,1.0,1150198628
196480,2694,4.5,1196388343
127671,2746,4.0,956369480
156972,537,2.0,951256755
2817,2313,3.5,1357083486
132642,553,3.5,1442797437
26959,56782,5.0,1427739338
24718,86835,4.0,1598785137
97513,99114,5.0,1507417833
189629,1302,3.5,1461949353
104009,82167,3.5,1341211677
35848,60069,4.0,1479636350
179852,5799,5.0,1034719528
163838,3175,4.0,1563173255
115251,593,4.0,1586390122
62062,47,3.0,868202414
163071,58559,5.0,1325183647
67503,150,3.5,1202823173
142338,3239,4.0,1046790799
37451,136562,3.5,1475808043
18910,292,3.0,1249841944
33317,1224,4.5,1105561021
159776,8988,2.5,1597275426
87753,1080,4.0,1013439521
42836,3360,2.0,998104631
30045,70,3.5,1135975836
143880,122,4.0,862157372
7883,50641,1.0,1432801628
5783,881,5.0,857712677
99639,58291,2.0,1493588150
127815,2303,2.0,959289347
35376,4130,5.0,1494290251
54280,2694,4.5,1507060628
182306,2054,3.5,1167752397
146990,2454,2.5,1112213776
14330,112552,4.5,1604694520
87691,47810,1.0,1353891728
171708,356,4.0,1453771903
70591,8167,5.0,1558454341
88857,54001,5.0,1350968970
61987,920,3.0,1115935164
51055,4492,2.5,1100283368
167711,1247,4.0,1224691977
68237,88744,3.0,1457758905
136925,8372,3.5,1574974272
23095,342,4.0,850450041
62943,2959,5.0,1503748205
38586,117529,3.0,1690344221
104034,2302,4.0,955915925
63301,480,4.0,1424381917
164040,2300,4.0,993061925
118390,47,1.0,1167714711
185871,71264,0.5,1483260500
155710,31,3.0,842991656
74948,2571,5.0,1449061294
2890,2734,5.0,1018207233
31343,148626,4.0,1485195422
41068,79134,3.0,1609669393
25508,296,5.0,1277617393
194134,133163,4.0,1623688475
97032,2028,4.0,1171759737
56009,1,3.0,1633110299
161120,1944,3.0,1516493521
68102,68157,4.0,1340393694
193070,491,4.0,940735371
82064,365,4.0,957306129
14231,135569,4.5,1599508297
200050,104283,4.0,1644663763
52380,68237,4.0,1489101825
64722,60072,1.0,1544579756
33973,7153,2.5,1599069151
101235,88108,2.0,1684465361
185599,589,3.5,1591336035
56031,6537,3.0,1272172416
13083,474,3.0,955659234
42387,356,3.0,836015432
130143,11,3.0,938899398
171015,95441,3.5,1578101151
192583,1197,4.0,1150266960
893,5464,4.5,1470854258
82734,514,3.0,837134007
115051,3967,3.5,1067266447
159810,1291,4.0,1512948577
183730,942,5.0,1147826547
130741,348,5.0,835172998
14034,2133,1.0,940637543
79824,27369,4.0,1421538622
178310,90345,1.5,1535541277
70637,113640,2.5,1478050527
150097,288,3.5,1187552126
10454,1200,5.0,959123126
10531,2572,3.5,1183084492
165357,1077,4.5,1411673679
35382,69844,3.0,1468792537
132003,3827,3.5,1090351309
74740,60037,4.0,1440372876
38242,377,2.5,1406961402
12667,66934,3.0,1629045807
43406,39419,0.5,1153869769
179988,2985,3.5,1112324788
98874,8529,4.5,1200433462
33911,59315,4.5,1218460786
119857,3396,3.0,1378583442
136393,6333,4.5,1452422185
194914,94325,3.5,1348420175
107525,2081,3.0,975120544
90355,899,5.0,1043882047
179295,122920,5.0,1693605934
169972,5669,3.0,1076551331
193928,928,5.0,962650406
6071,1676,2.0,1084883798
186756,393,3.0,945516972
31485,84047,3.0,1430690263
74114,6338,3.0,1109970642
70681,174585,2.0,1509567268
78652,2501,4.0,1372654425
99570,8636,4.0,1158423245
139261,1416,1.0,863352659
171601,69406,4.0,1648319811
49305,5872,3.0,1169445082
32235,5693,1.0,1602766055
38741,2174,3.0,1554224217
123742,2571,4.0,1212029124
63055,590,5.0,866303387
132839,180987,1.5,1575202243
141567,1,4.0,1696811851
106758,4896,3.5,1590456496
146013,3986,3.0,1674400084
63095,3704,2.0,1039896231
11641,5218,4.5,1617979651
70826,36517,4.0,1475997785
43386,112,3.5,1495509186
34747,165,4.0,956599688
96398,87660,2.5,1598127374
113987,3205,4.5,1466620039
10316,2657,0.5,1146352272
172589,329,3.0,841161118
128434,5446,4.0,1497126113
166062,1527,3.5,1143862748
147243,79590,3.0,1445578071
92156,193,1.0,835921383
148017,48516,4.5,1460779842
53312,1376,4.0,943583497
166212,356,4.0,1537676572
185324,1042,3.0,938510448
162757,1219,3.0,1012783548
175678,586,4.0,1167221141
63700,104,4.0,995641065
177704,5502,4.0,1028564018
15509,55765,4.0,1197996967
93479,91974,4.0,1346084509
63115,153,2.0,1568156908
182328,115881,5.0,1489571335
85399,209315,5.0,1588305235
4226,1136,4.5,1230496909
31357,8368,2.0,1569039531
23854,2916,3.0,1193156454
56986,317,2.0,1111519276
82463,5218,3.0,1464913547
84095,1672,4.0,915215875
173582,1960,4.0,1167780189
157730,1704,3.0,1585256701
165318,180,4.0,1105667381
58098,2028,4.5,1113174045
2338,5890,3.5,1108578017
135984,6371,0.5,1075824951
47672,138036,3.5,1504681626
83803,79132,4.0,1662646364
149733,2571,4.5,1497257244
177777,4011,2.5,1625888663
160437,959,5.0,946326930
130655,1060,3.0,1412884888
64972,24,0.5,1491670266
131748,4270,3.5,1489203830
131116,2392,2.5,1226682919
163014,260,3.5,1095661946
154392,46967,3.0,1584768967
19314,50594,4.5,1576692293
121295,520,2.0,845564534
90477,6782,0.5,1100729348
61671,4084,3.0,1027017003
99886,5618,5.0,1397364099
125993,85131,5.0,1442781019
57681,1089,4.0,1498068428
151917,1513,1.5,1380077939
108142,115569,3.5,1447382372
158239,2688,2.5,1337225015
31894,377,2.0,944041226
188596,5902,3.5,1189013155
65194,256,3.0,836313260
27837,1810,4.0,909237026
155299,30707,3.0,1479065592
192468,8937,4.5,1116903362
88867,5218,0.5,1454537506
168248,1701,4.0,965026267
56731,7361,4.5,1235116980
90347,74750,3.5,1283111766
42312,69844,4.0,1484865128
111591,1214,4.5,1153602771
68124,1193,4.0,1486445020
56830,2791,4.5,1493319052
190817,122904,3.5,1487742425
12037,168252,4.5,1555385091
39440,1721,3.0,1104894035
47574,4958,3.0,1019692816
195664,1094,5.0,938951499
42883,474,3.5,1111480022
56818,4878,3.5,1298781010
56494,5323,1.0,1551318646
194637,48516,4.0,1252599280
40442,141866,4.0,1619998799
58410,2245,3.0,983222496
76983,1923,5.0,945130686
87446,1393,3.5,1234200203
1495,485,3.0,848982842
51082,539,4.0,835858472
19408,1073,5.0,902075579
41126,4292,3.5,1429556891
8879,2042,2.0,912354326
158135,4887,3.0,1453819487
119569,1125,4.0,1325377249
21734,122882,5.0,1507163844
200910,11,4.0,846168803
133069,8984,3.5,1115189249
25172,1376,3.5,1306765759
114287,1967,3.5,1081983608
128339,87869,3.5,1453587504
46232,2454,3.5,1288841119
116408,4499,5.0,1064249614
51680,802,3.5,1233893269
171375,919,4.0,901835452
5316,593,4.0,1272682055
159713,741,4.0,1194310974
60146,529,4.0,1133298717
82071,91104,3.0,1541834446
154688,106487,3.0,1442345358
155256,74450,1.0,1598655348
76052,2023,3.0,1656297249
31176,457,4.0,1598468433
7317,142488,5.0,1486417932
156562,101142,3.0,1367737323
63233,4011,3.5,1418241622
66418,91500,4.0,1597258713
49384,1459,4.5,1581170965
175454,2731,5.0,1020030142
66856,1208,4.5,1696654682
118284,1209,5.0,1165786519
108058,71518,3.5,1353253106
195537,85399,4.0,1462167438
85623,1704,5.0,1232832645
189812,90357,5.0,1365094248
22902,4816,4.0,1505309427
39751,318,4.5,1606688842
181756,77798,4.0,1365874724
38922,16,3.0,1139518563
125754,91542,0.5,1641804138
154189,1213,5.0,1161294430
21512,34048,3.0,1429043302
153901,2294,2.0,955662334
98552,897,4.0,950192271
578,694,3.0,851719231
116028,318,5.0,1629846684
77557,2763,3.0,941399958
78842,275245,3.5,1690574086
181059,65142,3.5,1475434772
165601,904,5.0,851881010
177854,4011,4.0,1036708220
12743,1092,2.5,1168173021
175885,91660,4.0,1464193706
116912,276155,3.5,1669310192
186708,3298,3.0,1039405410
90938,2302,3.5,1555710145
131800,2915,4.0,946085429
45249,736,4.0,867960178
46660,86332,3.0,1502359489
118158,3408,4.5,1436478884
37885,1059,4.0,1000770879
65079,40946,2.5,1545835643
45650,4084,3.0,995468518
57047,1584,3.0,1189562449
182082,296,4.5,1499523283
24581,7489,4.0,1086142851
20594,122922,4.5,1559499682
182258,40815,5.0,1425185185
136326,2863,4.0,962594825
71133,110102,3.0,1570984427
51926,160718,4.5,1542628909
85541,1410,3.0,1262103588
39693,114662,3.5,1600027253
93942,594,2.5,1145373764
30671,7323,3.5,1185058519
96305,2,3.0,1279568244
179912,2572,3.5,1554245508
111161,225173,4.0,1609471476
84689,5378,4.0,1167891118
164168,223,4.0,1001353716
133133,103253,2.5,1547173186
67128,62137,3.5,1516306283
46393,2145,3.0,945974808
109333,30825,4.0,1244204345
42756,149352,2.0,1592093238
110194,3555,4.0,988287361
166792,1029,1.0,1494441743
107955,54259,0.5,1489514017
104698,1270,3.0,1020997605
48560,480,4.0,1211139155
188012,215,4.0,1423390716
70103,30707,4.5,1255316059
177220,76093,3.5,1451782647
74534,929,4.0,950411894
21513,2,3.0,834335505
59218,1,5.0,856528810
26556,1299,4.5,1462058160
195064,2054,2.5,1567041285
71541,231,5.0,1181505134
96108,32,5.0,1495920524
129160,1230,2.0,1038429719
194955,337,3.5,1134021525
51341,2533,2.0,1325813267
47110,6539,1.5,1481939544
35823,2232,4.0,1221491927
18336,1562,2.0,968519849
25158,2628,3.0,1063460425
24868,7203,3.5,1108110721
48718,3555,2.0,980330168
133931,79139,4.0,1450354731
179748,3147,4.0,1175243992
3113,480,4.0,1282524261
62141,2005,2.5,1117184736
66543,45662,3.0,1653161042
75348,99114,4.0,1414719512
59544,4844,3.5,1117060796
23476,8528,2.5,1239311764
103291,1993,1.0,1399870139
104439,7293,5.0,1519252024
50580,1097,5.0,945070382
38369,81845,2.0,1474916182
188330,52328,3.5,1590204537
171533,5952,2.0,1205160597
94555,2269,3.0,939345246
78585,53996,4.5,1583425338
69020,2340,2.0,1605121616
93930,4642,3.5,1077032553
76950,898,2.5,1518377855
128582,122892,5.0,1458656864
112896,1617,5.0,939865348
96263,477,3.0,1023037283
92669,7445,5.0,1502078562
162621,4636,3.0,1608709856
89386,1304,3.0,1050581999
165171,2686,4.0,967123626
104236,588,3.0,1118447602
61597,46,5.0,841217227
185141,6016,5.0,1210000230
73600,410,2.5,1228435500
184790,64614,4.5,1600643895
43975,5452,1.0,1616397385
43724,80586,3.0,1439164721
33700,491,3.0,885826623
152809,118888,4.5,1484963379
177435,180985,5.0,1685990289
126007,5603,4.5,1067735927
56747,186,3.0,837535432
139755,3258,2.5,1136866314
191766,53996,4.0,1648455850
64532,104879,3.0,1658628199
127421,356,4.0,834582368
116809,99114,5.0,1696711667
156809,2918,4.0,1291157630
13853,152081,4.0,1619986311
46977,68954,4.5,1367463348
89339,103810,2.5,1599371052
180484,79091,3.5,1433128669
13440,3545,5.0,974510481
96652,8368,5.0,1586569000
195462,2628,2.0,1294984523
109065,2167,2.0,1601253796
56058,434,3.0,845112817
17149,597,3.5,1157839477
67787,3177,2.5,1063095363
64606,68954,1.5,1575755191
63263,33794,4.0,1136687464
109786,2987,5.0,967698801
42855,2890,4.0,1224754744
51259,89745,4.5,1572342667
194667,45431,1.5,1511240401
131145,2802,2.0,1186513201
117383,2051,2.0,1146253916
142608,3793,5.0,995403663
62918,66934,4.0,1435630597
13230,780,2.5,1260483417
85032,1233,4.5,1087120272
12074,356,5.0,840353723
103838,236,3.0,839936298
15467,2321,3.0,978097634
133878,6880,1.5,1067486392
60280,5349,4.0,1115876850
102200,3809,4.0,985846076
115309,112552,4.0,1568044156
59803,799,3.0,956168608
47956,1717,1.0,1428355078
71899,969,3.0,949375740
173028,3067,4.5,1058438977
24932,2794,3.5,1152847376
9085,597,3.5,1644071835
106356,5902,4.0,1082547678
20302,46976,4.0,1430587379
26834,54286,4.0,1418012623
193963,5445,4.5,1156273962
136306,78836,2.5,1612418046
104821,42418,4.0,1147614658
116994,89753,4.0,1468006007
59966,1809,4.0,1052127206
120080,6250,2.5,1652827318
158519,587,4.0,1004508199
150943,39183,3.0,1625806412
5607,3,5.0,859741514
174643,106920,4.0,1485195309
171862,783,4.0,973982676
187216,4306,3.0,1660925816
86199,5337,3.5,1611900975
109846,22,3.0,847430346
70817,139644,3.5,1630517973
54315,32724,3.0,1570021274
22440,4367,2.0,1003295338
107856,102686,4.0,1459631120
91958,457,4.5,1561270367
159573,8984,3.5,1616516501
155365,1391,2.0,1048023311
86590,3253,4.5,1154159226
100771,56782,5.0,1628289472
186399,2042,3.0,981418892
55308,44974,4.0,1162271329
3383,1407,4.5,1695774664
17995,2699,4.0,945237573
161282,79299,3.5,1366117797
40877,3421,4.0,1131483973
123391,2671,3.5,1581313134
154939,59315,3.5,1532737579
44220,1405,3.5,1299631899
51366,468,3.0,915111583
537,122914,5.0,1655665691
36213,1274,3.5,1689438037
73645,179819,4.0,1555025199
74113,902,1.0,1282699986
82018,114662,1.0,1422092564
142346,3557,3.0,1121935281
194897,6039,3.5,1092607967
1178,653,4.0,858240122
75658,4973,5.0,1320361728
120790,4718,3.5,1279988011
148957,69481,3.5,1250961323
63314,5957,3.5,1120789981
29833,79357,4.0,1612257947
17440,41566,3.0,1422554962
175775,380,4.0,838231079
199381,7451,4.0,1685250365
83820,5995,4.0,1460495773
181006,2291,4.0,945746318
138897,10,5.0,839182653
149608,2959,4.0,1164411611
183565,8636,4.0,1588011372
66329,356,5.0,841785178
139046,5496,2.0,1660014133
132821,150,5.0,842891651
83854,912,4.0,1108961451
193828,91978,3.0,1494409905
104158,500,3.5,1467907482
102281,1112,4.0,942414850
50200,318,3.5,1078781490
108027,258,2.5,1118883934
106086,166461,5.0,1502665162
15180,7153,3.5,1160718886
162212,6279,3.5,1068660714
121117,4226,4.5,1570119253
112733,1956,4.0,945487625
151724,47997,4.0,1332434836
87133,1986,2.5,1279311015
48984,160438,4.0,1607798796
105009,70159,3.0,1442259164
132131,78422,3.0,1443824338
155884,2690,3.0,938823449
60730,51575,2.5,1546405260
109213,3268,3.5,1603115961
34390,36525,3.0,1471899701
152112,1080,3.0,958496162
137589,1187,4.0,1528225904
147821,105,4.5,1136163385
36616,1729,4.0,940377568
7005,160,3.0,846310967
179490,4054,3.0,1467535953
112781,81158,4.0,1293468991
110666,2081,2.5,1625790181
186682,5363,2.5,1264879874
75164,200838,3.0,1648930279
193260,3730,2.5,1457351756
89184,132,3.0,842196957
29402,2012,3.0,1128834304
70277,40966,4.0,1329225624
72061,432,3.5,1111905317
168853,344,3.0,843483506
130118,350,4.0,838986377
52479,60069,4.0,1544924289
85512,6863,4.5,1454179283
28502,44004,1.5,1296132525
26205,2700,3.5,1323353782
83599,802,3.5,1112017301
133527,314,5.0,1452487079
193843,58559,4.5,1449224223
68902,288,4.0,975572956
179577,1357,3.0,891616851
10706,318,5.0,1508001744
47557,116012,4.0,1474513392
56862,3699,4.0,1561226681
66775,194696,4.0,1604986682
182532,1580,3.5,1234055568
117917,898,4.0,1107301704
68080,81591,3.5,1584015784
67666,410,3.0,1484923721
177145,4659,3.5,1144932021
14524,3114,5.0,968904834
50192,1676,4.0,1520280262
75904,64969,3.5,1454475593
40455,3052,5.0,995237870
144107,25773,2.0,1689141949
38258,4378,3.5,1455839969
16365,103228,5.0,1457874691
134709,115210,4.5,1539977650
2799,3576,4.0,1252728119
96561,102125,4.0,1537477695
28346,1806,3.0,991804149
171023,61024,2.0,1648530786
97723,1345,2.5,1067123000
94541,6947,3.5,1112479716
187225,908,4.0,1303525251
3160,4370,4.5,1056661595
55841,4589,5.0,995057072
152079,2161,4.0,940675478
168427,6793,2.5,1588189394
139453,2028,3.0,1438993416
123444,909,4.0,901265316
79712,147282,3.0,1513520089
66345,1193,3.5,1073211005
80118,85342,4.0,1447027770
84855,1274,3.0,850815372
107567,152061,3.0,1522738066
61385,1956,5.0,1057538968
95216,1264,5.0,1023418816
65649,106487,3.5,1473237615
3035,34,1.0,1211162465
19905,4235,3.5,1111972077
2817,102125,4.0,1388540229
98750,2734,2.0,1013805171
70967,50,5.0,1455042073
167976,1132,4.0,858772983
33886,903,5.0,967248760
28386,5015,4.0,1104201120
108785,100498,0.5,1607086957
118665,42011,1.0,1269117648
103631,78469,3.0,1510423197
128524,60950,4.0,1284052053
62986,39,4.0,1593883556
34798,48516,5.0,1555115728
108381,837,3.0,1397963362
44244,31696,4.0,1667906112
96878,1955,4.5,1508079031
197481,6,5.0,869432192
173896,56949,3.5,1248197884
110555,122926,1.0,1605027553
158645,91529,4.5,1539032102
66940,527,4.0,1181784040
504,164,4.0,927647952
106355,33171,5.0,1687700442
178300,7153,4.5,1447608970
169299,68791,3.0,1463535073
166712,272,3.0,850663043
61615,1210,5.0,1206663063
188012,165589,2.5,1477682750
177704,2017,3.0,945363119
188109,48394,3.0,1264510876
200384,2712,3.0,1696543493
1670,119145,3.5,1584452230
157052,50872,4.0,1432611646
44213,1031,4.0,1196556173
169278,2978,2.5,1347188881
90609,2975,2.0,954989292
130649,190551,3.5,1604451761
78107,3175,3.0,960742591
43703,224943,2.0,1664549089
86039,778,4.0,1225176049
117941,11,3.0,832852145
84872,306,3.0,939024682
164119,2115,3.0,974702537
165048,1527,4.0,1075697601
157903,5349,2.5,1588522329
48046,3489,1.0,1051542876
177556,69526,2.5,1471100084
188704,79,4.0,971256877
9707,750,5.0,1182225306
23363,165,5.0,848412679
16014,111,4.0,1281762872
63003,8910,4.5,1682807513
34071,7143,4.0,1603680376
26202,1281,3.0,1337205647
43832,2301,5.0,1270545785
47771,174055,2.5,1623326839
191624,1995,1.0,955647211
23489,782,2.0,1117740703
13847,3412,5.0,970793319
184019,1641,4.0,1005386435
75311,8838,3.5,1346534067
80454,1206,5.0,1473263331
125263,122900,4.5,1467472858
132958,1907,4.0,1107367632
31521,434,4.0,938973849
129591,164909,4.0,1591793446
175045,358,2.0,1469626103
21491,2692,4.5,1112579697
178904,89305,3.0,1565717193
140660,3752,2.5,1224707664
115239,5106,0.5,1168838337
190841,4638,2.0,1537462497
39020,1027,3.0,1124702954
191744,2393,3.0,1461440952
40311,457,4.0,974331615
57726,761,3.0,865937681
186614,52973,3.5,1595727167
95353,1895,4.0,1013033074
4760,90249,1.5,1509878865
128782,6936,2.0,1469155972
123134,61240,4.5,1488121249
68210,33493,5.0,1519749025
165963,786,4.0,1351840833
153397,84954,2.5,1484589863
137404,2378,4.0,1514311600
22680,45517,3.0,1533225478
167498,164723,4.0,1604102949
185468,1240,4.0,1498077278
190283,2571,3.5,1572821761
24968,2436,4.0,1042828221
92221,2002,4.0,1442003751
147414,4776,5.0,1624126564
65431,6856,5.0,1231207836
90472,153,3.0,863680171
196220,26737,4.0,1676839907
36737,8337,4.5,1112445893
12697,43987,4.0,1149961384
173013,2622,3.0,981435853
118058,99149,4.0,1605119050
94434,2517,2.0,949806346
11211,1381,2.0,945860737
159106,8253,5.0,1319253974
189402,110,4.0,958694502
108836,382,5.0,840128647
96512,6807,4.0,1358819182
99675,53953,3.0,1430250275
169810,81591,4.0,1307991713
150181,3481,4.0,1610224664
33012,2,3.5,1174020324
50092,648,4.5,1239918698
68376,5,4.0,837644952
35987,904,4.0,954502902
15998,30812,4.5,1105743977
193707,53322,3.0,1502502379
47705,1459,4.0,868478340
49144,86882,1.0,1440020582
140119,1587,4.5,1109802274
18626,1682,2.0,1065475588
65046,2424,2.0,1500175838
106507,1220,5.0,907087480
5572,8784,4.0,1146543867
94631,619,3.0,849530603
152179,61024,4.0,1684120952
183312,122882,3.5,1492112335
134403,1970,3.0,1076228102
22987,736,5.0,832354686
17167,1305,4.5,1311683514
42144,2732,3.0,939064029
17763,98809,4.5,1437764933
137370,48516,5.0,1569543056
60621,7254,4.0,1553698730
197502,783,3.0,860557955
178448,96610,2.0,1611277268
144895,4306,4.0,1418049770
35895,2021,4.5,1114509330
137511,2265,1.0,974736114
90040,1377,4.0,1625243373
130416,2080,3.0,952810939
117320,106100,4.0,1460042489
159776,97462,2.0,1599495121
17232,1674,4.0,1107043097
62536,100714,4.0,1381497321
148856,57274,4.0,1261331457
124661,6565,4.0,1144965759
171418,207313,4.0,1581830944
192815,6157,4.0,1107149553
123587,3252,4.5,1231336410
188301,2529,3.5,1147303790
149421,2771,1.5,1107040583
107116,164179,4.0,1490416816
79644,48780,4.5,1652175415
113104,5449,3.5,1078820400
126580,1199,4.0,997313836
27592,2502,4.5,1562077989
185217,2497,3.0,984216322
38054,260,2.5,1641537177
200323,103141,2.5,1642031880
153647,2571,4.0,1350658359
129426,48385,4.0,1235764493
14198,357,3.0,857017399
185460,537,3.0,841484247
72291,1784,5.0,1053642715
99843,119145,4.0,1485978331
159927,3793,3.0,974866331
144047,673,3.0,1604829696
60568,333,4.0,1487482197
106829,349,3.0,1114585552
196425,111,4.0,1105831812
190015,202439,4.5,1594611964
128511,4896,3.5,1120304134
11159,2002,1.5,1456417701
22861,1276,4.5,1140992473
194638,106100,4.5,1591471329
171143,1267,5.0,1262895892
134087,4022,4.0,1447047829
49305,50064,3.0,1170053266
32728,99112,2.0,1584105000
54890,6157,3.0,1063734104
21044,109487,5.0,1682568629
98900,161582,3.5,1663698628
158551,2019,5.0,956595983
18240,1221,5.0,1437239103
174347,111921,3.5,1410456771
167709,207313,4.5,1626143001
35876,4446,3.5,1177809713
13976,73017,3.5,1448238973
54630,327,3.0,854104556
52646,2617,0.5,1161929727
16878,6863,3.5,1447303919
1209,8360,3.0,1096929544
81608,3452,2.5,1153866370
4621,6695,3.5,1075923402
140693,84152,4.5,1623376426
166983,1260,5.0,1040083765
41006,3005,3.0,1122141676
120552,56757,3.0,1201777336
31159,1207,5.0,1457815878
125765,53464,4.0,1233698604
33262,427,4.0,1204426047
100719,2302,3.0,1108782436
37233,54503,4.5,1609311410
171060,1573,3.0,915360776
43413,2478,2.5,1277342582
69477,3618,4.0,980277739
25737,833,4.0,974844978
39476,7153,4.0,1246206784
94476,3147,3.5,1264912501
191280,150,4.0,829751254
112245,898,3.0,993149754
19980,58,3.0,1017549049
15428,50872,3.5,1204941169
8748,34332,3.5,1209499680
37964,4848,5.0,1101764206
95523,288,5.0,1446587253
85541,54286,3.0,1262066826
47358,1690,3.0,1089585544
95389,8948,2.0,1459140013
140618,140,5.0,845572471
105979,2949,4.5,1353626865
70936,51091,3.5,1212902633
147350,1204,5.0,968934856
192633,1214,4.0,1137188325
54831,187541,4.0,1529192165
108647,277,3.0,837753728
52954,16,4.0,1547325111
180739,59315,5.0,1350790703
151861,8798,5.0,1253055578
156200,4011,2.0,1059062704
117752,1721,1.0,947245129
81647,3275,1.5,1411481669
178112,2028,2.0,1633000502
11881,648,4.0,853688756
84353,41285,4.0,1400187656
136718,58299,2.0,1485977453
180066,4254,3.5,1335286108
316,85774,0.5,1428509428
22885,292,3.0,845125458
15487,2953,4.0,1506765964
122839,597,5.0,1231352384
130991,2951,4.0,1067983614
15872,3125,4.0,974612277
81685,1276,4.0,851820877
132712,6709,3.0,1579164039
117993,30707,3.5,1467379580
161654,380,3.5,1089822453
118046,3469,2.5,1109876530
71122,1260,5.0,982455246
89348,4296,4.0,989435221
18415,192687,3.5,1534830376
57627,367,3.0,840540814
34844,27317,5.0,1569721037
160149,50872,3.5,1459310084
82081,2291,4.0,1200238043
111088,1252,4.0,954390242
55475,6772,4.5,1218295230
12421,32,4.0,1568323492
109261,3793,3.0,1038101826
88095,431,4.0,832369415
78394,1081,3.5,1103932586
77863,53956,4.5,1550157291
120099,1394,3.5,1128814814
10767,116797,3.0,1656929081
113743,589,5.0,1631570089
75891,96610,3.5,1371964236
44021,41285,3.0,1221163214
129723,1251,4.5,1264363469
10175,2289,4.0,1407021947
28849,81845,4.0,1506712286
2685,1030,3.0,888501730
11100,6296,3.5,1336244201
33122,3686,4.0,1406053813
45872,5418,4.5,1110387223
148106,2015,5.0,953241324
103756,70,4.0,1173025585
51898,114662,3.5,1446070381
184881,8644,2.5,1641462950
144918,51077,3.0,1583461768
166312,7445,2.5,1463162634
1209,1635,4.0,1097604497
20000,364,3.0,852390315
87223,143385,4.0,1481075646
77613,4042,3.0,1693247750
171741,202439,4.5,1604167538
127521,1213,4.0,1425947732
72787,2167,4.0,1120841427
7035,500,3.0,1555478963
117625,6333,4.5,1105394547
67970,167536,1.5,1501185239
196695,92245,4.0,1456388775
198723,5902,3.5,1165594913
69662,2405,3.0,1215471027
198632,3153,4.0,976644980
172645,1272,5.0,973282551
191201,72167,2.0,1567539238
76620,648,2.5,1303005310
145098,53956,4.0,1239561478
187034,701,4.0,843530716
175325,86911,3.0,1473241811
58156,1221,5.0,1446834233
88557,6323,4.5,1667953848
51149,59315,4.0,1228160321
160721,5608,3.0,1109972901
28284,45499,1.5,1187484363
198926,27801,3.0,1295945145
138720,592,4.0,837072405
129185,2379,3.5,1069108885
69227,2639,1.0,1060053164
166456,6934,2.0,1416714533
105380,48045,5.0,1418823292
48010,6927,3.5,1101148314
155038,7147,3.0,1196114257
6598,3504,3.0,1122479136
196327,56788,3.5,1201130506
111784,1,4.0,1154071709
172675,3258,2.0,1585492421
71025,30749,3.0,1434490367
21360,1094,4.0,1132168800
110020,1439,2.0,962905839
45124,3298,2.5,1304635647
199332,106487,4.0,1570053358
45018,104374,3.0,1511887733
42649,178061,4.0,1515495109
61928,8092,3.0,1126174581
31696,93512,3.0,1339103971
147388,65682,3.5,1569490725
136799,2367,3.0,1339980366
144667,73017,1.5,1459636482
137864,184399,4.0,1684699120
177388,2462,1.0,994948040
129066,64575,3.5,1485476719
59867,965,4.0,1404015532
60280,6947,3.0,1115879431
58693,3740,4.0,1445361088
75590,3949,3.0,1171068630
113626,1282,4.0,1445636424
31428,586,2.0,984560555
108188,1197,3.5,1628629260
144641,5957,3.5,1455377617
183811,86882,3.0,1447809246
173848,151759,5.0,1473777213
124682,36529,5.0,1421962552
138959,48877,2.0,1503325830
67611,3100,2.0,1111724696
194049,1042,3.0,958588464
190920,6323,3.5,1522998414
65205,6502,4.0,1233390675
547,213549,3.0,1678517091
51758,903,3.0,942845919
17732,3967,4.5,1332028783
124786,112171,4.5,1499014943
47231,7107,4.0,1131287298
67632,4993,4.5,1225285225
4635,3396,5.0,1017964347
127151,148238,3.0,1561347974
86534,122896,3.0,1624207901
97037,33679,3.5,1469830512
161869,5267,4.0,1111522986
44074,2694,3.0,944902327
100632,296,3.5,1430955828
105133,2005,2.5,1438548199
109911,54001,4.5,1627813199
5552,1918,3.5,1118090699
103917,144482,1.0,1510502915
22385,2054,3.0,947927960
172034,2455,1.0,1642517389
31974,3392,4.0,1048542621
66026,33004,2.0,1609795714
138935,593,4.0,1323573005
163810,2331,4.0,975911748
90305,1923,2.0,967867893
146876,47,4.5,1158794626
188068,106489,4.0,1515542642
10651,148172,4.0,1488743378
137469,235,5.0,947215315
36105,72489,2.0,1665968638
140602,1073,4.0,845899752
124083,1527,5.0,1659132254
100174,8985,0.5,1271763407
133499,173,2.0,834318048
95924,79139,5.0,1629165918
158449,1573,3.0,868613839
97709,440,3.0,1040688918
77160,786,2.5,1054365184
16121,2012,2.5,1432529599
199470,91622,3.5,1333958052
67200,4896,5.0,1050761516
58081,356,5.0,1296442359
28,94864,3.0,1489536949
35219,236,2.0,945045181
189459,329,4.0,1060459777
47959,112556,5.0,1439938230
5562,33615,3.5,1194465640
53761,1882,3.0,1452360452
101451,4963,3.0,1277255581
182838,1197,1.5,1682473172
62260,637,3.0,1196615647
18862,8961,3.0,1337696685
107354,292,2.0,879958441
57737,205160,4.0,1575495000
39507,5152,3.0,1246513390
138362,239,2.0,839006197
40932,2961,2.0,940350877
166945,413,3.5,1118293516
181273,1619,3.0,1035572662
131862,7325,3.5,1206140935
51289,93510,2.5,1619989402
134942,3300,3.0,974266570
104667,1193,5.0,1554444194
97772,1907,5.0,1539624990
51758,433,4.0,942801513
21516,172887,3.0,1607958728
33779,2706,4.0,974298814
14196,134130,3.5,1581378627
69110,60069,5.0,1318460719
102168,171,3.0,1028944475
34729,318,5.0,951555406
8950,7802,3.0,1597162943
111036,6539,4.0,1610742722
66043,49272,2.0,1512986075
56794,832,3.0,1105420777
83050,5313,1.0,1094610778
189534,8961,3.0,1626458263
24177,2100,4.0,974711634
9036,4022,5.0,1001986781
139262,32,4.5,1144277868
54652,2617,3.5,1086223435
66187,471,4.0,1486267986
162490,1476,4.0,858337906
132560,4621,3.0,995440970
22001,1298,4.0,854734777
20727,109483,4.0,1459471963
200690,6502,4.5,1165272860
177059,69394,3.0,1470601669
196706,628,3.0,962844289
114431,1181,3.0,1003016004
19425,4361,4.5,1128089712
25633,136864,3.5,1467009679
74131,68358,4.0,1243706395
89102,1198,4.5,1181057343
132223,7458,3.5,1105705366
7743,3949,3.0,1552208861
4570,40815,4.0,1623708601
190857,32,4.0,1649297169
7127,8874,4.5,1228508353
108996,3826,2.5,1558645865
31998,32,5.0,844839981
162521,27704,2.5,1257673988
133564,586,5.0,1631916850
193248,1615,4.0,975729399
146195,16,5.0,1613594996
162843,5306,2.0,1041116556
170580,1080,5.0,1583580176
8210,3101,3.0,1239289662
180707,3996,4.0,1357009457
126805,355,3.0,832462347
81562,6979,5.0,1457497156
199341,1094,2.0,1129766991
133756,8197,4.5,1534689238
90123,129773,2.5,1649497378
56383,3275,2.5,1216054604
86628,1639,5.0,895852423
59776,200822,2.0,1610376550
97789,4299,3.0,1462673354
9317,364,3.0,974838878
110417,253,4.0,1359583702
69896,5418,5.0,1236553780
58227,1377,5.0,1495369412
90465,6770,4.0,1174279437
196010,4993,3.0,1427196577
189134,3219,4.5,1271388727
82285,179819,4.0,1555979886
193202,8376,0.5,1177806814
163690,4993,3.0,1161958138
54348,4848,4.0,1121275826
66728,318,5.0,854712255
15501,586,3.0,834625730
136693,1210,1.0,1160604040
32907,7438,5.0,1509808459
24637,46970,4.0,1662857933
36944,8949,4.5,1107202746
123014,113345,2.5,1507847413
81008,1416,2.0,1255702018
188330,94271,3.0,1606699818
143880,85,3.0,862156027
176683,4272,1.0,1052067580
71777,1251,5.0,1220252712
59737,174,1.0,847365161
193190,924,4.5,1217875410
46223,3253,4.0,1145531095
188502,1396,5.0,965363234
79712,65642,4.0,1513520094
1751,8368,4.0,1580015844
33289,3117,3.0,1570389188
116434,3426,1.0,1011039903
23143,172,2.0,1001975991
40776,539,3.0,1032968300
23136,4479,4.5,1478709151
46181,1407,4.0,1591705049
76854,65612,4.0,1270351294
28488,1198,3.0,1438594726
149707,90888,1.5,1565079368
174853,7163,1.5,1388260631
75559,2951,5.0,1547138150
42536,1378,4.0,992791872
102148,1091,3.0,1023396075
165546,6377,4.0,1444692373
13063,2948,4.0,1273954854
192660,133195,4.5,1520946628
54585,83132,3.5,1495332127
194575,81932,3.5,1596831483
70483,2,2.5,1097359085
150991,82461,3.0,1315581434
40050,89492,3.0,1518561791
92824,587,2.0,965141902
61845,7827,3.0,1500238507
172531,276,2.0,845749026
179919,288,2.0,1481309335
68504,2918,4.0,1185139945
23706,84944,4.5,1615316349
197289,455,3.0,1346097175
34164,5449,2.0,1603701597
157764,58559,3.0,1432521095
175877,1214,4.0,936354947
146791,39,3.5,1629331148
53043,1370,2.5,1151778874
87003,79132,5.0,1508630546
70318,68554,3.5,1527844228
192366,95510,3.0,1440256927
11590,1682,3.0,1141077127
177556,1228,5.0,1471100082
88054,480,2.0,1227187797
34282,117176,0.5,1583773101
6284,31696,4.0,1604960005
72703,34129,3.5,1144814509
119412,81591,4.0,1462903855
195412,4213,2.0,984848311
63755,6541,4.0,1148801341
151,3744,4.0,1446026598
6478,59369,2.0,1563723900
11314,165,4.5,1119475521
25976,4299,5.0,1020287321
160316,2124,2.0,1335065613
52097,5952,4.5,1442097899
102922,1095,5.0,953671289
166714,8360,3.5,1117615386
37841,49530,3.0,1578943090
105154,1263,3.0,942998710
192775,1203,5.0,1653056228
118361,5445,5.0,1128083361
42569,30707,4.0,1531068803
52307,2291,4.5,1662935866
82827,34150,2.0,1437289392
103162,1222,4.5,1118781434
5929,2324,4.0,944585774
43302,43396,3.0,1678225363
9204,7060,3.5,1563247318
60771,260,4.0,1193490881
49565,356,3.5,1432870106
192130,2028,5.0,1560637049
63297,6365,4.0,1601179565
66041,142060,3.0,1567825463
154508,2694,4.0,1354421950
41669,51255,3.5,1598210424
42314,103137,2.5,1630893252
56129,60756,4.0,1614035285
31006,367,4.0,837081716
99402,1049,4.0,981825490
28717,175199,2.0,1515993406
159111,2567,4.0,1133993395
35826,4262,4.5,1519614477
8359,3615,4.0,1435685096
85826,73017,3.0,1521196447
35550,2091,3.0,996988644
53843,7265,3.5,1407238079
169651,112552,4.5,1683414672
116673,185,3.0,839630805
35671,6998,2.5,1070742970
156234,1732,4.5,1440815836
12713,4014,3.0,1339703605
116660,551,4.0,1144699289
17178,3147,5.0,1238641686
187828,2612,3.0,1618135115
197140,60037,4.5,1600206669
136249,202439,4.5,1676792321
195624,6539,5.0,1092799173
99834,2918,4.0,1611444510
53368,1200,5.0,1569115386
79712,3034,4.5,1513520095
15983,1148,5.0,847345084
35555,49530,4.5,1219525834
143432,8376,4.5,1643057497
110598,91658,4.5,1337807146
91478,114180,4.0,1470707545
91488,60069,4.0,1538572044
187468,1835,4.0,913122143
191359,16,4.0,993822508
176289,8533,3.0,1511314222
97183,208,4.0,835997076
74331,1645,4.0,1147029336
182747,41566,5.0,1589385642
17534,7451,3.5,1478901143
121009,1,4.5,1210442760
110641,58998,1.5,1487972434
173593,164179,3.5,1558634176
35618,50872,3.5,1491344863
57155,6985,4.0,1213628281
10202,1794,5.0,1001090343
137947,3471,5.0,1613992988
31412,68358,4.0,1266719762
19976,6377,4.0,1395852507
143469,410,4.5,1157469671
196695,6433,5.0,1436864348
26569,88129,3.0,1563671515
18322,485,2.0,848493788
149707,79293,1.5,1565079375
30557,527,4.0,833028375
71644,5171,4.0,1232128226
48933,3386,3.0,993203823
19404,4993,2.0,1607628361
44019,3763,5.0,1003101334
103,4011,4.5,1280167121
179867,608,5.0,980130321
183554,3638,1.0,986322069
28439,3983,4.5,1096846905
129506,72737,3.5,1439840330
142450,4370,3.0,1184016794
149183,5313,1.0,1176608981
10043,2028,4.0,955413938
188545,68954,5.0,1259365917
64769,6870,2.5,1316821436
1783,1297,5.0,1048291103
194166,27843,3.5,1683636790
159455,40815,5.0,1166621476
167906,203322,2.5,1681969682
27134,165,4.0,843392914
199087,47,4.5,1295637753
178444,106234,3.5,1521756533
98879,111732,3.5,1437506829
72757,3489,4.5,1223818824
2948,79,4.0,867298232
53995,6348,3.5,1053622843
140119,3263,3.5,1117102777
66515,1088,4.0,1567021755
192572,79702,3.5,1301090085
158392,6870,3.5,1508569595
58333,2006,4.5,1076163251
9268,762,2.0,1364845818
120086,2012,3.5,1610418189
28306,750,5.0,965770836
75982,4388,3.0,1447346711
149941,780,4.0,1612464504
81044,3701,3.0,965962720
15965,1291,4.5,1072638503
53936,7700,5.0,1147301977
27804,5254,0.5,1174056316
109852,1645,3.0,1230854147
186976,527,4.5,1647119714
160467,296,4.0,1304272217
119139,4867,2.0,1047851832
115413,107069,3.5,1447446967
67157,4343,3.5,1114007301
32595,1373,2.5,1141830433
84699,2628,4.0,970190547
130297,587,3.0,992275408
66123,53000,5.0,1524379778
140677,5218,3.0,1138313179
197772,48780,3.5,1278978214
173695,102993,4.0,1497691932
160402,728,5.0,875059633
87785,318,5.0,840964081
44687,3639,4.0,962638566
36655,2881,3.0,1582336696
30074,6503,2.5,1074645155
173527,74789,1.0,1666036901
46649,81591,4.0,1447432171
41396,99114,4.0,1544658288
94507,4963,3.5,1680510229
33330,1193,5.0,858942786
27228,173291,5.0,1535142259
52352,5,2.0,1135300354
105482,141393,3.0,1493566189
170685,47099,2.0,1559913207
37566,2003,4.5,1257400145
47301,1527,4.0,1598081694
27844,1208,2.5,1126459266
6456,161,3.0,974964158
119137,32632,5.0,1179894244
113250,1541,4.0,901722254
189561,50685,3.5,1200953510
114636,148956,5.0,1539025689
44808,466,5.0,1107854657
89561,7265,3.5,1449695048
86889,26371,3.5,1501465838
156445,1927,3.0,914746072
45972,4011,2.0,1194855910
18673,50912,3.5,1585692390
16086,1221,3.5,1348832347
88670,37729,4.0,1641953471
200608,134853,3.5,1627988810
137884,1234,4.5,1522892381
199446,1136,4.0,1309948437
152123,5309,2.0,1041385508
76092,1228,3.5,1486760695
40865,2686,4.0,1349325766
547,33794,3.0,1678516747
114814,762,3.0,902349183
60937,593,5.0,840016018
166596,500,4.0,1502395136
174189,2083,2.0,1576951082
174196,50,4.5,1318536099
180275,230,2.0,1228845971
121197,780,5.0,843517532
34967,2046,3.0,1164764745
18022,2690,4.0,1002413775
133237,2918,5.0,1142209881
156228,115713,4.5,1642787226
169451,39,3.0,833315305
65893,8985,4.0,1655600258
200241,81845,4.5,1520639704
121376,76293,3.0,1284339715
132252,3980,2.5,1284779783
43543,1623,3.5,1519319150
139156,1387,4.0,1295548012
93497,149334,4.5,1562510334
172636,2699,1.0,1193397246
184600,2243,3.0,945786136
134506,48516,5.0,1520445190
86628,232,3.0,867911125
38945,1129,3.5,1526087016
156461,1265,4.5,1623371592
123648,3174,3.5,1053031569
98176,4993,3.5,1259454251
168245,4754,4.0,1020470700
33071,293,3.5,1341254288
150097,3300,3.0,1187545112
31630,55577,3.0,1265070715
190287,31804,3.5,1494798937
96729,77561,1.0,1685899638
160104,84880,4.0,1360501869
185156,6870,3.5,1506317992
120765,4306,4.0,1054943499
36095,6016,4.0,1430142689
65711,116797,5.0,1444562839
99872,3730,3.0,1021681900
128403,218,3.0,900943191
160467,6016,4.5,1304277963
147981,104,4.5,1236765611
186679,2822,3.0,1028593837
62270,98056,3.5,1553278425
142609,34150,2.5,1284670937
199895,5991,4.5,1585560794
108002,6016,4.0,1352249627
7595,79132,4.0,1622179142
165502,590,4.0,1254959123
189458,65130,3.0,1247672675
2817,39183,4.0,1357483149
47243,1587,5.0,1458765529
166219,2617,4.5,1182806798
157162,87222,3.5,1446969739
82408,4993,5.0,1227452027
71500,85342,4.0,1457998944
161468,78218,4.0,1446628500
150991,103137,2.5,1387706525
105325,1291,3.0,1504120088
163654,3054,1.0,959391113
13241,176355,0.5,1540022003
113833,2394,3.0,1046106308
96094,76,4.0,1010661932
195022,7381,4.0,1424227081
156532,4993,4.0,1433203160
132763,233,4.0,832466336
43480,800,5.0,842441422
174846,2115,4.0,1614485792
107797,2072,3.0,971955374
153800,743,3.0,851237361
136296,102716,5.0,1426159625
51783,2028,5.0,953224585
4192,59615,3.5,1599231412
137040,1405,3.5,1465669827
19201,1213,4.5,1426249056
192305,588,3.5,1163082479
77344,62434,3.0,1587228231
181125,1591,3.0,968261112
155743,587,3.5,1605744580
149084,3505,3.5,1115247946
19510,1120,5.0,900881547
61358,69951,2.5,1554945896
104899,3831,3.5,1132533333
98624,4881,3.0,1461085426
46847,1673,1.5,1322323790
102494,39381,5.0,1153255348
89044,1956,2.5,1312149719
122820,4,3.0,844096608
3813,6564,2.5,1069716928
176095,54001,2.0,1469455389
45344,5316,2.0,1111976135
82841,57368,2.5,1201723183
164992,53464,1.5,1544225467
172528,2804,4.0,1214873397
30283,153,3.0,1179822533
68119,778,5.0,1558899582
127070,106766,2.5,1469176436
104987,1732,4.0,1660460462
55801,197879,4.0,1586961112
52301,1090,4.0,1086011628
147349,4995,4.0,1224749312
6310,778,3.5,1615921958
47123,6953,4.5,1470878382
55384,108864,4.0,1463239558
1810,33154,4.0,1337456342
78533,2540,1.0,974729897
152084,44761,3.0,1347723936
26892,81,3.0,865991942
131262,1212,4.0,847707643
194294,1006,3.0,967244535
24327,6863,3.0,1492946538
181918,3801,4.0,1418878110
65653,1917,3.5,1183605509
23366,1997,5.0,984895319
152051,197711,5.0,1559016309
100095,1125,4.0,854125529
110066,778,2.5,1541004465
108102,45720,4.5,1580093041
44576,2860,3.5,1250490128
110368,8012,3.5,1135941193
116738,88744,4.5,1432176095
175325,162834,3.5,1482568523
53364,2700,3.5,1484592619
15699,1,5.0,833840055
91996,3793,3.5,1450197410
193770,2018,5.0,978734711
172266,420,3.5,1134546390
65431,940,5.0,1231205604
140207,1224,5.0,963544024
97308,223594,4.0,1638693682
109964,1213,4.0,1109610422
93045,77798,3.5,1456522143
72544,39449,3.5,1460481579
6461,4874,3.0,1073154384
81671,76093,4.0,1565611318
2712,2696,4.0,1438539508
75559,70599,4.0,1550341222
15968,1562,2.0,1107791207
66948,6383,0.5,1584711428
193682,3785,4.0,1002677506
42986,2236,4.0,1335795647
68828,1080,4.0,1288700109
137761,4369,4.0,1090043808
186506,85510,4.0,1666823288
15455,1036,4.0,1217272760
139538,7451,5.0,1604186482
2941,955,4.0,965188337
154721,1220,5.0,1072830714
120002,69122,2.5,1449263113
120845,5418,4.0,1236131577
78512,1587,4.0,1115522249
126648,1690,3.0,1175791470
50818,1196,5.0,1052698465
19381,8636,4.5,1595983412
147426,593,3.0,834144693
157384,2671,3.5,1113124913
161903,67734,4.0,1494106619
35379,2065,3.0,974684063
160452,3578,4.0,1058129159
79598,589,3.0,897011453
14594,2997,5.0,1589650315
145738,608,5.0,939139520
83332,53894,3.0,1221170940
158519,1307,3.0,1004508564
155954,31410,5.0,1670161767
164281,535,4.0,977300203
7525,471,4.0,997243017
110204,364,4.0,840310342
188545,6620,4.5,1076040957
85799,585,2.0,1252882428
31356,382,2.5,1449999786
108247,1231,5.0,976122372
75603,440,4.0,929265760
67329,55820,3.5,1272204809
140737,193,3.5,1379884885
163553,540,4.0,835002276
161651,100044,4.5,1471309191
100568,2916,2.5,1091594715
5094,106782,4.5,1521759286
107014,96488,3.5,1399885744
115875,3098,4.0,1196290367
16158,105,3.0,830980742
30282,52435,4.0,1573020180
194717,879,4.0,1023400078
144034,105,2.0,842284753
86525,274971,0.5,1677763205
54126,673,3.0,1455417340
183824,153,3.0,989242451
158572,1022,3.0,1062027321
183941,157312,3.0,1502762938
144181,240452,5.0,1641250223
142848,92118,4.0,1512906575
164297,4226,3.0,1003008326
109841,56757,3.5,1199747437
52313,109374,4.0,1540764089
194456,5418,4.0,1030081761
120505,292,3.0,830178963
12336,87430,1.0,1435626937
90265,5102,3.0,1026408352
137795,6812,4.5,1267336534
171732,68793,0.5,1462247883
148106,2174,3.0,953241306
83508,4387,3.0,1012702251
152210,1276,5.0,958923475
135266,103228,1.5,1577622193
30530,8464,4.0,1182557051
41570,3578,5.0,1367779492
112144,5420,3.0,1036089424
131844,858,4.0,850473246
80637,6873,3.0,1536443739
117375,82534,2.5,1456315087
42916,2155,4.0,1676353771
144449,210573,5.0,1682254655
137449,74416,2.0,1301201273
83590,2421,4.0,1015522818
8706,370,4.0,1142869063
15489,277856,2.0,1673725877
7530,1954,3.0,942501412
149879,81591,4.5,1556459734
194919,95510,2.5,1481177545
71897,5816,4.0,1610746113
97467,189333,3.0,1557608986
183281,1354,5.0,1579348096
17433,79132,4.0,1450674696
42356,2683,4.0,1437254537
63418,6790,3.5,1144783168
71557,5952,4.5,1341348093
22292,2393,2.0,948654752
153036,5690,2.0,1253725441
115574,594,4.0,989353374
75022,485,4.0,1198168391
88115,724,2.5,1172374788
53492,58291,2.5,1225231555
184545,1835,4.0,1447216042
163293,837,3.5,1291585709
140400,2580,3.5,1638595350
124228,88140,3.0,1503859159
145202,34332,4.5,1607151736
174864,27773,5.0,1644800749
114647,174727,4.0,1607172947
156515,1035,4.0,950244412
178474,2359,4.0,992207595
159899,72733,3.0,1653076854
189722,3173,3.0,1032913896
157462,186,4.0,1064605226
17723,1722,3.0,1299631714
67646,86332,1.0,1308632593
60083,73064,5.0,1278062837
69409,2280,3.0,980810877
162650,364,5.0,849121074
68989,3361,3.0,965702292
21170,318,5.0,1148646107
169303,1721,4.0,1023223436
27488,1645,5.0,1622459222
79573,93510,3.0,1478732872
53819,108190,3.5,1640030723
79576,3252,2.5,1111544490
93509,4490,2.5,1077908953
105605,2137,5.0,945404799
188953,4676,2.0,1005464856
61235,830,3.5,1300635579
49545,60418,4.0,1228926676
108502,1968,5.0,1042946920
95460,61240,4.5,1601834269
127303,2701,2.0,1094416330
36175,8961,3.5,1553305503
154408,356,4.0,1594826056
100787,2490,4.0,945848833
135979,104283,5.0,1604310815
43816,2571,4.5,1289227722
99685,122914,3.5,1581912377
165537,5530,1.5,1182389554
49510,1242,0.5,1555476983
1425,4995,5.0,1449025258
190880,3702,3.5,1634893431
4897,89745,4.5,1581367717
185081,3397,5.0,1014071704
24023,1688,3.0,1008252753
187073,130634,3.5,1554249833
154472,1292,3.0,1340216756
17720,106782,2.0,1589767578
157476,784,2.5,1122752142
69734,1265,3.5,1601507665
68079,95105,4.0,1588392940
37299,55999,3.5,1548280571
78413,185,2.0,945465771
82748,5388,3.5,1209212718
98865,7647,3.5,1142888901
194339,6016,4.0,1127822314
13033,1,5.0,1238029922
48158,2273,4.0,1561263566
118390,95167,3.5,1356585935
22341,1722,2.5,1454909288
139522,1185,4.0,1269812981
200758,2617,4.0,942319576
172277,254726,5.0,1635035339
50267,1752,2.0,959992937
68637,32,5.0,964488862
146065,908,5.0,1165521643
157322,2019,5.0,1225288007
4606,5989,3.0,1343614054
63474,2028,5.0,955775350
159838,27592,5.0,1458674007
102253,1975,3.0,974781098
8749,1233,5.0,1027092694
72663,59387,4.0,1224325298
87007,144412,5.0,1558738167
156689,597,3.0,842799561
125364,79132,3.5,1513377013
15557,3538,4.0,958266532
98084,6874,0.5,1202857386
120493,6711,3.5,1586514647
100019,107069,5.0,1499141372
19024,25,3.0,839610027
54328,46530,3.0,1201179574
150467,1394,4.0,1100673141
133336,3988,3.5,1550868216
26207,1722,3.0,978109507
184715,778,4.0,1500032455
51657,72641,3.0,1533595038
45596,1221,5.0,1263748781
137837,1222,5.0,1119828259
137097,89774,3.5,1514717108
120274,998,0.5,1548192900
13778,13,2.0,1321929782
19830,50,4.5,1482139981
64071,588,4.0,1036271714
90029,2863,4.5,1113704968
56432,318,5.0,1457845306
92626,80862,3.0,1594571094
185023,52281,3.5,1555509076
171457,86377,4.0,1513706922
89603,527,4.5,1595610109
149784,34072,4.5,1432373537
48705,1302,3.5,1055121207
32824,1884,4.0,1466220855
180934,288,4.0,1149745016
13382,3986,3.0,1014939637
54139,63,3.0,1091997548
24327,1721,3.5,1492867382
5678,4886,4.0,1459787998
177468,168250,4.5,1503586337
19919,3107,2.0,1047554127
58903,2334,5.0,988469085
33059,539,4.5,1213987453
155924,1,4.5,1055958227
78891,1197,3.5,1059453755
49700,94478,3.0,1444764154
183221,1217,3.0,1451258398
26081,3168,4.0,977935270
108921,3481,4.5,1150611713
77728,904,5.0,1009462137
36881,48780,4.5,1339356975
60397,58105,0.5,1467741321
103889,2959,4.0,1111476838
12917,1271,4.0,1225221311
68223,52722,3.0,1455314376
159839,2908,4.5,1149967731
49457,783,5.0,974878243
19465,89371,2.0,1503439917
58093,3100,4.0,1037395229
143003,1426,3.0,858031101
144843,919,3.5,1146109677
26769,229483,2.0,1616252436
103355,1214,4.0,1258963650
80110,91529,4.0,1484499176
76731,596,4.0,847109798
6443,454,4.0,834359240
171570,56174,3.5,1528326055
127912,67923,4.0,1493079126
57217,4248,2.5,1357524381
43204,34072,3.0,1174773491
3796,3104,4.0,945295611
7777,2518,4.0,966958445
173575,356,4.5,1655848332
144015,3481,5.0,1051382143
5172,1921,3.0,949429541
142068,48394,1.0,1363478720
65658,8879,3.5,1355401680
125120,5952,5.0,1679717974
140694,41285,4.0,1618535631
1707,219,4.0,1436774263
180509,8874,4.0,1592151018
175595,2012,4.0,949556144
78854,133143,3.5,1534532190
45044,253,4.0,835133830
46796,84152,3.0,1458462220
67259,2712,1.0,1439517534
110090,193,3.5,1286799962
143339,1393,3.0,864220821
149921,1246,3.5,1091823353
88796,48780,5.0,1183510548
95354,1688,3.5,1178221757
131498,3744,3.0,997208932
127637,57669,3.5,1668657010
150581,1485,3.0,1569973076
98678,86781,4.5,1623133118
102689,139385,5.0,1493421571
142722,2772,4.5,1195838403
180450,1391,1.5,1347684092
14066,5618,5.0,1585004098
123885,4499,4.5,1111490926
198339,364,3.0,1649172345
33659,322,2.0,974915477
80196,3450,2.5,1258581809
131632,4788,4.0,1129631010
76628,1018,3.0,851626015
200521,325,3.0,832991788
31121,1234,3.0,1136146301
31391,330,4.0,849264127
52772,543,3.5,1061451096
131116,3385,0.5,1307721528
120284,5303,3.0,1685391207
186461,3253,4.0,993162769
161076,3176,1.0,1308748526
84644,86880,2.0,1452074292
91000,1101,2.0,1009262483
1239,47099,3.5,1225305064
31057,2014,3.5,1456599215
170235,4370,2.5,1578842174
198750,4458,2.5,1227112793
148327,356,5.0,959734867
99361,44665,4.0,1585963626
27943,950,5.0,938815775
85341,73808,3.5,1468518790
89124,1214,5.0,1451426835
85742,7123,4.0,1525187605
183683,4027,5.0,1071022703
130074,473,2.0,847418065
85702,2858,4.0,1667707102
25080,480,5.0,1343659773
80166,922,3.0,940321758
47496,2841,3.0,974703407
44031,3219,3.0,946957403
137283,79132,4.0,1455836905
87778,1597,4.0,1550999800
194304,204158,4.0,1664030577
41305,1320,4.0,1601636913
74813,115713,5.0,1568915149
23966,7318,4.0,1616858815
56022,3981,0.5,1063717822
192426,1097,3.0,947715345
13954,55820,3.5,1613696608
2554,1394,3.0,1563092801
188797,38798,4.5,1153977322
27777,34072,4.0,1212540383
180199,32,5.0,1243678385
75348,2186,4.0,1194967499
94106,99114,5.0,1516895171
181925,103341,0.5,1591467696
18467,364,2.0,945129230
86167,2167,4.0,1175651833
99890,1193,5.0,1525543680
29649,3030,4.5,1597618859
150595,1013,5.0,970368600
128361,8641,4.0,1498596813
199977,4306,3.0,1495114371
133062,292,4.0,848988157
196199,1356,3.0,865676187
152233,6539,2.0,1329754926
93924,110882,4.0,1408907350
24445,4993,5.0,1324341255
16121,61167,3.5,1432448210
73055,2990,2.5,1263845042
61189,5952,1.0,1459220460
169104,2169,5.0,1017889013
186456,3247,3.5,1453091887
60042,59333,2.5,1618972549
78430,1784,4.0,1322261724
138299,8874,5.0,1311853518
68387,345,2.0,1096058347
138183,589,3.5,1115264647
187210,56563,3.0,1202868205
26426,3246,3.0,1376082682
53192,248438,3.5,1641922447
97186,1752,2.0,940631276
145829,26776,4.5,1692573790
92545,1293,4.0,974868528
155191,59709,4.0,1654652074
15255,276,1.0,832575730
183878,4370,3.0,1601937347
49399,590,5.0,847361768
76379,945,5.0,1544357602
178696,110,4.0,1043108176
61317,165,3.0,841444059
117845,30793,3.0,1270422518
176551,3452,2.5,1146535837
135065,3052,1.5,1117788562
94119,8013,2.5,1434877869
65301,408,4.0,901274967
102685,44191,5.0,1693525034
29506,34520,1.0,1556394377
75010,94780,4.5,1339524663
56838,1883,2.0,1000587620
97698,587,1.0,832875268
86100,1721,4.5,1539353680
109798,1025,3.0,1301193416
123339,1044,5.0,850665989
194945,249,5.0,829993382
77658,47,4.5,1220322690
113809,288,2.0,837802007
109713,62437,3.0,1262469207
152324,1408,4.0,944590564
164397,1648,4.0,962772462
129298,55765,3.5,1483959533
97275,5952,3.0,1488332400
145170,293,3.0,1007078960
178976,345,3.0,1123757020
139911,6212,3.5,1078376118
120927,1961,3.5,1310681636
30098,3802,2.5,1334669493
169154,27864,2.5,1599225797
188545,2968,4.5,1055382183
101838,1148,5.0,943060638
43187,1407,4.0,1005424339
21297,780,3.0,992398412
71228,48394,4.5,1609528879
100508,1307,4.0,1549303041
140315,586,0.5,1284838278
70483,7573,2.5,1328502489
61556,73023,4.0,1534967479
29551,4642,1.5,1227361827
182111,280,2.0,955219227
175325,211812,4.0,1590371524
71781,95,3.5,1092066604
148274,2428,1.0,999925574
88262,4299,4.0,1126177330
12388,347,1.0,956813821
182681,3752,1.5,1276797597
141734,122922,4.0,1587828213
133425,139655,2.0,1599434286
112389,72605,4.5,1403990502
146032,25,5.0,864341531
27964,2166,5.0,1010536392
78172,736,3.0,1099823703
140743,96610,4.5,1490926369
103492,1704,3.0,1427325166
130811,2628,2.5,1577930692
105881,2542,1.0,938821942
131675,3087,3.0,1589602569
86550,7323,4.0,1379621190
124225,1263,4.0,1606032865
100554,312,1.0,1106887208
146436,750,4.5,1451191043
81645,342,3.0,943226257
60563,109374,5.0,1471972493
142453,6703,4.5,1529659699
144698,3197,2.0,1005285615
96181,69757,4.0,1595705526
155540,205441,4.0,1581625195
55111,1249,4.0,1107063817
175791,209497,3.5,1655859313
126707,318,4.5,1157509237
145266,2991,4.0,1494804280
13184,56782,5.0,1587910677
35858,6947,1.5,1504302044
162554,1200,3.5,1085086632
80367,5707,3.5,1099801187
80509,4014,4.0,1069815535
106322,6218,3.5,1145384363
175325,153136,1.0,1504787936
131632,71304,4.0,1258992877
51289,7104,4.5,1083262737
194139,7451,4.0,1116902048
29453,2080,3.0,951594368
55801,1866,1.5,1586961807
18597,141816,5.0,1503213952
81582,106782,4.0,1598232132
131281,608,4.0,1201822757
103938,3052,4.5,1206738738
132183,2131,4.0,1524862944
82921,106916,4.0,1474832301
93732,3255,2.5,1217358876
130290,910,5.0,940007608
141599,6537,3.0,1254498409
56524,914,3.0,976310331
178348,3882,1.0,1177320980
84038,162606,2.5,1565646372
187255,194348,3.5,1564433864
193141,2912,5.0,955979722
89118,5378,1.5,1081576839
154639,1584,3.5,1424968421
199816,7365,2.5,1619750629
70069,1243,4.0,979320184
171560,1391,5.0,865020654
173527,166964,3.5,1666036927
134057,494,3.0,944949894
115883,89753,3.5,1526763630
6362,4291,3.5,1182927580
7459,61024,4.0,1655174396
54084,164909,3.5,1539659119
145599,1556,2.5,1470775302
156546,1225,5.0,965595903
42238,27432,3.5,1173548824
197756,4546,3.5,1554254653
35115,1883,3.0,945911017
6397,2023,4.0,1382147747
93502,4226,4.5,1435459046
139146,480,3.5,1220566988
105889,1432,3.0,856530411
53335,1719,4.0,901203709
122939,1248,4.0,945122265
189169,7318,3.0,1475991369
15128,446,5.0,845054193
193166,1272,5.0,1094260671
86825,8784,3.5,1220667447
137055,94018,2.0,1612388528
79309,750,5.0,980307164
123724,1836,1.0,941528471
68535,166461,4.0,1538276738
187684,784,3.0,892659564
10523,1960,3.0,1231093146
21090,5378,3.0,1085440704
80874,260667,4.0,1660387451
150869,34164,3.0,1163174848
92163,4054,2.0,1010992532
97187,3798,2.0,1494661795
177489,2699,2.0,1088473073
150368,296,5.0,1241153751
54528,1407,3.0,1176505603
156271,1277,5.0,880548769
152583,44,2.0,834491373
92934,8961,3.0,1447536596
53809,34162,5.0,1605544715
43995,2617,4.0,1172118117
171250,44828,3.0,1166106595
129178,2313,4.0,1218052220
139486,60293,0.5,1689476977
155975,5712,4.0,1341949301
36949,140110,4.0,1546155524
16094,1013,3.0,847967538
180952,55280,3.0,1282583652
164912,48774,4.0,1172280600
63791,260,5.0,957390008
4807,30707,4.5,1447943398
139824,924,5.0,1058022661
124401,201072,4.0,1676340168
171771,2985,5.0,945418255
15489,104374,4.0,1608041027
20885,6350,5.0,1429574256
10948,1258,4.5,1544395078
135311,31255,1.0,1182653015
161527,2734,5.0,945671540
179540,3527,4.0,994655552
33976,74754,4.0,1691003631
82778,8665,2.5,1332688353
39522,204,3.0,834577775
117420,3334,5.0,951754299
170405,31221,4.0,1351295320
131115,1653,5.0,1307024837
153754,175303,3.5,1577065322
194165,135143,2.5,1535478036
70904,1729,5.0,1051683096
153949,3692,4.0,1111555584
64792,8636,4.5,1184162663
70151,5747,5.0,1151056341
67127,2005,5.0,949896070
185977,54999,2.0,1429472692
104568,1196,4.0,982785781
46838,3967,4.5,1445497523
116581,3527,3.5,1477357939
163072,36519,4.0,1510829338
158385,1213,4.5,1590731953
43499,263005,3.5,1647274649
150900,4034,4.0,1679771912
94434,6201,3.0,1045791241
152574,4223,3.0,1498761528
184459,62849,3.5,1433584841
128214,6365,3.5,1622549700
122816,2243,3.0,938823766
15739,328,2.0,835193479
97999,122912,5.0,1549162455
173660,3016,4.0,945151006
188632,2918,3.5,1479647131
146744,37733,5.0,1142725868
157917,3911,3.5,1453595421
199004,177593,4.0,1570476374
110797,1276,4.5,1491649769
198721,100714,2.0,1554656380
135449,96610,3.5,1357187686
103217,81834,5.0,1667682600
108667,56174,5.0,1647470598
105955,8972,4.5,1169437561
168188,342,2.0,974713908
120054,62293,3.5,1231103272
82545,4054,3.5,1131680089
41487,5971,3.0,1253585736
87769,342,3.5,1111624900
51979,79132,4.5,1549572704
155671,3471,3.0,1291527453
168999,368,3.5,1089133193
55092,8937,2.5,1112561421
171795,49,4.0,1241124812
39205,293,4.0,835257813
192719,4802,4.0,1119911184
18518,77820,1.0,1625853435
93560,97913,5.0,1378673203
102660,161,5.0,835634559
99292,1196,5.0,1092031766
99508,66934,3.5,1284923939
135757,4480,2.0,1167013610
33067,2542,3.5,1414881359
189458,6709,3.0,1211576061
33346,103253,3.5,1441336905
184131,40815,3.5,1296225602
188703,94959,3.0,1532204231
90689,56174,4.5,1302915677
105234,1219,4.0,1566187351
166408,2644,4.0,1689795777
195220,130636,2.0,1671907320
51662,172,1.0,846386413
750,1020,4.0,846187636
18005,60684,4.0,1686588175
98838,231,4.0,828121482
117027,1859,5.0,901308050
193173,4776,5.0,1294313603
59219,4014,4.0,1330187355
155105,3247,4.0,1172153431
135007,54286,2.5,1539111077
1489,5941,3.5,1072130563
7994,806,4.5,1569785520
82930,7451,5.0,1482288534
80830,5459,5.0,1042654281
29103,236,3.0,1006576303
125777,78105,4.0,1493777239
159435,780,3.0,1451247656
151486,112556,2.5,1484347426
49389,54286,5.0,1496106246
145815,205156,5.0,1616186234
46959,115617,4.5,1628724109
64319,3067,4.0,1643904805
48235,2329,5.0,1434988217
146083,2762,5.0,1693046368
110197,8917,3.0,1116627008
181601,1073,3.0,855147687
35137,58107,4.0,1511336783
54976,1972,2.0,993695816
198225,5010,3.5,1605590845
106444,1617,4.0,1163459588
147464,47610,4.0,1239318595
61533,8533,3.5,1660214251
48688,2990,2.5,1337196372
55501,79132,4.0,1376564833
41311,33679,4.0,1197254686
187392,3424,4.0,1233275175
50406,2023,4.0,956617961
127709,2628,1.0,1241045699
25411,6996,2.5,1137529754
142933,7324,3.5,1119559887
31327,593,4.0,939411444
87068,708,2.5,1111471255
178504,608,5.0,945465141
162617,879,4.0,1146485220
126597,95,4.0,851601705
86167,1998,1.5,1175648772
179262,50923,3.0,1334343924
100884,185473,4.0,1618725623
133909,2918,5.0,1025653978
88670,455,3.5,1642179440
153901,1625,3.0,946926974
169173,6377,5.0,1108546725
158718,21,3.0,839621895
22418,106489,5.0,1490438383
68798,380,5.0,1446668584
74816,34162,3.0,1139736016
182690,1304,4.0,1126977846
90675,61024,3.5,1220827371
76742,1617,5.0,1447236843
74476,61024,3.0,1462358563
104746,1717,0.5,1447794928
28628,103042,2.0,1472375789
121783,1233,4.5,1459610114
31080,115170,4.5,1609708270
53070,1944,4.0,1057205435
101241,379,1.5,1372175483
157346,8917,5.0,1627857731
76946,1084,3.0,852239624
151105,497,4.0,956689920
53414,3996,4.0,1337181788
129385,2016,2.0,1110477977
44259,148671,2.5,1677605876
198746,30793,3.5,1590705270
162521,4148,2.5,1236180847
147701,165699,2.0,1577070537
80191,79132,4.0,1610230715
115605,1777,3.0,985538774
98748,1347,3.0,1307670803
49948,142488,3.5,1474041357
148994,3301,3.0,1023406648
64659,2002,4.0,1433948177
59474,1036,5.0,1645645433
39463,63113,2.5,1423319362
164887,49396,3.5,1195267307
58829,1271,3.0,848873752
75665,4993,3.5,1291501029
70318,5418,3.5,1527843549
82449,2019,5.0,1518150981
105605,3398,4.0,952035072
122922,140737,4.5,1610321315
50896,5349,2.5,1439484058
25216,2657,2.0,961166775
70154,7669,4.0,1446361287
69742,358,4.0,1126097440
91596,9004,3.0,1102703527
42805,115713,5.0,1454133763
130998,2485,3.5,1231096252
186389,789,4.0,1088468481
97348,33166,3.5,1204255033
161161,3578,5.0,970069041
179923,585,3.5,1498430549
25668,497,0.5,1419800815
140782,31,4.0,846189131
193366,150,4.0,835538671
17137,2291,5.0,1051208949
37585,2702,3.0,1046289568
87400,520,2.0,845319221
41071,2880,3.0,1530311162
54968,134130,4.5,1455289610
172365,103341,2.5,1514535391
56205,3311,3.5,1450597000
180922,481,4.0,901538712
67097,34405,5.0,1155598874
187121,43,3.0,857813256
58112,1247,4.0,1073747224
144667,207656,2.5,1664688353
164695,34520,2.0,1611110497
149875,65514,3.0,1444394027
144455,4159,3.5,1101184236
103983,6281,4.0,1434569841
74546,904,4.0,1526435889
23108,5291,5.0,1097893789
103809,273,2.5,1313692516
174878,52973,3.0,1561179659
46260,3275,5.0,1128972536
100398,73290,5.0,1525462436
183665,187593,3.5,1600045488
27184,1,4.0,1127674249
195415,5601,4.0,1118154131
179624,2000,4.0,1086377428
126429,195,2.5,1131581292
102202,1217,4.5,1441231227
71140,5816,3.5,1213679924
122209,608,5.0,1167272128
141469,2265,1.0,995421113
54711,4963,4.5,1091321206
102910,6947,4.5,1588034294
188420,2193,3.0,992311383
43749,2369,4.0,974771331
10961,1950,4.0,957206983
198515,56801,2.0,1213521822
16587,51575,4.0,1575088325
21080,2871,4.0,974695362
157248,4700,3.0,1430762650
127790,586,4.0,834255391
138798,121171,3.0,1471750998
46411,65642,4.0,1595931286
7902,153070,3.5,1696590311
165143,4720,4.0,1691497781
61126,1923,4.0,1158888002
108029,37733,4.0,1696088304
66529,8610,3.5,1111475760
19676,2178,5.0,974835015
64379,174055,2.0,1608422366
150287,48877,3.5,1595809196
38807,112623,4.5,1556485493
131689,22,4.0,840707902
86811,217465,5.0,1651791118
167985,153,2.0,840121174
191517,2618,4.5,1085157602
53586,1704,5.0,974223904
194857,515,4.0,835717703
127118,8368,1.0,1511415699
46470,3360,1.0,956961537
198149,74458,3.5,1400723411
99297,112556,3.0,1447243111
116535,193,3.0,843748337
185953,7272,5.0,1287960656
25419,2542,4.0,1342464199
110941,58047,3.0,1434541925
47610,8529,3.5,1216358885
153166,2188,1.0,1123085909
171422,1061,5.0,945746303
172584,6,3.5,1504415381
194207,1206,5.0,977359883
28476,455,1.0,1124765020
49075,79,3.0,857330026
77068,6628,0.5,1063807814
98965,356,3.5,1672681805
35195,2141,4.5,1577421256
93094,44,2.0,1446945708
88247,455,2.0,947259108
139619,413,3.0,1003002615
70698,288,3.0,848686155
3375,648,4.0,856703417
136906,4710,3.0,1004475831
121704,1019,3.0,975724177
151014,457,3.5,1124839142
74926,114662,4.5,1447175264
49143,5444,5.0,1432823490
191517,293,4.0,972552666
50721,2657,3.0,938805651
156799,2712,2.0,951424006
28498,3255,4.0,1457557661
140507,724,3.0,1238322037
178728,2722,4.0,953002121
40214,3082,1.5,1552184770
127823,923,4.5,1348232315
24051,91630,3.5,1334906552
92653,172565,4.0,1524877422
71630,53125,1.0,1652276379
79578,39183,3.0,1660898490
134331,6377,3.0,1631928125
23941,106011,5.0,1539316979
9585,4151,3.0,1016623172
150354,405,2.0,1228919002
142672,1391,2.5,1283901065
67639,6323,4.0,1111545574
199075,802,3.5,1433168396
99022,1240,3.0,884565375
68116,2068,5.0,1539253024
79072,1617,3.0,1429259444
161763,36,3.5,1186749372
32410,181315,4.0,1519972447
134067,5669,3.5,1227698778
180322,944,3.5,1666827970
130136,68319,3.0,1673032001
98260,34,3.0,837850985
106267,899,4.0,1432074352
191670,4148,4.0,1214070486
150328,4703,5.0,1241658650
48567,356,5.0,1652913160
198150,182715,5.0,1557169272
53627,1036,5.0,1495387318
99506,260,5.0,1496943266
197422,51086,2.0,1454639023
179624,32,4.5,1086367974
145296,2123,4.0,953846281
60779,168122,3.0,1617905790
127112,919,4.0,858959409
123327,1148,5.0,965103949
188115,3793,4.0,968506269
140749,54503,4.0,1560639954
110629,6333,2.5,1539110914
163075,40819,3.5,1201103281
157963,6566,3.0,1072766863
180888,4571,3.5,1078273625
190001,198,4.0,837767356
17353,7373,3.0,1495925837
10037,2454,4.0,1169342890
10554,1387,4.5,1199559884
151845,69844,5.0,1511572856
47683,89759,5.0,1606075986
162074,1257,5.0,1033241493
174742,1380,5.0,911320843
185871,117887,3.5,1635611781
193811,1645,1.0,1050794119
117206,5349,4.0,1211582894
133254,3950,2.5,1613415273
118788,3141,3.0,1047430720
178250,2478,3.0,938458157
72841,77979,3.0,1395047036
57815,74458,5.0,1499034717
57447,2728,3.0,1354360022
118014,1250,5.0,1138740560
36641,2316,2.0,1165827962
96110,1086,4.0,940680841
193713,2402,4.0,1485047177
154246,2501,3.5,1387251852
120427,4018,3.5,1461989688
18926,2012,5.0,974628312
86792,4102,3.5,1175045477
121413,2706,3.0,1260693851
64438,223007,1.0,1598768342
127759,3910,4.5,1453269521
58034,114935,4.0,1444934343
189417,122910,0.5,1691312800
113087,134368,4.0,1469059379
145663,2710,4.5,1169564332
120123,68954,4.0,1557691366
71539,56152,5.0,1500004162
79320,1610,4.0,1126210520
120768,344,3.0,839258347
59769,2340,4.5,1074712807
51849,1997,5.0,1052074195
14655,1298,4.5,1099507856
151964,163645,5.0,1578341946
69447,6818,4.0,1536517546
63680,47099,4.5,1421862855
3540,1645,4.0,1621214564
148338,1285,4.0,989967928
116912,88785,5.0,1517954748
35056,592,4.0,832051431
68139,122904,4.5,1575585519
113443,61024,5.0,1419788090
65690,3526,3.0,955481305
92653,96471,4.0,1524879236
129336,44191,5.0,1207333704
100884,111781,4.0,1580188441
110408,423,3.0,974217740
117521,30793,2.5,1600566899
32794,2324,5.0,1637267656
171458,500,2.0,1649021256
39940,64575,4.0,1537920664
188012,79498,2.0,1461452421
1976,2959,5.0,1553803728
189528,256,3.0,952920844
4668,276,3.0,974067582
166468,457,2.5,1285715561
94935,42738,2.5,1148731770
129375,4429,5.0,1188756150
142871,105213,3.5,1623481853
95392,4270,2.0,1672568834
188610,6365,2.0,1232664422
150464,2313,4.0,1178915293
166758,405,1.0,974706837
76168,93693,3.0,1469580845
91195,409,3.0,963084419
150482,296,3.5,1174424420
169254,150,5.0,1054459602
145911,4370,4.0,1587220971
55211,355,2.0,832695696
76259,202429,4.0,1586409579
63483,5218,3.5,1297892592
96632,1296,5.0,942404320
29659,293,4.0,1117037129
25911,41863,5.0,1262762710
181806,7153,3.5,1225152915
49683,3916,3.0,989436589
85293,36529,3.5,1489920219
4465,103384,2.5,1469684199
49122,968,4.0,1008033696
687,1939,4.0,1111097672
150865,1073,5.0,854049011
93807,1221,5.0,1676655121
10385,8950,4.0,1508956461
163881,153,3.0,965055664
177002,994,3.5,1546947916
171454,2048,5.0,1246621970
51408,2340,1.5,1253806398
16911,955,4.0,969006404
48876,595,5.0,1033597989
145081,59315,4.0,1284718745
159466,42,3.0,974872227
188462,2726,4.0,1112999631
40943,2617,5.0,936485663
140573,3774,4.0,1112328871
28788,1120,4.0,956350642
27844,5349,4.5,1126459551
127470,349,4.0,836134168
44293,2427,3.5,1391603479
188422,88129,3.5,1665875585
94272,4016,3.0,1632601354
44513,31696,4.0,1603598486
187219,3051,3.0,942667215
30227,3267,3.5,1273787000
75239,457,4.0,834847526
107523,168266,3.5,1535579021
87551,781,5.0,851419074
5349,56757,4.0,1586698350
166171,49822,3.5,1217222151
87074,2099,4.0,1197236779
92407,1732,3.0,1604598900
11042,4992,5.0,1444245321
185435,91500,3.5,1506178199
35006,48385,4.5,1176417466
107567,1189,4.0,1563861674
126078,100383,4.0,1376043557
87330,60756,3.5,1576385517
88854,4973,4.0,1368642031
137866,367,2.0,1119009705
146365,96610,4.5,1502039129
148391,95167,3.0,1455391131
36667,5823,2.0,1049892173
141129,1748,3.0,1548708556
80113,134130,4.0,1453333896
9300,2724,2.0,1125430877
12222,8368,4.0,1507834546
121757,588,4.0,835088877
40713,1172,5.0,905509606
169057,2858,4.0,963327797
85264,1597,4.5,1226195845
120645,587,3.0,1321230135
69560,180045,4.5,1626931066
149190,1784,4.0,1018930288
14579,70,2.0,1089568161
52784,33679,3.5,1456933705
165348,437,3.0,828193194
85969,3125,4.0,1096853151
158999,2826,4.5,1457898592
17086,5294,0.5,1308628056
192559,172,3.0,833995505
192936,21,4.0,840110243
135542,2133,4.0,996709722
18479,553,3.5,1191787441
179522,1704,5.0,981089319
198321,357,3.0,838768846
16781,52287,2.0,1473050610
73145,5218,3.0,1311666477
174955,3505,4.0,1059864493
13183,852,3.0,947555761
159573,318,4.5,1616515930
15245,1,4.0,832850132
157999,59615,2.0,1585516214
63179,3363,3.0,976332545
138436,2916,3.0,1026874162
50399,5540,4.0,1054097944
171221,89480,4.0,1464435737
120445,118202,3.5,1580066761
138966,210175,4.0,1590182434
28539,589,5.0,1614270682
169785,4386,3.0,1011753150
37678,5219,3.0,1576050940
140877,7153,5.0,1501264964
61655,86377,5.0,1397952415
167402,122906,4.0,1597110660
12873,784,1.5,1135341408
80878,543,4.0,965048495
47562,1253,3.0,1238715628
138783,1081,5.0,945362262
27190,6593,4.0,1462681350
136271,3654,3.0,974706178
402,1197,4.0,1111475411
197091,1291,2.5,1111906793
137129,5418,4.0,1247363405
139018,4734,3.0,1465189027
174854,380,4.0,1691665313
161894,590,4.0,837297076
167576,34405,3.5,1598410582
65925,5465,4.5,1694343564
73840,80551,4.0,1323958806
104122,154766,2.0,1586133384
128665,1213,4.0,950248771
96015,356,1.0,1041452864
156599,161,4.0,840404861
73636,186,1.0,982800124
59261,64957,2.5,1466102521
198643,2054,3.0,970781562
24460,778,3.0,1169160146
42006,592,3.5,1245596135
82519,47099,2.5,1483982232
25092,514,3.0,974726572
11485,5502,3.5,1058149437
149313,1183,3.0,866639391
125223,742,1.0,964446125
82789,1258,5.0,965510505
129186,27831,3.0,1280381861
195833,19,3.0,828680293
166957,30825,4.5,1590125096
145503,440,5.0,1283806527
168511,76093,2.5,1542941889
88333,2306,1.0,1167759254
189116,2605,2.5,1200881353
122034,6711,4.0,1536545660
155712,16,2.0,1081809779
90513,590,5.0,952963904
28311,2115,3.5,1090112539
143249,96821,4.5,1446998442
49143,8917,4.0,1433427260
169278,1924,2.5,1347184250
149790,2681,3.0,978502325
53975,497,4.0,1076539224
21011,2000,3.5,1476826221
144758,70,3.0,1463422796
38629,541,5.0,1555278275
179003,3793,3.0,1401973455
91107,40815,5.0,1173691909
6566,1214,4.0,1237413401
77122,82003,4.0,1537652815
62503,4367,4.5,1342991273
180698,7569,5.0,1448163878
176825,175,2.5,1230453875
98110,367,0.5,1517109492
141828,1892,3.0,1544592136
185352,201646,3.5,1631038950
49305,6323,3.0,1169214594
193789,4886,5.0,1365348994
67725,135861,5.0,1437134460
11870,3019,4.0,1342882769
155178,27592,4.5,1236005382
80909,1035,3.0,1105063453
142837,2012,3.5,1551414825
10280,138606,2.5,1471377385
174786,457,4.0,1106169576
84553,2539,4.0,1552661375
54532,38061,4.5,1638591757
63277,422,2.0,1097868401
130249,103980,3.5,1687616449
176477,165,3.0,839535890
50726,593,3.0,1515938744
24105,50872,3.5,1533020401
107895,166528,3.5,1652374936
194220,1266,3.0,1012848880
104158,34532,3.0,1467906402
87755,3081,4.0,1113859339
148498,637,3.0,1245843672
182471,236,4.0,845283918
58941,4979,2.5,1317781800
24519,124131,1.0,1434777487
92937,1590,3.0,1046347251
7247,6974,4.0,1100916431
169587,232,3.0,868987114
177625,231,5.0,848136998
157855,913,4.0,917193763
55909,6482,1.5,1531634466
48670,47,5.0,1170124647
76988,8937,3.0,1141653533
139749,150,5.0,1096211176
130897,8836,4.5,1599622996
123624,89745,4.0,1337221657
50781,96079,2.5,1517624021
43006,1545,5.0,925468319
65642,2810,4.0,1552754073
52479,60756,5.0,1544924511
48840,3253,3.0,1476795157
138449,4993,5.0,1669057368
38823,29,4.0,1420206954
93211,46335,1.5,1598490331
42578,61323,4.0,1570302271
150740,595,4.5,1232850184
25998,106782,3.0,1468627943
153543,2028,5.0,950756560
149870,69844,5.0,1474457715
21999,2687,4.0,1249602112
142153,112183,3.5,1446893170
27502,1198,3.0,1043004476
107859,2391,4.0,949538111
80372,208,2.0,1280177245
1201,198,4.0,956173400
31223,6942,3.5,1534717321
37745,60295,2.5,1507519702
58727,1175,5.0,958772554
159339,3354,2.0,1433219230
120972,1920,3.0,1331280076
67098,5528,4.0,1181164586
120368,6238,3.5,1053960851
63089,903,5.0,901213395
48605,146656,3.5,1605900101
9130,6377,5.0,1075461422
64197,8376,3.5,1211734645
41972,1835,3.5,1257183557
93575,80489,3.5,1560160419
76396,5218,5.0,1438619566
3244,112556,4.5,1664755746
191332,49272,3.5,1502832115
167727,8970,3.0,1208782584
143501,3174,3.5,1526437169
43688,223,1.5,1110325444
7080,236,4.0,1432324712
91207,54248,3.5,1244100284
74546,899,5.0,1526436064
153410,36529,3.5,1533246639
70076,109487,4.0,1516661084
130172,5971,4.5,1422289723
102352,1221,4.0,1226026020
80896,1233,4.5,1543059757
26957,3086,4.0,965175823
12086,40278,4.0,1451786754
135309,1221,3.5,1614530347
113994,36401,2.5,1547076261
81333,47,3.5,1228072850
129669,122900,4.5,1527384283
123555,107406,4.5,1514693602
141183,7300,3.0,1466240870
62905,356,1.0,969467444
176110,58,4.0,945496437
112241,6157,3.0,1486318146
130004,1693,4.0,1036192656
84038,175669,1.5,1568390617
157255,3703,4.0,973297551
146984,93270,4.0,1540169515
10614,1918,2.0,1323840755
176601,200110,3.0,1580775237
197696,136020,5.0,1457920314
56432,5952,5.0,1457845990
187509,91529,5.0,1446882960
88925,2654,4.0,965318458
75817,110,4.5,1094627237
59999,4958,5.0,1625898845
81688,8972,3.0,1688849006
95887,1032,1.0,864144849
132048,6,2.0,1029253262
54275,6713,5.0,1593815540
22191,155968,3.5,1646284433
92528,2644,4.0,1000257942
80508,143355,4.0,1611725981
91506,4878,3.0,1283039045
153240,2366,3.0,964128194
112389,62,3.5,1403586923
152433,181235,3.5,1674006888
147603,106696,3.5,1434210640
31279,81562,3.0,1424692816
145982,96079,3.5,1555563913
56059,527,5.0,1265334675
60400,2469,3.0,1169015287
119604,4986,1.5,1230062371
1778,5989,4.5,1479758177
159038,3752,3.0,1046142445
75076,480,3.0,914421088
67272,4816,2.5,1216630372
43336,1619,3.0,878848675
88656,33679,3.5,1626030888
97405,235,4.0,1377612295
93444,3997,2.5,1104649230
46695,33794,5.0,1227698185
178661,97860,3.0,1572345416
56507,515,4.5,1082218844
192882,2193,2.5,1541870130
104972,1701,4.0,1264297952
28030,457,5.0,832499004
51039,130904,2.0,1473050520
78187,6810,3.0,1229916653
199062,5995,4.5,1465613311
88266,380,3.5,1225262447
79593,786,2.0,853672378
102021,231,2.5,1284691073
120028,1036,4.5,1243079175
150612,3952,2.5,1085716856
63527,435,3.0,842775493
63730,177593,3.0,1602455719
79952,7448,2.0,1165135206
174976,111362,3.0,1422512100
85726,2145,4.0,1233540798
90801,1432,2.0,1149504791
108940,520,4.0,1141761345
169303,4603,3.0,1022787770
158216,1073,4.0,1281452453
57474,102903,1.5,1421373276
130916,2428,4.0,1383633254
121456,1037,5.0,1039734814
121830,913,5.0,945399119
58876,4979,4.0,1033960246
124655,1270,3.0,1114724124
30043,92259,5.0,1628880296
190987,1093,4.0,967663692
149954,3101,5.0,1081453652
152132,421,4.0,1532018093
82396,125916,2.5,1447192243
32846,4878,5.0,1111562001
123627,337,4.0,1096919426
50840,7724,1.5,1259136979
14690,4881,3.5,1191346097
126857,2431,4.5,1663365335
174492,247,4.0,972503352
55753,410,2.0,974052080
96970,34520,3.5,1542444468
75315,377,4.0,844352176
76755,1231,5.0,910872156
3041,163645,3.5,1505693051
174816,1213,4.0,1456543510
163634,780,4.0,839111618
115051,3271,4.0,1067266322
56380,141,3.0,1154403007
94619,3146,3.5,1367852942
157911,1438,2.5,1438714943
32741,292,3.0,841401320
83545,3671,4.5,1689121585
93822,2600,4.0,1453954964
119154,3578,3.0,1131478350
120491,362,3.5,1188177084
19658,7361,5.0,1392705901
173520,2885,5.0,1048514697
12023,1370,3.0,945222998
22191,1221,5.0,1012335447
77151,25788,5.0,1259247081
74101,1037,1.0,1254457788
58292,2011,5.0,1164251821
3018,1972,2.0,903050778
109901,2011,3.5,1616800660
181471,6874,2.5,1504370596
159366,81845,4.0,1657639734
127558,296,2.0,1528602574
49407,2490,4.0,948926143
27856,44191,3.5,1148028682
129299,33164,3.0,1198600719
117859,2529,1.5,1425597707
182619,105742,4.0,1431119011
5154,1093,3.0,965086370
30741,50794,3.5,1195957653
75215,1081,3.5,1089862274
58222,71838,2.0,1430726574
154068,1223,4.0,1214936701
22574,4369,0.5,1589561881
156738,1769,2.0,1008491744
53403,1693,2.0,1118077283
92334,3408,4.0,1454446338
124788,44022,4.0,1405613901
115392,6365,2.5,1194399371
19556,77561,1.0,1608532013
96694,2054,4.0,1017379339
190373,122912,5.0,1521686927
62985,8961,4.5,1190411631
105049,176933,3.5,1611615824
71588,103772,3.0,1446919318
152299,2731,5.0,1180264893
166545,480,3.0,1078710797
92337,2324,4.0,1522167136
63518,3948,4.0,1007713273
16818,344,5.0,1488167622
166860,327,1.0,1029712703
148560,1017,4.0,991596759
16246,30793,5.0,1520820306
183584,3175,3.0,1034217142
70520,60020,3.5,1483043862
68758,1240,2.5,1663861257
82703,268642,3.5,1690347304
144641,32875,3.5,1455377601
182790,4011,4.5,1234646159
170525,1262,4.5,1676383160
35026,5449,4.5,1500487739
163557,8972,4.0,1574129934
144621,1186,4.0,1238962398
69392,1370,2.0,1062193769
39403,4901,3.0,1474832039
188982,3011,5.0,1038625655
43494,58998,3.5,1651534952
137760,517,3.0,999528793
13518,2321,4.0,1015742210
59032,111362,4.5,1508046539
128790,3476,4.0,965789647
104544,1432,3.5,1445030789
62844,235,3.0,1162693001
127117,5878,4.0,1558931444
141844,5459,5.0,1471645036
155376,1544,3.0,868885083
191444,72011,4.0,1603663972
148116,2467,4.0,1219064251
90550,3188,3.5,1062140946
111544,296,5.0,1114380738
187182,74458,4.0,1547932421
171529,1721,5.0,903034847
37984,92259,5.0,1446659330
60575,260,3.0,938970241
143479,49817,4.0,1642296294
35945,1217,5.0,948477016
177145,159197,2.5,1526847602
50301,1222,5.0,1460319617
104826,55276,5.0,1469066636
14388,296,5.0,862776014
159637,4016,4.0,1649579945
73485,55116,2.0,1602506198
43094,140267,3.5,1503615157
160380,3646,1.5,1333302795
110002,1293,4.0,1235840179
81778,183815,1.0,1587235966
139755,134881,3.0,1570941441
170109,832,4.0,1298442794
95512,159415,1.0,1534619534
178978,6157,4.0,1153153771
1451,953,4.5,1438253483
37168,40491,3.5,1638777057
51755,1079,5.0,885391787
111731,3704,3.0,1042308294
70740,3285,4.0,1593114388
166634,2020,4.0,956623107
47663,5690,5.0,1281075902
151483,27369,3.0,1473637414
143904,7361,5.0,1558294607
8969,59103,3.0,1227461099
42437,31658,4.0,1642702388
112983,40414,5.0,1178415331
74131,100383,3.5,1376677085
179111,81834,4.5,1574695012
80097,7099,4.0,1538000190
72644,4720,3.0,1207244872
194528,26914,4.0,1436248823
183316,2605,3.0,1037345205
62281,593,4.0,1572464772
95521,2572,3.0,1630255224
113868,249,5.0,945007848
118194,2716,5.0,1513414476
66408,1923,3.5,1233617022
87257,76077,3.0,1594249973
136339,5743,3.0,1034263391
105852,88932,3.0,1487686541
1716,1704,3.0,1583686346
180523,1214,4.5,1272593527
176310,2139,5.0,1607391892
87492,3300,3.5,1538241268
28384,1201,3.5,1451719757
193248,8496,4.0,1457116211
15502,127152,3.0,1540694607
59769,2497,4.0,1074723730
68020,148626,3.0,1481172346
89884,106002,2.5,1497134107
146564,140110,4.5,1623116629
74799,8874,4.0,1493837438
193446,133771,5.0,1583631688
177174,4848,3.5,1335947708
79037,35836,4.5,1180299960
118925,27660,3.5,1185770343
141689,2700,4.0,1175618876
8706,8464,4.5,1142958601
64082,2529,4.0,1534563698
81538,5952,4.0,1243433775
12117,4896,4.5,1310561771
430,4002,3.0,1167159797
159370,2294,4.0,946686198
131116,31422,1.0,1307647336
160263,2140,2.0,974611961
197197,1097,5.0,1236267123
90395,1201,3.5,1069252697
1224,2,5.0,1633717627
20999,193065,4.0,1547647033
47225,595,4.5,1459215410
158247,3752,3.5,1585062306
102138,33493,4.5,1285024252
3745,8874,5.0,1611641392
131680,208,2.0,830743331
81591,432,3.0,832089477
132512,71264,4.5,1462248691
86889,60508,3.5,1656293087
175712,434,3.5,1117284799
88766,1219,5.0,1660566501
160906,1584,3.0,1107135064
81328,590,4.0,1076089898
129684,6453,3.0,1118693938
123317,2704,1.0,945191640
110831,3798,4.0,985485814
47146,2959,4.0,952809525
161612,59141,2.5,1399228079
28860,37729,3.0,1456726327
195510,208205,3.5,1606262258
103511,68157,5.0,1293392851
183557,34405,0.5,1546716531
177556,67197,2.5,1471100077
39191,5801,4.0,1446995365
22495,6708,4.0,1111281029
27988,1015,4.0,945152300
115844,3741,3.5,1131317282
166368,1089,4.0,1480963367
184275,1295,1.0,1340087723
39508,3994,3.5,1520639502
45834,2730,4.0,994174167
114536,7454,2.5,1471147685
148270,2571,5.0,1022393446
103630,3623,3.0,1616957985
198631,6934,3.5,1644245563
155408,115569,5.0,1597265895
192941,45517,2.5,1452864925
193985,34,4.0,1219720024
184881,5449,0.5,1641286806
71733,1954,5.0,1484365992
25676,1704,4.5,1530052987
80782,6196,3.0,1089665494
33323,8831,3.5,1155590862
117087,371,3.0,833707644
167771,58559,4.0,1225316390
112387,5816,3.5,1168808108
159396,161582,4.0,1484938073
69181,2054,4.0,946495337
102857,2692,3.0,1439800477
38889,327,3.0,1012928204
152375,4978,5.0,1018824915
178407,5502,3.5,1271283493
128951,719,3.0,952062734
105559,226282,2.5,1649086173
196012,110,1.0,939226579
148977,7154,3.0,1201433708
156429,1,3.0,1459467067
191372,1201,3.0,1644124711
92084,6754,5.0,1089323400
23455,1207,5.0,1194395384
13694,362,3.0,846256823
136879,2571,3.0,946692383
56791,86332,5.0,1432346656
14498,139644,4.0,1461155371
102135,132446,3.0,1451356407
73948,3763,4.0,962203163
78615,2352,3.5,1337174253
165466,2498,1.0,1103735183
15130,337,1.5,1661590925
164360,3972,3.5,1141857446
52825,19,2.0,1151048161
131704,34405,4.0,1660615050
25806,2268,5.0,953764975
6710,3255,3.0,1031061203
199744,480,1.5,1242831145
41838,1954,3.0,1215523848
195510,153468,3.5,1518984107
45844,1515,1.0,891432149
18698,101864,3.5,1570996240
78205,26144,3.5,1230958738
139202,829,3.0,864420830
135536,112183,5.0,1452013040
122724,195159,3.0,1677155442
129830,197663,1.5,1556362535
144502,34,2.0,980636452
90947,7034,4.0,1120934047
105853,4855,3.0,1352736241
47511,4821,2.0,1107438649
110414,2890,4.0,963762842
41618,3072,3.0,968366012
19775,2239,4.0,956601815
841,1136,5.0,848612980
120445,188375,1.0,1526157640
141901,2134,3.0,1279951842
150721,86332,3.5,1549025143
123703,45382,3.5,1179152472
157717,63859,3.5,1520298106
81556,34405,4.5,1205778720
161895,934,3.0,948340105
3136,527,5.0,1342998545
173319,3185,4.0,977806488
46997,6365,1.5,1653523453
98575,748,4.0,974605084
68928,2918,1.5,1489997628
171379,2329,4.5,1264371271
100311,110553,3.0,1589130537
193141,85,2.0,955980551
136078,6350,5.0,1112199223
87701,143347,3.0,1587308641
187937,52281,4.0,1526441214
178398,1805,5.0,994389152
118143,593,3.5,1550360312
25182,6732,5.0,1607903741
123163,73290,3.5,1527337817
72965,2355,4.0,1541906299
74270,1265,4.0,968641729
151941,6879,4.0,1586123976
74758,6548,3.0,1660311002
197231,1732,3.5,1470239762
114313,132954,4.5,1493848964
46273,204,0.5,1445068101
1419,1208,2.5,1622837684
89411,2716,3.5,1569798160
50594,74458,4.0,1338050936
5085,4349,5.0,991451923
191312,26000,5.0,1507260080
23933,552,5.0,1532296807
41100,2762,3.0,1465355779
35628,3018,4.0,978420524
182003,6942,4.0,1579049602
89166,119145,4.0,1587132326
27878,8798,4.0,1167261892
176735,588,5.0,1581716441
30622,593,4.5,1380626460
63758,5283,4.5,1218405107
97419,152077,2.0,1623714413
99375,54001,2.5,1451246119
58800,118696,5.0,1493395383
8307,1330,3.5,1504234521
26811,47,4.5,1496467814
64515,480,2.0,1439862492
43639,166291,4.5,1644151833
1839,223,3.5,1112157207
77808,2997,4.0,1204008022
36043,1517,3.0,1112405466
164337,5989,4.0,1063500523
65902,3275,4.0,1231978573
170483,2313,4.0,1184337455
19823,54001,4.5,1401224479
132521,2542,4.5,1105910054
117242,31410,4.5,1471555141
56933,8464,2.5,1548538994
167726,1459,2.0,952810357
25911,62,1.0,1157744212
44465,69122,3.0,1310270333
57426,8969,1.0,1238573175
185342,3386,4.5,1283225881
136099,377,0.5,1652203889
200834,4979,3.0,1304011061
2194,1704,3.0,1249926406
137607,273,4.0,903853379
129858,4720,5.0,1464787428
98369,362,4.0,833165613
169457,79132,4.0,1450389420
148699,156609,3.0,1586554683
164397,2193,3.0,963746835
75772,2387,2.5,1472481178
103925,89774,2.5,1330723797
92948,4973,3.5,1284841869
152929,1953,3.5,1114380725
118187,76093,5.0,1502911543
35041,919,4.0,1116598091
150193,93840,5.0,1473544341
57590,179817,4.0,1609424868
96726,1136,5.0,867211309
76010,68157,4.0,1261445846
117049,4501,3.5,1385364849
41086,8641,2.0,1459277422
200767,8985,2.5,1184953701
99265,4661,3.0,1130892266
105340,551,4.0,1081229305
78830,1307,4.0,1022287482
197176,80549,3.5,1696649354
101373,595,3.5,1145305367
78634,2374,4.0,945481409
40904,3578,4.5,1444007185
3153,1580,4.0,974789643
139380,175,0.5,1317656073
21003,118696,4.0,1597187938
14380,94959,5.0,1586538668
133295,921,4.0,946333934
161697,337,2.5,1668909349
3503,4641,4.5,1065841202
163288,3608,4.0,978579042
62511,2469,5.0,918634222
156614,2890,4.5,1293257432
111925,3948,4.0,1024521124
199179,1617,3.5,1687687919
175634,7325,3.0,1130153439
179324,5568,4.0,1393037251
26366,4022,4.5,1591988189
82276,2193,4.0,980817960
34665,52975,0.5,1608403846
38783,7451,4.0,1593885106
141557,116977,2.0,1695047579
177334,858,5.0,852373065
115285,608,4.0,850730529
187904,4878,4.0,1342466081
50570,1197,2.5,1481060476
143842,8984,3.0,1238442963
71727,3147,4.0,1553440269
43639,27193,2.5,1454551832
138173,6378,4.0,1448075626
1298,3079,4.0,1134328558
52610,3039,3.5,1103165622
67819,76293,5.0,1604334852
97077,8860,3.0,1231849229
106555,97752,5.0,1652200873
27947,247,3.0,945964653
33946,3793,4.0,1118161488
178454,2641,4.0,1038067463
29135,149406,3.5,1506875787
26291,1101,2.0,1130490880
132527,53894,4.0,1226342664
41456,3755,2.0,979067202
109642,628,4.0,954911910
110760,2575,5.0,1262120865
31693,122918,1.0,1577931027
139232,1950,5.0,1047697415
192994,292,2.0,1072778745
127437,1036,2.5,1152260018
133364,132584,3.0,1567123811
187855,7438,4.5,1204763344
34897,26,3.0,850668639
131964,39,3.0,835175125
36831,1060,3.0,995059454
12380,2717,3.0,1012719413
13179,7387,5.0,1535171017
125164,78499,3.5,1497385800
129279,3100,4.0,997293708
147693,3167,3.0,946624137
198377,3785,2.5,1546150956
157337,2504,4.0,960878691
173892,5218,2.0,1531573576
8812,2502,3.5,1435144307
91280,90531,3.0,1445982908
152744,318,3.0,1112531398
83573,161,5.0,830105721
183224,71264,2.0,1268153087
75230,2959,4.0,1177255597
106223,64575,4.0,1284556995
42317,141946,3.5,1639646344
120271,103249,3.0,1565994593
78823,1249,4.5,1060894246
94545,1965,2.5,1616334890
72059,364,5.0,1417221943
188190,2502,3.5,1136844783
79613,1,2.0,1431619448
33000,4241,3.0,1428200694
148193,204,2.0,834236081
70418,55820,4.0,1498743764
16234,6711,3.5,1170519548
34,933,3.5,1194741164
101730,80549,4.0,1485122461
51735,2936,4.0,1107531510
91496,2985,5.0,1549626774
175747,1291,5.0,947262158
44185,762,2.5,1285003938
199266,7018,3.0,1447301962
193222,4306,4.0,1111641538
134464,364,3.5,1696116306
74694,7373,1.0,1531711703
124960,132424,3.0,1647123654
107445,1378,2.0,1288178240
188180,1387,3.0,990748999
138619,98491,5.0,1445847903
128403,500,4.0,900943079
199332,33836,2.0,1631910346
160511,48516,4.0,1505595358
26188,51255,3.0,1335244108
196497,379,3.0,1047277936
89013,1022,5.0,846081070
188563,62,4.0,1111904844
37866,459,2.0,943629409
69076,52867,2.5,1536188095
14807,1221,4.0,1209137340
113254,5060,3.0,992895199
93048,109015,4.0,1536113616
194749,3147,3.5,1427060013
57543,1246,5.0,1343390811
125732,2062,3.0,938738376
18981,1704,5.0,1239515925
188179,356,3.5,1062958045
120207,4896,3.5,1499971832
127944,2115,3.5,1113881004
73833,562,4.0,1047182007
32684,688,4.0,828364577
35235,1197,5.0,857304779
17859,1707,2.0,1093056919
108200,3831,4.0,980989155
97227,40414,4.0,1207967917
41484,5505,3.0,1112249415
10764,1917,2.5,1180118245
48004,420,5.0,848974148
44667,165,4.0,835097967
193383,213,5.0,1227663773
30809,71494,0.5,1551670150
23919,2707,4.0,983642986
45523,527,4.0,947453100
30571,112852,5.0,1477184042
33097,79293,3.5,1469934762
130176,163060,5.0,1487171625
58758,109487,5.0,1549725470
165564,381,4.0,839931198
130226,3498,4.0,968349258
12867,198,4.0,849795044
107726,2987,5.0,941456802
63250,136748,3.0,1499019766
69200,72696,4.5,1447629872
186580,6934,2.0,1144778587
136380,149,5.0,1136841139
178256,1198,5.0,1687538388
73311,2699,2.5,1081670798
76539,1249,4.5,1303269059
185127,1719,4.0,955473696
122661,3545,3.5,1514703088
89630,40819,3.0,1640016666
77025,52460,3.0,1177187516
97259,68135,3.5,1545605993
86175,442,4.0,832081130
62817,265,4.0,846535937
177800,2324,3.5,1058031135
51158,3617,2.0,1579369530
19942,837,4.0,865083265
45413,54503,3.5,1493858441
65395,474,4.0,1370685650
156968,106920,0.5,1482017265
125218,24,5.0,941271814
130844,1955,2.0,1142370569
198339,1200,4.0,1649171014
152189,193944,4.0,1552474901
101080,852,5.0,852059417
138084,179135,5.0,1673131440
100705,2642,2.0,961204825
98373,595,3.0,860500389
59021,519,2.0,900893412
81868,6283,4.5,1437361080
98705,587,2.0,1112999844
169769,2421,2.0,1022872476
1328,293,5.0,1069611527
90983,37727,2.0,1597375439
118464,1278,4.0,1110147181
197919,1584,4.0,1558448916
181793,50,5.0,1139973139
114369,1552,4.0,1306733800
99556,2959,5.0,1545425679
183135,51255,4.0,1493324028
131583,1210,4.0,952799828
37451,67087,5.0,1605393752
2577,47,4.0,1416615648
99726,79132,5.0,1475585158
64977,527,5.0,1465785544
26848,2324,4.5,1482002212
36799,7438,4.0,1089867182
176392,61323,4.0,1428354109
265,6287,3.5,1613371147
86039,32,3.5,1225175450
145853,179401,0.5,1692134463
162541,3101,1.5,1110475043
158879,79132,3.5,1437104473
61130,40819,4.0,1488347705
83707,3752,3.0,1620860806
10831,6502,4.0,1504996465
156595,95,4.0,850945003
40265,719,2.0,850465561
22805,1193,4.0,1351239451
16121,2353,3.5,1432530432
105501,122916,3.0,1561405165
109213,34405,3.5,1603676966
56835,90600,4.0,1579768886
128353,597,4.0,846981024
142583,99846,4.0,1392847818
20780,30707,4.0,1627739317
20183,3005,5.0,1694945821
81184,198157,3.5,1570227955
142593,79242,4.5,1471803307
106031,1589,5.0,953354504
192733,2541,3.5,1184639481
119762,19,3.0,834778731
152003,2762,3.0,1468311067
178647,1619,4.0,1332964700
161876,58559,5.0,1670976458
69330,3671,5.0,1264372488
115574,1257,3.0,989354282
78595,58103,5.0,1299276743
92998,48,1.0,847503226
60979,21,4.0,842421746
91309,161,4.0,975213462
79823,4355,5.0,997155695
20905,1968,5.0,989550241
76958,7361,5.0,1179908250
176012,3147,4.0,1140732519
150276,74510,4.0,1427427491
116197,1688,4.0,918510517
34586,7438,4.5,1175972921
168914,42725,4.0,1138414067
135376,5995,5.0,1115279048
166678,292,4.0,847121654
100035,3591,3.5,1151784346
68900,2997,5.0,1238218251
91000,1089,5.0,1009289432
157004,51412,3.5,1434194492
138959,143355,2.5,1520479410
2258,63082,3.5,1377713784
139690,117529,4.5,1545642320
68900,5952,5.0,1238218240
173806,1258,4.0,1508170907
37990,1066,4.0,945460451
189993,836,2.0,1565538280
54907,4571,4.0,1008889293
99170,1573,4.0,942613464
57962,153,3.0,844695734
104149,293,4.0,1143175045
4720,103249,0.5,1651452137
166845,4609,3.0,1438096274
39912,2859,5.0,1643713895
84879,104218,4.0,1432237947
136261,1278,4.0,976933973
84960,2762,4.5,1241712528
187584,5169,3.0,1135211058
41096,8528,5.0,1333134605
171631,2532,1.0,999981686
68074,89745,2.0,1526211165
140823,539,4.0,1030371857
184916,1299,4.5,1541212738
52352,86,3.0,1135500709
14425,113029,1.0,1587905839
187347,1696,4.5,1650577860
92088,177939,4.5,1696354277
71368,4700,3.0,1597414523
134709,6377,5.0,1539978743
125474,1275,4.0,1111349305
117845,114838,3.5,1472889451
16870,277,3.0,1121344524
24261,115617,4.5,1644338330
131675,95558,3.0,1589509097
142194,7235,3.5,1523218288
29734,79139,4.0,1621048061
162055,71379,3.5,1263983385
31530,6197,3.5,1653818868
187073,3841,3.5,1555190544
67144,5956,2.0,1473645557
26238,7137,4.0,1145016651
91078,1296,4.0,1050499463
196136,4306,4.0,1011477453
66317,4973,5.0,1068096391
193712,97938,2.5,1552019897
154644,69481,2.5,1501108331
45791,176801,5.0,1694295442
144180,1358,4.0,1493339585
35404,556,3.0,963953111
100538,111659,3.0,1493564554
120216,1464,3.0,945532152
88053,110,3.0,1182599198
64755,300,4.0,883383570
142578,94959,3.5,1449863022
82329,527,4.5,1152743179
104311,1283,4.0,1618639517
124384,122896,5.0,1591541355
170443,201773,0.5,1586651520
88310,6365,3.5,1679518465
165204,30793,4.0,1262666803
49648,2433,3.0,943021186
192669,3033,4.5,1097544970
198471,2022,4.0,1642806473
124217,70994,3.0,1262734193
167782,8665,4.5,1503009461
20951,32,4.0,848484329
156668,34162,4.0,1592994958
144643,1952,4.5,1155458582
149703,8360,4.0,1631471071
116351,31696,3.0,1112933421
139813,4990,2.5,1332909737
126330,61024,3.5,1641702140
68445,91500,3.5,1341140982
159288,4011,2.5,1069975965
35638,1036,3.0,850079488
9855,2987,3.0,1183858721
50523,466,3.0,1069023019
5718,5642,4.5,1115682294
109606,246,3.5,1337446191
133885,3168,5.0,1534687952
126908,3034,3.5,1058553446
8166,3868,4.0,1097975119
89918,6377,3.5,1524203298
66242,112171,3.5,1653764436
144023,87306,2.5,1574995033
64756,818,1.0,952142157
130674,183011,4.0,1631946460
104201,353,4.0,1068097017
89009,2502,4.0,1190879923
52509,1027,3.0,842500254
71100,527,4.0,875155965
3240,2764,2.0,959347423
97910,4993,4.0,1216352818
124648,5604,0.5,1489499248
59471,1240,4.0,1092996560
13495,59315,5.0,1652062537
26414,356,5.0,1179241959
5029,8814,3.5,1500228797
36248,81834,3.0,1465897715
144603,452,1.0,893870086
145720,296,4.5,1518817285
79721,165859,2.0,1589266811
71977,685,5.0,943048569
130496,45722,3.5,1682991660
127171,72641,1.0,1513490299
171905,1000,4.0,1060547650
3349,8529,4.0,1619457292
97249,64197,4.0,1327086692
108169,2687,3.5,1176577714
70200,165,2.0,847736523
19675,697,4.0,844627663
192059,1015,4.0,841024641
169345,166705,3.5,1676243629
160530,2571,0.5,1672937513
188058,5445,3.5,1416935462
106322,2203,3.5,1145384887
79009,1635,3.0,971151518
193475,7022,2.5,1217346478
75478,6645,4.0,1585087429
15241,350,3.0,1158692380
176049,7153,5.0,1127562473
6409,5816,2.0,1342322360
10775,1982,4.5,1299535999
132997,5952,4.5,1625366509
107567,52321,3.0,1527110387
136668,4474,4.0,1313954761
43094,156387,3.5,1504817455
184278,2231,4.5,1136403324
80603,6988,3.5,1115829007
135980,1089,4.0,1527992112
26116,100498,3.5,1426101338
129171,903,3.0,848827019
63885,640,1.0,851354651
68833,2420,3.0,1060302290
97982,168254,0.5,1494172824
37677,158268,5.0,1531473014
188438,103539,3.5,1585781881
5765,4848,3.5,1464390628
61624,96664,2.5,1347549861
180947,73290,5.0,1554496899
58448,198,3.0,848480601
108900,590,3.0,842881483
58275,56367,4.0,1224532702
40603,278800,3.5,1688889634
131862,1373,1.0,1206315323
98234,5669,4.0,1037170148
102201,500,2.0,1135930207
100786,122900,4.5,1464309462
152563,2384,4.0,1007956709
19216,6440,4.0,1445203966
182341,6534,3.0,1446641424
70379,3744,4.0,974871706
194445,55765,4.0,1655691652
48672,139644,4.0,1567064589
156050,69406,4.0,1502570137
123149,59369,4.0,1376834559
63987,318,4.5,1111741178
108488,53996,2.5,1627718370
136553,30707,3.5,1468569420
95996,1246,4.0,1456457259
103774,260,5.0,945126077
11250,69122,5.0,1547953091
95634,140110,3.0,1457783326
18840,1208,5.0,1501964163
191716,86835,3.5,1463025671
182082,79132,3.0,1499521918
158797,2012,3.5,1112920847
173991,7060,2.0,1131806690
49863,1858,1.0,974977632
21662,288,4.0,1112629854
19133,118256,3.0,1433713353
171043,1196,4.0,1506961196
23586,5378,3.0,1619994955
144601,102445,4.5,1396572668
132434,1608,3.0,968404401
119526,1372,2.5,1118546505
133690,60950,4.0,1454913855
19216,135569,2.5,1478356611
106092,1546,5.0,971903761
37226,118696,2.0,1676166547
172239,4720,3.0,1244036578
194673,1198,0.5,1443406648
27175,1958,3.0,930671927
37288,5418,3.0,1118201477
41500,3055,3.0,960314800
55328,1727,3.0,908059362
153172,2268,4.0,974331093
106782,1193,3.5,1541002690
72309,3107,4.0,1240581241
134688,1240,4.0,1143844125
47231,7570,4.0,1105144513
166716,551,4.0,862479741
36567,5544,3.0,1138661451
22746,202429,2.5,1585596441
102205,7445,5.0,1316346585
163591,5782,3.5,1226430478
131729,6296,2.0,1087530232
72940,1101,5.0,953821834
192649,5096,2.0,1111545377
89317,79132,4.5,1448879760
49799,944,3.0,1035866622
190129,71379,4.0,1264338873
197609,1276,4.0,939996796
11358,593,4.0,1119154684
134819,1299,4.0,1614928454
132721,81804,3.5,1501468064
160104,68237,3.5,1393368267
198387,1214,5.0,1105402446
49305,5754,1.5,1171857818
68197,7027,4.0,1072058143
189645,80166,2.5,1433851470
76568,1356,3.0,940044012
137228,4993,5.0,1043750680
72431,1387,5.0,954138589
184537,5152,2.5,1118747031
110214,1103,4.5,1506606190
95881,3148,2.0,944593456
194846,150276,3.0,1687748437
25422,474,4.0,993446512
135181,3897,4.0,1111116606
37432,47518,3.5,1626303475
21310,497,3.0,835546866
32046,95,3.0,865421393
161609,2916,5.0,1550896849
147475,3504,5.0,1487195347
23688,1183,3.0,1564402236
193331,5810,4.0,1200214595
80243,934,3.5,1103242169
93611,431,1.5,1513795715
118529,492,4.0,942703986
8346,1193,4.0,1296807437
185217,2243,4.0,984217340
100568,3148,2.0,1068159590
151784,288,4.0,1193172960
180172,283649,3.5,1676027230
29450,2011,3.5,1233251709
9827,527,4.5,1667688528
179535,106782,5.0,1483595043
131548,1199,3.5,1385198181
61585,1207,5.0,1010534394
174160,6502,3.5,1500142416
69020,2022,3.0,1605031435
55778,4709,2.5,1122773019
30713,3405,4.0,953072334
157167,132569,2.5,1432101121
93234,5219,3.5,1504571400
110194,5502,4.0,1030200518
187316,71838,2.0,1445502953
98182,611,1.0,1147124431
68719,2881,3.0,1092103930
29361,2285,2.0,1674627736
55550,1258,3.5,1554088348
8023,1552,2.5,1676895907
151278,2959,5.0,1438870891
60670,30707,2.5,1280001364
48050,68791,3.0,1500739335
180731,432,2.0,1014614327
113371,48774,4.5,1382896766
142810,3424,4.0,995749501
17943,1042,2.0,1153788123
88215,2706,4.0,1002985189
192462,1291,4.0,945026141
11424,122918,3.5,1615508675
65249,2012,4.0,1086226029
153016,1747,1.5,1219211532
183798,6503,3.5,1467906995
79987,2321,3.5,1078345474
15680,7451,4.0,1113799417
79423,2797,3.0,1368146741
133934,4025,3.5,1394269444
104544,43871,3.0,1445030785
50183,482,1.5,1152919403
16335,94799,4.0,1605307547
39835,74458,5.0,1336548390
178743,60397,4.0,1447090055
10454,2769,4.0,1001028232
8650,1258,5.0,1300834301
116085,53322,2.5,1239280286
126256,4874,3.0,1225643193
139135,1394,5.0,945497716
114664,5502,0.5,1435776324
7393,780,3.5,1309286420
165601,422,4.0,851882489
22164,78759,0.5,1291461986
119341,142509,1.5,1544233014
38021,1073,5.0,861015760
146034,253,3.0,1656357673
40456,3728,5.0,960052770
118180,45517,2.5,1359961645
118050,73017,3.5,1623790640
34072,1527,4.0,1213397144
65514,594,4.0,876228688
11643,200820,3.0,1572030552
85582,54001,4.0,1589255572
172970,2959,4.5,1163558626
194819,151,4.0,1209079274
4722,2797,3.0,1196525883
90166,6464,2.0,1520752405
92476,922,1.0,948396319
116527,166528,2.5,1688099477
179706,47099,5.0,1477190127
76269,552,4.0,831853225
38918,3044,4.0,944617386
54988,1407,4.5,1508790968
71951,150,5.0,837345957
124235,6323,5.0,1139455701
30684,2948,3.5,1147785015
131548,1304,5.0,1408467851
161845,4014,3.0,1252184126
182896,48,2.0,1490374112
141430,588,4.5,1684225500
151058,648,3.5,1276126581
103302,202103,4.5,1628440811
34267,114662,5.0,1560254259
40907,177,2.0,835304821
194914,97938,4.0,1357478794
110570,916,4.0,947437986
188625,1962,3.0,1091403554
116135,87869,3.5,1447613798
45810,353,5.0,841515661
94682,34,4.0,941573006
127162,508,4.0,848043623
85379,141,2.5,1113255998
24774,442,3.0,1208375275
96351,86833,4.0,1526454925
199412,162828,1.0,1611633886
150061,7360,3.5,1270741497
162219,2571,3.5,1469566868
140400,275245,4.0,1672184465
129370,2096,3.0,976124775
170268,3081,3.5,1226696591
89494,1834,5.0,978299624
55653,519,2.0,997479460
132168,3271,4.0,1110469571
102509,555,4.0,979940929
50430,2115,3.0,994890760
43703,55820,4.5,1664549052
152135,27878,4.0,1262136697
60355,2735,3.0,948172022
12169,380,3.5,1167461760
174312,1625,5.0,1446614937
55863,1086,4.0,1433818360
182711,50872,4.0,1527880537
173613,70286,1.5,1504322049
133337,1056,3.0,939972497
14369,318,4.5,1315849848
68949,376,5.0,884450549
148407,3039,5.0,1153167707
94417,2288,3.0,1043187030
134278,343,4.0,942976403
105850,2174,4.5,1651291578
85587,1097,3.5,1366728788
116905,1036,4.5,1289254681
15616,40826,4.0,1479434799
47382,2858,5.0,1153786977
14327,1456,4.0,1017810031
113480,202439,5.0,1602314085
157590,2948,4.5,1571768124
185636,785,4.0,949778538
69454,1089,4.5,1191311074
86315,25,3.0,938801501
130249,265,3.0,1687613665
135336,135137,3.0,1627096695
49706,910,5.0,1483317502
76984,741,5.0,914029978
39781,3219,1.0,999873505
73450,76,3.0,867380658
40131,1097,4.0,944909420
70936,2389,2.0,1213144430
142166,3020,5.0,1036036922
89668,97913,3.0,1692593939
198018,1015,4.5,1118178936
28468,8529,3.0,1598991982
10504,1197,5.0,912455380
121388,6093,5.0,1449706274
144072,551,4.0,1675046374
150225,7438,4.5,1374193258
92405,44191,5.0,1540900878
197009,3273,2.0,1362003603
110313,1201,4.0,1140475323
41020,1210,3.0,972621007
9782,1974,2.5,1564411009
171586,33794,4.0,1655628485
95027,589,4.0,1506711891
143019,201588,4.0,1584916167
22282,4896,2.5,1640643278
74491,750,3.0,1528162769
159644,72998,3.5,1446875156
135933,143033,2.5,1496616251
35876,54787,3.0,1189047303
160931,1517,4.5,1065618168
195830,1198,4.0,1225269409
179459,3060,5.0,949069641
34864,106452,4.0,1447929515
74047,1047,3.0,1000223583
149190,1688,3.0,1018034958
147600,1259,4.0,1226955021
19128,58559,4.5,1613822420
6379,53996,4.5,1183759629
29424,160,3.0,1028058914
158708,434,3.0,849054880
175325,193767,2.5,1566577478
104925,55721,5.0,1582635393
100477,4214,4.0,1013814716
186483,2450,4.0,976592483
87256,208703,3.5,1593971431
2124,1377,4.0,1037892937
172084,1732,3.0,1158678178
190038,356,5.0,1390756802
128808,364,4.0,834935714
17767,133712,3.0,1527717060
11235,558,2.0,993259608
133145,46322,3.5,1652034481
160097,71535,4.0,1602382410
34861,1210,4.0,1097981301
116688,2985,2.0,942308758
72936,2571,2.0,947110405
131202,81562,4.0,1482436086
160105,1544,2.5,1562194210
103646,33794,3.5,1552245437
41500,34314,4.0,1245788860
178281,593,4.0,994639433
134867,79224,3.5,1650787807
191293,924,5.0,849990639
199434,1265,4.5,1620499511
82445,163056,4.5,1660145170
8521,8641,4.0,1455544863
176629,68954,5.0,1362799559
78719,6996,0.5,1070918291
90579,1711,2.0,1047420374
8148,91500,3.0,1581844709
114279,76077,3.5,1582063951
38631,257281,3.5,1662045476
103776,6934,3.5,1190483796
118491,2424,3.0,1425618217
48568,2321,3.0,1334003742
78206,1639,4.0,933596342
121695,249,3.0,833377670
123217,3698,4.0,1271877396
168422,3148,3.5,1192011427
102185,97913,4.0,1467573550
128606,2371,2.0,978453035
95411,6333,4.5,1588308177
8627,1264,4.0,1007571310
17939,4901,4.0,1111193678
182072,1291,4.5,1124942271
169680,3368,4.0,1587101497
37259,1663,3.5,1111553169
145510,546,1.0,966781388
131008,54503,5.0,1544984981
158238,102903,3.5,1568991156
151253,51086,3.5,1560683738
115183,2959,5.0,1605554432
185490,318,5.0,1250274321
90467,3698,4.0,1562279482
96395,1291,3.5,1440096019
190086,79132,5.0,1496605691
181646,7438,3.5,1111539212
103806,59315,4.0,1530459823
120229,6934,1.5,1476885049
179018,940,4.0,1337225148
142769,6374,2.5,1107225368
5288,139385,4.0,1645829814
160968,1805,4.0,1022066123
52909,1288,3.5,1272044977
144670,3996,4.5,1567640876
156586,4218,3.0,1046630306
169672,552,3.0,1111477681
146215,6951,0.5,1155007613
14834,1097,4.0,1062892089
82629,1892,3.0,952734875
26957,3504,5.0,965174604
123134,135143,4.5,1488119021
28,60072,2.5,1489548293
11950,2804,5.0,1062259698
176466,166534,2.5,1513191142
144758,205072,2.5,1622368192
133623,3273,3.0,1458257218
37845,1952,4.0,1419208665
52654,2018,3.0,1030210569
185451,1246,4.5,1554024643
50875,44788,5.0,1595736742
37855,3408,4.0,1200517637
116622,171763,4.0,1601609848
78248,31804,5.0,1471537264
29565,51540,4.5,1382516141
142750,48780,3.5,1500060803
64849,2165,4.0,938804211
73168,500,2.0,844647571
64010,27822,1.5,1326217187
46521,40278,3.0,1296222548
183510,1261,5.0,1206542358
81162,1010,1.5,1153080216
8588,3127,3.0,1469076401
149862,903,3.0,1307470329
143501,278446,3.5,1671491746
22567,318,4.5,1420903675
138463,4011,5.0,1356651046
5012,74458,5.0,1446704606
73305,50,4.5,1538760560
15875,8117,3.5,1470836265
13536,189713,3.5,1541344411
90276,40870,4.0,1439798413
110457,2628,4.0,965010566
128851,108983,5.0,1446248285
110452,1747,1.0,945891418
105301,44937,4.0,1202817898
156318,104211,4.0,1576852182
33946,3916,3.5,1118169003
163971,750,4.5,1619107024
90694,593,5.0,1024944742
200091,2948,4.0,956592517
151751,27706,3.0,1463176601
42482,1967,1.0,1269515563
127825,3798,3.0,974710771
177137,3578,4.0,1210534175
38448,53000,3.0,1506411229
118609,52952,3.0,1485118482
71327,810,2.5,1111482627
148593,908,4.5,1427729857
17999,1193,4.5,1091058330
75437,242906,3.0,1692984903
101216,593,4.5,1210556268
100213,2805,3.0,942049499
103983,55908,4.5,1434569838
69659,98467,1.0,1590003343
12586,2985,2.5,1496160225
66108,1213,4.0,1447072509
91699,44195,4.5,1187981754
101304,2329,4.5,1225279305
200905,3977,3.0,1000811604
92616,116951,3.0,1656791615
50242,5034,3.5,1055178990
139532,122914,5.0,1568886957
147257,1961,3.5,1280533526
179467,110,5.0,1026776329
104192,10,4.0,1242413965
72495,2846,4.0,939719106
79983,377,3.0,1226163899
118003,49530,3.5,1397499123
110918,357,3.0,841511928
155429,6936,2.0,1586895125
180322,36527,3.5,1153789735
38123,6711,4.0,1110475710
64128,50,4.5,1108445286
171795,6220,2.5,1241747578
149500,91500,4.0,1336511997
166866,2455,0.5,1348986336
141666,2116,5.0,1346536043
84250,193944,4.5,1661668710
47574,2194,4.0,1019685045
40039,594,3.0,851458771
76099,73,2.0,1047165001
142317,1884,5.0,974758327
105850,5810,3.0,1674523050
120810,113741,4.0,1690666163
165929,733,3.0,1487457685
102089,81591,2.0,1588487744
32578,296,4.5,1472331864
180394,260,4.5,1611698649
57236,377,3.0,1108283752
199898,778,4.0,1342468458
195456,1077,5.0,930407023
88905,3793,4.0,1111399727
178113,3578,5.0,1549767591
33866,2791,4.0,1628029400
33403,288,4.0,843463066
182480,680,4.0,1663942925
125738,69844,3.0,1600074559
194309,1544,4.0,944933501
19473,4956,2.5,1092006134
101130,786,4.0,945310131
199004,122914,3.0,1570476397
135396,1230,5.0,987003437
47682,485,3.0,835927790
55946,48,3.0,1074359535
132311,2858,4.0,1527858082
40140,3175,3.5,1127533015
5580,339,5.0,839280506
166173,2941,5.0,988525831
20788,3793,5.0,1108396084
13191,32,4.0,880288655
15294,112552,5.0,1474850420
125909,1674,4.5,1078883823
52881,68157,3.5,1681175604
4344,379,2.5,1352768115
124280,109487,5.0,1631204887
105549,6863,5.0,1100459209
21499,2019,4.5,1181231486
176975,1073,5.0,866386940
138104,541,5.0,913063040
134142,3505,3.0,965531476
165403,56775,4.0,1557370283
124387,135569,4.5,1615671079
6863,5378,3.0,1429686274
167667,44191,3.5,1299476660
136254,62,5.0,866837493
83088,166534,4.0,1590802425
143452,4085,2.5,1540144927
45364,501,5.0,855006063
126895,3996,4.0,1037674830
178750,55805,3.0,1210200755
43826,6591,4.5,1103579470
184285,1466,3.0,1175518263
194652,1021,4.0,1442722977
164337,4886,4.0,1104364404
41884,1258,4.0,975782312
192638,7438,3.5,1648989350
17035,80185,0.5,1436135426
81930,2081,3.0,1232823420
661,81834,4.0,1560174473
127217,3327,5.0,973270218
117568,7147,4.0,1205271149
160527,1097,3.0,1470746423
97047,109487,4.5,1586775257
87464,192803,4.0,1560696833
117585,2387,3.5,1107986363
191779,370,4.0,1301047073
163582,208,5.0,835707764
107462,2662,3.5,1118259674
17722,1729,4.0,1091232763
118882,480,5.0,1674750105
58957,1272,3.0,869390948
46266,8360,4.0,1140526686
169202,1721,3.5,1129227971
36287,1777,4.5,1325115108
182381,262,4.0,943067637
69915,2916,3.5,1603590944
126035,132758,4.0,1620240269
62115,589,4.0,1236549152
184280,48,4.0,844667356
133805,407,4.5,1437654089
134435,4776,4.5,1539082467
132169,128360,3.0,1534287320
18920,153,3.0,1225256302
97866,1527,3.0,1607377818
39515,7618,4.0,1154224968
54748,8636,3.5,1553491890
150640,5792,3.5,1054504663
46898,377,3.5,1258400648
21320,48394,3.0,1590116482
3957,1291,4.0,956586941
100760,46723,2.5,1302933166
172598,318,3.5,1548195205
166629,40815,5.0,1374919598
167446,508,4.0,1122211826
57389,172,4.5,1668732866
74031,1125,4.0,968339882
41182,2468,4.0,1013393050
162127,4878,3.5,1660435104
22629,1197,5.0,1059943755
135334,114795,3.5,1475820829
183151,612,2.0,1164925038
133922,78499,3.0,1361245454
192822,3752,3.0,1014775129
40287,1653,4.0,1324307266
87587,39414,3.5,1170518577
53092,2872,3.0,1048428614
186783,3421,3.0,985265479
72148,4367,2.5,1384252254
180672,1104,4.5,1138083869
51720,54503,4.0,1607917128
24044,1020,4.0,1039363681
103450,1917,4.0,1116618583
107315,33564,4.0,1583638633
141906,143355,4.0,1560025436
194651,7324,4.0,1489326086
181406,1172,5.0,1415836477
29306,381,4.0,832271973
87293,2710,2.5,1174203989
193975,7458,2.5,1464432085
31627,514,5.0,937882091
183218,202439,5.0,1689132476
175464,8950,4.5,1535279344
78394,101648,3.0,1365213262
60386,135,3.0,857662739
30929,1265,4.0,1264470863
185811,5618,4.5,1219003293
90580,260,4.5,1524674228
157591,1225,5.0,975710903
123549,4954,5.0,1035489848
48700,948,4.0,940597868
123081,3578,3.0,1011210781
123121,318,3.0,1577995511
113161,1233,5.0,947455574
162419,3256,4.0,965516562
128467,618,3.0,857172915
177692,1136,4.5,1226189924
175325,135492,4.5,1455488797
31090,1240,4.5,1094881169
177326,96432,3.0,1597546678
195667,1962,4.0,983592729
129804,6281,4.0,1357369254
152312,661,5.0,977939428
70998,3273,1.0,1178665254
33866,191459,4.0,1628033520
56987,327,4.0,1172553444
126119,333,4.0,1076800064
53192,3952,3.0,1364645620
148666,1234,4.0,945637308
55835,592,3.0,854632031
22903,942,5.0,942260831
63495,4886,4.5,1077462627
75235,133377,3.0,1515052586
150025,1060,4.5,1225299764
172636,1206,2.5,1193485060
121549,30812,3.5,1109884750
5172,85394,3.0,1327505007
197165,81845,4.5,1296434371
129814,104841,4.0,1441220401
191644,708,2.0,1142533313
137579,62293,4.0,1235718512
26010,2454,3.0,1083851479
52791,1258,5.0,857811192
27730,3897,3.5,1206448508
154940,1293,3.5,1465130060
73939,1393,4.0,1005442279
64161,898,2.0,1656287241
171541,153,3.0,957329488
91161,450,4.0,903099947
178255,882,4.0,978530915
102951,69122,4.5,1460050735
43494,2728,4.5,1651540063
35684,89,2.5,1113193092
10151,216,1.0,1597255062
139850,4031,2.0,1044640861
102463,3623,2.0,1546354468
130567,98203,0.5,1447170116
12315,71282,4.0,1262359847
122009,648,3.0,852137079
127168,50,5.0,840786420
43297,3638,3.5,1145899890
155239,1645,1.0,1006444124
194309,1615,3.0,945369036
31971,93740,4.0,1422715821
165423,5952,1.5,1529085493
74244,173205,2.0,1641293696
50777,1262,5.0,968194352
19783,6664,3.5,1172997472
171683,2261,4.0,1062631379
187766,2485,3.0,988282062
195049,143385,3.5,1463849520
40383,1266,5.0,1176953585
171732,83613,0.5,1462247755
527,351,3.0,979413088
36267,79,2.0,965683865
53192,694,3.0,1415826404
83527,4232,2.0,1055565060
128932,2735,2.0,946818545
144731,150,5.0,840806579
126596,33162,4.0,1500496239
28123,265,4.0,940286981
73430,1358,3.5,1054343911
7835,6539,4.5,1059697427
150310,3510,4.0,1179117921
31466,6479,1.5,1142600447
102705,3105,4.0,957272637
191908,1288,4.5,1657672080
144828,2959,5.0,1666347109
182071,193,1.0,832961351
171519,6254,4.5,1644047451
165266,3210,5.0,1032577342
134362,318,5.0,1513626354
24379,4951,3.0,1109073029
69087,7438,4.0,1546662416
132159,177593,4.0,1642385190
78501,103641,3.5,1517830850
141710,344,1.0,845120915
54821,34542,4.0,1177688426
153073,70286,4.0,1487881730
4118,8810,1.5,1314890198
144652,2571,5.0,1354159851
56297,2273,3.0,1196277715
136818,72011,3.5,1466915013
115567,117344,5.0,1483147130
178094,296,3.0,941735998
47703,6534,3.0,1435304546
68823,100244,3.0,1549738649
162816,6413,3.0,1055186130
114063,2712,5.0,1496653676
150647,1274,4.0,1011641693
79906,4901,3.5,1069818860
102447,2917,2.5,1150196750
82758,2918,4.0,1508712630
169076,1222,4.5,1146069850
168259,3415,2.5,1648936640
166096,1950,3.0,1237659845
161282,8807,1.0,1106531807
1458,91529,4.5,1555937431
42680,161634,3.5,1500183339
19259,6333,3.5,1595120901
144122,588,4.0,1447028325
23476,3365,4.5,1325740137
152572,2396,3.5,1332244424
20590,4973,4.5,1519345807
132059,527,4.0,1113466574
54320,2393,2.0,1175642152
151841,1200,4.5,1437005082
39883,508,4.0,1371179395
40183,27808,1.0,1541329784
72086,60069,2.5,1471241334
100963,161,3.0,944350513
50247,103228,3.0,1405205573
157884,741,5.0,1324732859
183910,555,3.5,1207350492
85742,1552,2.5,1457912858
61439,457,3.0,1014381721
90447,1095,3.0,854137332
159690,3703,4.0,967491397
188274,1274,4.0,1025698736
112411,1101,3.0,844642403
126807,6118,4.5,1628015356
37642,68358,4.0,1546211599
120192,1206,4.0,1010193304
60276,10,1.0,848214934
155733,1127,4.0,1081411143
33740,51380,3.0,1688328100
77160,2100,3.0,1088229094
170063,1862,3.0,1393889794
189064,2997,4.5,1123780335
168531,99114,5.0,1397029926
55159,48,3.5,1511945132
18376,524,3.0,833195893
11863,4718,1.0,1001782121
58908,1674,3.5,1250557804
108592,116797,4.5,1481040645
77344,111913,4.0,1587265035
40625,1994,4.0,1077729809
10005,6552,4.0,1613321620
157171,194396,3.0,1575630478
141296,1197,4.5,1111534431
81052,3655,4.0,1050092436
46603,2959,4.5,1667934106
132167,3176,4.0,1147329756
31706,265,5.0,837782567
20331,707,3.0,853335381
110316,969,3.0,939501937
18816,1270,4.0,1352491182
103471,6874,1.5,1458847024
171601,6753,4.5,1648320327
105169,2881,4.0,1009433574
120976,214050,4.5,1671635818
153595,103253,1.0,1465041956
200215,59315,4.5,1546808261
145941,2628,1.0,1451153164
176856,2826,3.5,1375148763
170613,442,3.0,1074634371
35114,918,4.0,1383497003
35002,6157,4.5,1301065512
135633,3751,4.0,1490916486
34345,48738,4.0,1309521624
114857,1527,4.5,1525766924
76038,2139,5.0,1049605826
22270,45447,3.0,1677765151
115755,115149,4.0,1497217315
81659,86882,4.0,1606168918
62771,2072,3.5,1522416877
183867,4973,4.0,1534082968
76918,1721,4.0,1377638019
44470,200540,4.0,1688628537
34687,60684,4.0,1566631456
169924,3949,4.5,1435700053
120884,480,3.0,843751348
7772,512,4.0,971133936
189858,3593,0.5,1212049912
135641,36519,4.5,1339088187
25945,1307,4.5,1065491981
194980,157369,1.5,1686073751
22716,1213,5.0,1609253682
118987,293,5.0,836850776
179560,112171,4.0,1557009061
119559,86882,4.5,1638048713
53000,139783,4.0,1502980975
85830,1961,3.5,1223158858
155488,379,2.0,976133907
11414,5816,3.5,1500402320
19147,1221,5.0,1225375218
72459,1997,4.0,1117464279
161057,37729,3.5,1500574984
150998,1704,3.5,1056067907
110554,135567,0.5,1537389386
514,106782,4.0,1567264044
196907,608,5.0,840109480
16672,42094,3.5,1554243049
161825,1573,3.0,1439776861
90915,8638,4.5,1123374272
118922,2662,3.5,1066163026
163949,592,3.5,1216123167
140813,8636,5.0,1682573060
147131,1996,0.5,1068340779
85225,6537,2.5,1590433197
99545,6957,3.0,1087742347
137969,2088,2.0,950408973
54163,3447,5.0,967926726
40017,2950,3.5,1216139199
192239,4963,4.0,1171583208
164117,2761,4.0,956593050
131743,5422,2.0,1080198354
55393,3871,2.5,1124824626
153977,112,3.0,847464702
53398,3527,4.0,1684055585
192058,3528,4.0,1174186646
118755,2174,0.5,1081155472
110428,2011,4.0,939083346
177435,8528,3.0,1685725146
6112,118696,2.5,1627043819
47043,51662,3.0,1612122860
144669,77307,3.0,1479813611
136517,6502,4.0,1112177438
192712,3785,1.5,1078718805
152375,1173,5.0,959621884
150742,1961,2.5,1355023081
33527,2683,2.0,1190186826
169435,434,5.0,947534123
84546,136347,5.0,1488126103
151941,4776,4.0,1586123969
101348,1222,4.0,1337471993
9844,543,5.0,955042669
51087,2973,4.0,1552082862
21066,133771,4.0,1581221964
184269,50,5.0,1472807073
167958,1221,3.5,1475779124
82436,27109,3.0,1567528223
6635,192245,5.0,1622101925
47880,1391,2.5,1504721786
131785,4393,5.0,1447027058
131971,1441,5.0,1458356904
64082,36529,3.5,1534564941
59368,112556,3.5,1442681104
19458,6333,4.0,1111481958
43094,2527,3.0,1509694125
158147,5,4.0,834844720
258,208703,3.5,1608479089
148863,3468,5.0,1011635327
134894,4477,2.0,1034644041
62252,204698,3.5,1634914802
93991,102445,4.5,1481258632
167421,122916,3.5,1584904574
51298,1214,5.0,939445756
38923,76251,5.0,1469010712
4494,4993,4.5,1549760926
97784,1073,4.0,1453192202
5964,31221,1.0,1164350677
179578,858,5.0,974758884
105116,6186,1.0,1046822427
91247,2329,5.0,1283259591
164439,1220,3.5,1249920249
59210,148626,4.5,1546596816
108993,4270,3.0,1229648761
107544,160438,5.0,1552329179
197914,1396,4.5,1115094649
165841,356,4.5,1680593416
104876,33493,2.0,1615814507
177838,1200,5.0,956979379
79058,2432,4.0,1464574201
39068,31,4.0,949645301
182795,8,3.0,844626474
67818,108729,4.5,1593370562
90138,3006,4.5,1190511125
120106,288,4.0,992268720
140918,253,4.0,836348661
172647,4973,4.0,1255718061
78754,70,2.0,944921953
75789,2174,2.5,1167977038
3669,6550,2.5,1111550717
30610,201594,3.5,1561996365
3490,101362,3.0,1671943288
31491,55069,4.0,1377432014
41174,1361,5.0,997903249
160617,7348,4.0,1184969660
86996,3034,4.5,1465240119
137556,3868,3.0,1258427888
127210,1212,4.5,1602881596
30484,31502,3.5,1522239807
106237,1172,5.0,1111359583
24051,367,3.0,1327101441
8282,3615,4.0,992402809
19627,4270,2.5,1579629349
17476,2657,3.0,1169574476
55608,3639,5.0,1499349696
139979,3733,5.0,959726720
196550,3,3.0,956025629
112852,91077,3.5,1359939814
38631,183837,4.5,1662045495
46608,1991,4.0,1287656624
39609,6975,4.0,1441553479
107939,4002,1.0,1594430801
30227,54286,3.5,1273335740
81791,5630,4.0,1484856068
165106,40815,5.0,1539176666
65998,1345,4.0,1578522547
125324,32,4.5,1187312763
166607,337,4.0,1441716238
107828,260617,4.0,1654248617
70160,1500,1.0,1152442806
95364,5015,4.0,1028525517
126184,549,3.0,939516529
134978,80350,4.0,1573256904
85035,95201,4.0,1346443820
181725,4067,4.0,1085377371
99348,8917,3.0,1142898630
56119,2081,3.5,1098111338
160347,314,4.0,845997275
104251,8827,3.0,1111725508
75785,1388,3.0,1162904356
74207,186961,5.0,1547090772
173838,1193,4.0,1107137263
61966,3967,4.0,1108771408
27221,151,5.0,834951920
57647,316,4.0,1604665169
174438,457,3.5,1609196670
88676,356,5.0,1095495875
5926,55768,2.5,1608880812
110119,1240,3.0,858120252
56631,4754,4.0,1350824749
85633,34153,4.0,1157394488
63519,2082,2.0,1141142085
48470,79293,1.0,1537705524
136954,4464,3.5,1111646415
9749,1218,5.0,1225252851
17311,92259,2.5,1516347952
107377,1602,1.0,974951506
37678,47423,3.0,1625915212
159906,1704,5.0,952121950
58082,6888,3.5,1221770417
87329,197175,2.5,1693616180
147603,33154,4.0,1150464742
48136,5944,3.5,1303005518
176350,1017,3.0,944097031
54514,119145,4.0,1640280921
156412,32,4.0,1570657208
3301,5475,4.5,1367240895
141437,6271,4.5,1107655518
23043,539,3.0,1069041040
18544,5009,3.0,1045553450
101460,8464,3.0,1295557219
23978,204698,4.0,1582250798
142278,6993,3.5,1536697578
190470,66798,4.0,1542928646
130781,8983,3.0,1107800817
152171,594,3.0,846822329
139393,97938,1.5,1459667911
154973,74156,4.5,1267649982
194862,1198,4.0,1341981598
47066,2077,4.0,941650344
143519,49910,4.5,1324967439
168999,1359,3.0,1089133462
129019,1291,3.0,955375876
109824,6602,2.0,1121301548
126824,589,4.5,1683467093
37053,4896,3.0,1051549617
51886,117529,3.5,1514383987
133442,4998,3.0,1080704739
412,1198,5.0,1134595238
150917,4344,2.0,997937334
68722,2194,3.5,1286458889
172549,5989,4.0,1275606962
84053,50,4.0,846242174
47964,3000,4.5,1514500702
32001,1721,4.0,1552618043
33586,5449,3.0,1439773412
170401,1681,1.0,883344275
135772,2470,1.5,1094907798
21805,3793,4.5,1141203078
43826,2321,3.0,1081979143
158279,77561,3.0,1287002954
148485,3436,3.0,1361201030
183876,1230,5.0,1622840626
23763,2313,3.5,1387764115
139393,3948,3.0,1459667665
121856,2918,4.5,1105217424
2564,64957,4.5,1492881300
59815,88129,1.5,1671131844
79860,1407,3.0,1458327797
19347,2324,4.5,1494615467
71686,66934,4.5,1321699272
161439,92259,4.0,1459076773
71866,923,2.0,1480186145
57388,2804,4.0,973573221
126007,43014,3.5,1566520987
40411,349,3.5,1144154580
106293,500,3.0,848531527
132029,2088,3.0,974602506
42468,71535,4.0,1600214474
198846,552,3.0,1054316297
6181,500,5.0,849033511
135234,5014,3.0,1178058593
161979,2660,2.5,1334793902
183562,1214,4.0,1238348297
130193,59315,5.0,1235472638
49193,258,1.0,975627213
12739,48780,5.0,1563628584
131527,1089,4.5,1682750702
155230,168328,2.0,1623009895
113104,638,4.0,1078824396
183756,3250,3.5,1186946997
77128,45,3.0,852084605
5152,2918,4.0,1084242897
97504,3526,2.5,1136624039
44137,5481,3.0,1092934241
140930,1240,0.5,1078609533
150698,74458,4.5,1463197225
177731,552,2.5,1480234747
198347,1610,3.0,944054878
21871,1580,4.0,1042594421
53128,4326,4.5,1118373258
95512,4011,4.0,1534619530
190163,270698,3.5,1667315825
142922,2797,2.0,1532010861
91496,1201,5.0,1624531395
104122,19,3.0,1585340576
29608,72380,3.0,1436040003
44244,41566,2.0,1667905996
140373,1527,5.0,1090880416
125449,109374,4.5,1621566028
39140,165103,3.0,1548822866
171038,39,5.0,848583739
20735,348,4.0,940411637
155802,6773,4.5,1205149036
24932,3798,2.0,1153764261
48267,158872,2.5,1488842465
31306,47,3.5,1292893066
85817,2571,4.0,1585630903
157582,2730,5.0,1340855220
145086,593,4.5,1150952336
172695,344,1.0,833389007
82552,5349,3.0,1040977031
107562,1265,5.0,1667754144
105493,34,5.0,974911220
7159,589,4.5,1065472635
32535,5630,3.5,1518328867
180326,4214,2.5,1411493932
45719,7153,3.0,1614035127
80867,367,5.0,845735707
161318,101864,4.0,1467188230
193910,91653,1.0,1462250598
117631,66097,5.0,1342035489
171997,1112,4.0,954781588
70458,3676,4.0,1420500512
93091,1220,4.5,1391454847
182949,551,4.0,1065581823
18910,43936,2.5,1249837555
22476,7143,3.0,1089868368
154549,4980,5.0,1618068259
148666,2908,4.0,945664510
49667,34332,3.5,1129604825
164436,5418,4.0,1495739463
23106,2571,4.0,1171161810
76061,245008,3.5,1617318186
96173,2338,3.0,1063243896
98063,4857,5.0,1278024615
159776,1282,2.0,1601834127
72109,80693,3.5,1604088788
153335,1193,4.0,1520873822
45923,165101,3.0,1684854077
99228,122918,4.5,1618357843
80674,3996,3.5,1561757508
80123,115713,3.0,1557073631
121579,6713,4.0,1633243420
139911,380,2.0,1077327536
21806,6722,3.5,1606015831
64357,2924,4.0,983842882
164852,296,3.5,1525967018
105301,1193,4.5,1202676982
68378,1080,2.0,1463509679
166729,89745,4.5,1587059004
92129,1377,3.0,945126662
158913,288,3.0,828199680
55946,444,5.0,1074349767
109080,8868,3.5,1126381232
148362,17,5.0,854727080
71928,110,2.5,1291758559
190748,2986,2.5,1202790776
163528,89470,4.5,1606163084
131203,65672,2.5,1304376383
98120,201646,3.0,1627772271
85844,1175,5.0,1037744277
2829,1240,3.0,1468182566
136524,2420,3.0,1112161561
101032,52722,4.0,1178380995
114637,30825,3.0,1253508469
158279,714,2.0,1294970279
120274,122918,5.0,1547998927
140012,64614,2.0,1601152909
2741,788,4.5,1458429248
176207,1288,4.0,1159737931
36011,891,1.0,865848002
25384,2511,3.0,975193637
180799,55908,5.0,1527323701
135650,2081,3.5,1573615608
81117,1278,4.0,1680626589
114379,1270,3.0,945844026
116695,31658,4.0,1463273401
15558,5952,4.0,1491681955
41441,6934,4.0,1510258019
110087,4896,3.5,1551271678
76407,3147,4.0,1112914763
46232,98056,3.5,1554354190
198182,344,3.0,840228729
20405,79553,5.0,1455457935
171250,3247,3.0,1203170610
181632,8767,4.0,1194676916
139772,8914,2.0,1672959036
33263,1608,3.5,1213043370
45725,1131,5.0,973401460
11971,858,4.5,1640219892
551,223204,3.5,1640897242
194283,589,4.0,1517324520
158207,1655,2.0,982960874
159306,39446,3.5,1553496182
161437,271381,2.5,1662240677
38963,3253,4.0,1212789411
44753,1265,4.5,1385394926
18806,151,2.5,1086045798
50346,1419,5.0,954204572
183467,230,3.5,1188212333
41084,2379,2.0,965674875
65268,91658,4.5,1344053792
10100,2511,5.0,974685464
117373,1265,3.0,1074816789
102105,54001,4.0,1604904347
146655,54259,3.5,1625910578
97823,60069,4.5,1588586584
155047,176929,2.0,1512800771
159231,2111,3.0,1014191003
84844,4148,3.5,1479790862
80877,1240,5.0,954190350
12534,70286,3.5,1464103382
159870,296,5.0,1117053044
121890,41569,3.5,1225451002
135529,2396,3.5,1153517652
92830,3717,4.0,1056135894
80462,85788,3.0,1476808560
111661,1274,5.0,1174226784
100388,69446,3.0,1482321938
126444,6157,2.0,1307135255
190469,81845,4.0,1621237711
187316,8968,3.0,1445579557
110186,5882,3.0,1350304547
93027,593,5.0,1005671395
22917,1500,4.0,1079144420
114248,2082,1.0,1097800555
183108,172,3.0,844374545
112163,288,5.0,848158088
7626,6711,3.0,1192336637
177527,7698,4.0,1086030928
18769,4090,4.0,1333498377
184326,2858,3.5,1632972490
142741,147,4.0,945406338
143639,2324,4.5,1197541568
148719,91976,4.0,1522627414
102935,1233,5.0,965350429
142512,1270,5.0,1552359725
159891,112138,3.0,1540642051
34036,218867,2.0,1609401384
134164,50,3.0,837070208
87385,2028,5.0,986776956
49460,543,2.0,995317250
22608,141420,2.5,1461971222
153143,432,3.0,840437926
50073,156726,4.5,1672608039
186316,2431,4.0,1142405280
23347,2085,4.0,1024199511
807,1210,3.5,1535219925
159752,109569,3.5,1494520967
146985,7160,0.5,1596389072
161303,8781,3.0,1230961227
77813,293,4.0,1452593380
176356,134853,4.0,1552830983
125577,171011,5.0,1609472455
171367,1,3.5,1199536907
28417,1680,3.5,1166299449
104977,27904,3.5,1202056868
177974,5882,3.0,1538098011
162874,206959,4.5,1636771156
107284,2147,2.5,1111481150
9619,53468,3.5,1511347713
188302,431,4.0,835238113
92502,356,4.5,1228011906
158346,112370,4.0,1423161130
174158,661,3.0,1034269214
21250,145,4.0,845815031
150033,41571,3.5,1199348219
165171,500,5.0,976297608
15081,106918,3.5,1477589700
92608,337,4.0,1114902403
43652,3948,2.0,1501861285
168541,1097,5.0,973094054
115641,1271,4.5,1294393023
172675,181415,3.0,1585492426
132346,2751,3.0,953174973
27009,2942,3.0,1475112939
14578,453,3.0,835485722
82315,5618,4.0,1500732483
57111,3359,4.0,1108669387
181654,68157,5.0,1251234812
93369,3307,5.0,957541123
183739,741,4.0,1094746462
81400,356,5.0,1292036445
82918,1199,3.5,1109079890
20834,5292,4.0,1112737297
161964,1259,3.0,942847081
187049,7,5.0,835005422
115251,27376,4.5,1586390132
187850,3551,5.0,954650620
23183,59784,3.5,1599107711
79735,356,4.0,1351519599
63592,7438,2.5,1314505662
174111,1200,4.5,1379917784
127231,103042,2.0,1393131237
109249,3101,2.5,1111083273
170372,2571,5.0,1202150111
99275,4306,4.5,1236276232
12122,710,1.0,850670262
66350,1302,3.0,974182440
27323,1653,5.0,1563110677
66873,7080,2.5,1129628755
38255,318,5.0,1238374961
165450,4623,4.0,1198783583
120992,4041,3.5,1088550982
153293,86,3.0,865590727
187255,202697,3.5,1559251238
199882,1544,4.0,1662425320
135604,4973,5.0,1611567730
73840,480,3.5,1297165157
110197,7263,3.5,1116627000
151391,7451,0.5,1456603296
19818,2329,3.5,1170456399
71542,1194,4.0,962335819
148709,45186,4.0,1174620503
194555,7,3.0,857993697
119247,185957,0.5,1648461594
161851,594,4.0,1008250762
154976,164909,4.0,1675585055
142215,1197,2.5,1091583572
173821,2539,4.0,1286169678
90855,4963,3.0,1338049324
5088,2340,4.0,959971471
170689,524,5.0,846670732
154868,167544,4.5,1537645369
25799,36,4.0,1199441523
105348,1721,3.0,1588814248
93612,2395,3.5,1470614983
25617,293,3.5,1431185387
194467,27706,3.0,1564115441
177444,96281,3.5,1671754281
53137,64034,5.0,1437333873
46596,3456,4.5,1069828823
143651,143365,4.0,1548430901
129802,143859,2.5,1632797071
96122,1797,4.0,925801500
122186,11,3.0,843954403
188428,65642,4.0,1688803511
157140,597,3.0,841437375
86751,91978,2.5,1489951437
110645,5989,4.5,1072975526
127699,248,4.0,842622585
89198,53024,3.0,1233078112
2781,27773,3.5,1518658706
68413,64614,2.5,1566948692
188012,1608,3.0,1420186370
80720,2094,2.0,1365253250
81002,70286,1.0,1530546955
131703,130636,2.0,1578008864
96037,88140,4.0,1535124217
148505,8784,5.0,1155237627
189161,190551,4.5,1574611807
197720,3052,5.0,1044748538
176108,2692,4.5,1077394049
133492,204698,2.5,1580223961
178776,5989,3.5,1304034141
124070,410,4.0,837703297
54528,3489,3.0,1373593187
111363,66,3.0,851115810
88922,2871,3.0,946785563
185554,47122,5.0,1456734070
175196,1619,3.0,999894092
138086,242,2.0,840261684
156364,1036,5.0,1269814240
150185,2291,4.0,962909109
185391,2096,2.5,1352862485
15566,1228,4.5,1447959579
113448,1377,3.5,1325883893
3339,41997,4.0,1540312144
65014,266,1.0,849102867
35736,114246,3.5,1423770181
75498,539,3.0,1231561013
44680,3147,4.5,1588456686
88262,2453,3.0,1111819832
111454,7049,4.0,1143144042
93588,98587,5.0,1510100556
113392,45183,4.0,1600119838
130034,903,3.0,978981113
158676,1084,3.5,1170511171
73241,6378,2.5,1392582304
26127,103341,5.0,1544671142
155512,4979,5.0,1364186287
150648,94864,3.5,1437543996
161149,112852,1.5,1674691500
26835,104841,4.5,1384210331
78205,2407,4.0,1141352331
150729,1580,4.0,1001977382
13734,86644,0.5,1563127719
82351,1024,3.0,841511445
39977,457,4.5,1157417107
116663,293,4.0,1694426201
94005,59369,3.5,1439843597
184971,2321,4.0,910525330
108021,54259,5.0,1416929234
173191,132922,4.0,1465683548
200611,45722,4.5,1239838193
164888,75,1.0,975907359
11920,1190,3.0,1042773615
134947,5991,2.0,1281148090
80531,161,5.0,1375167174
168516,127134,3.5,1669930676
30320,593,4.0,940168759
1472,2076,4.0,949233153
113325,2718,2.0,1035056297
26623,280218,3.5,1672804743
27473,508,4.0,973124039
32963,750,3.5,1616412032
115558,481,4.0,836741132
82820,80969,3.5,1644592298
180305,608,3.5,1641076669
131750,76251,1.0,1687732436
4227,177,4.0,845889387
175876,356,3.0,1582429594
118474,1307,4.0,1165662800
139798,2297,3.0,1241197561
104029,1305,2.0,1584719397
132253,2861,2.0,946070943
85224,1049,3.5,1129086912
113251,3498,4.5,1224830750
102294,6310,3.0,1641946780
22048,1288,5.0,1611008319
151763,1212,4.0,989536769
59827,172,4.0,831431049
13447,1393,4.0,1137380597
37214,56339,5.0,1314329724
90788,442,4.0,835051471
181782,593,4.0,1446998421
164459,1370,3.5,1209246017
119139,2,4.0,965454402
25536,1690,3.0,964800027
120495,150,5.0,846434792
118919,1810,5.0,952843475
190814,3298,3.0,972853326
167399,420,2.0,1058803717
84540,2683,3.0,1105733731
41305,195159,4.5,1599200643
82015,5952,2.5,1118183045
124781,3147,3.0,1689189478
95028,1357,5.0,866210221
17772,2706,1.0,962867279
437,7254,4.0,1161017995
87587,945,4.0,984190167
73616,4878,4.0,1004906303
85031,79242,2.5,1403255264
11745,57528,3.0,1206534499
118774,111,4.5,1511636137
31615,2762,3.0,1532213458
30680,1299,5.0,953949637
155822,349,4.0,971709576
152994,16,4.0,1680630573
31686,2953,3.0,1226592590
181228,76093,4.0,1648209963
128374,2671,4.0,931955320
140794,539,4.0,1107107033
104934,261,5.0,839831090
50911,94959,3.5,1625558671
18436,4246,3.5,1388751445
19615,51662,5.0,1187848210
21997,10,3.5,1234629982
179367,4673,3.5,1176564915
177267,5833,3.0,1578091658
115236,8529,4.5,1225299478
58222,95,2.5,1430726217
162482,72998,4.0,1385677575
127200,198,4.0,938661678
8910,6787,3.0,1114736216
96305,6365,3.0,1294244689
185236,4020,5.0,1095038721
4823,1005,1.0,902432907
169324,65601,2.0,1304740584
136390,364,4.0,1528815614
58527,1991,3.0,1194650972
174575,1036,4.0,1216524796
88242,1391,3.0,984172354
29738,3916,5.0,981432457
78330,1244,2.5,1430157400
138063,6539,4.0,1227812144
128494,3302,4.0,1529801363
77967,1073,4.0,1091231869
3367,194951,2.0,1546192499
182546,307,5.0,833554538
69648,176371,4.0,1651709948
13782,2160,4.0,1282513529
71112,40629,3.5,1384913862
162888,5952,5.0,1119368012
18,2161,4.0,1251921123
132903,52722,4.0,1466140807
12961,2700,1.0,955839562
69068,71668,2.5,1277142971
150924,77837,4.0,1447607263
62102,3081,2.5,1465103536
178476,7143,3.0,1487443571
175820,5418,4.0,1483371213
118578,3147,4.5,1091652351
154000,1297,3.0,957029472
171491,2003,2.5,1579229595
48808,1208,5.0,942290291
1945,720,4.5,1260078021
178411,261,1.5,1275408744
7619,832,3.5,1106345873
192781,156,3.0,945639714
16186,370,3.0,850379081
23137,5989,2.5,1517535481
53413,104,2.0,1470594543
104844,7323,4.0,1098814100
109825,5388,4.0,1145156037
173222,95510,3.5,1463958935
64787,135569,5.0,1533255483
86167,550,3.0,1076239210
148573,3967,3.0,1204410762
112111,43936,4.0,1226893296
163970,1246,4.5,1166309501
141179,45447,3.0,1474190137
196168,45499,3.5,1158490778
26123,64969,3.0,1671680261
84943,635,3.0,956396005
7966,3054,1.0,1048546959
634,4993,5.0,1023765576
76832,38038,3.0,1494720322
30989,98809,4.5,1515162219
159271,4954,4.0,1057519136
82608,592,3.0,836950309
196071,2291,4.0,961595465
129904,288,1.0,836977626
26829,7139,4.0,1090907840
109952,296,5.0,902846518
155553,2506,2.0,942240353
47872,7355,0.5,1099358574
8172,356,3.0,834045709
182962,80463,4.0,1635065176
18179,89305,4.0,1395875524
196170,58,5.0,902939388
197091,592,0.5,1111500341
74112,4246,4.0,1112944819
43912,2028,5.0,992720685
54767,3033,2.5,1109941859
62389,3783,4.5,1112739711
21901,4993,3.0,1568554097
84545,2232,3.5,1598712909
50259,100714,3.5,1416695488
86141,1206,4.0,1545508696
49382,32,3.5,1092613430
29674,1974,3.0,1051809374
169270,69524,4.0,1439478515
53915,1278,4.0,1442750342
195927,143355,4.0,1533314371
6990,99114,4.0,1640146806
13851,96606,5.0,1616444968
3033,33615,4.0,1217096671
14674,3185,2.0,1649124952
100155,112556,1.0,1510912314
12567,74228,5.0,1615455522
47397,39,3.0,975137282
59507,111362,4.0,1453847077
200164,32591,4.0,1125786550
150536,30749,3.0,1446676095
145665,51662,3.0,1297007227
74816,253,3.0,1077598076
61256,342,5.0,835643658
48349,71535,4.0,1696535467
20282,288,3.0,839943549
51946,500,4.0,847877773
128720,3638,3.0,974735073
184613,1704,3.5,1422651617
153418,164,4.0,947968195
194897,1892,4.5,1080850400
105125,4734,3.0,1480107290
106542,34405,3.5,1198208933
132180,5772,2.0,1578655171
99609,1348,1.0,981436647
131902,2021,2.0,940702019
23366,6893,4.0,1077085446
18750,2081,4.0,927585685
106829,3980,4.0,1111559982
16060,383,2.0,1008899053
23903,292,3.0,831783986
137886,1247,4.0,879420676
56731,7147,3.5,1235117079
125566,116138,4.5,1446207157
74791,2940,4.0,940060672
153627,187593,3.5,1536071364
127915,3076,3.5,1268771835
56460,44004,0.5,1591331927
14211,5989,5.0,1465787943
166282,73023,3.0,1336003846
88273,6070,3.0,1245630581
125603,2513,3.5,1620175001
104771,3101,3.5,1367121723
25346,64716,1.5,1566017447
54683,1282,3.0,955207607
103024,1587,2.0,1043549512
87691,356,1.0,1353891039
28856,6281,3.5,1524839724
24285,2856,1.0,975432859
53118,3418,2.0,969235814
198468,52328,3.5,1631434305
87624,648,1.0,1295216526
54766,2243,4.0,915825191
173966,241112,2.5,1659393685
46486,113275,5.0,1439944976
139987,1247,3.0,1486868129
16397,33166,5.0,1192480882
44467,85414,3.0,1438932390
116172,8645,3.5,1549592145
38784,116823,3.5,1541298702
140823,2469,4.0,1030373197
89411,122916,4.5,1569537014
125811,3000,4.0,1437179646
176606,319,4.0,1068467140
3393,79702,3.0,1559526223
166403,3301,3.0,952640514
103925,5745,4.0,1034128496
65677,2381,1.0,1558372674
91789,1211,5.0,981413128
180936,5299,5.0,1685031117
83910,77455,3.0,1298716805
145861,69784,2.5,1252080506
43098,122926,4.0,1605501675
146424,1092,3.0,878326033
70811,1609,3.5,1296112141
29094,137863,4.5,1465557222
95651,2166,1.0,907687884
158869,1732,3.0,1584057439
48484,2273,3.5,1075331276
191097,4068,2.5,1078552299
132183,5507,1.5,1524862932
141113,2530,4.0,950810640
167709,46578,5.0,1626142436
107377,2841,4.0,974852054
74856,136020,3.5,1460419683
85940,5282,4.0,1043873902
7029,6743,3.0,1063626320
40375,186,3.0,891435662
58527,47830,3.0,1194398294
131590,91542,2.5,1370227777
17159,4011,5.0,1587924397
98747,25,4.0,839235527
12755,8368,4.0,1504400795
60570,1784,4.0,1079142948
180278,364,4.5,1578145594
197043,34150,3.5,1221054548
33574,2028,1.5,1496034799
157225,344,5.0,1150140139
50550,8972,3.0,1545344245
79619,1394,4.0,974770371
108905,5816,4.0,1573054796
4384,130496,0.5,1512499992
47080,110,4.0,1111484170
155858,1388,0.5,1408616408
118439,1356,5.0,850720188
66574,89745,5.0,1353728910
119744,5349,4.0,1106069043
115861,2502,4.0,1142463060
12976,2194,3.5,1145584641
137037,2699,2.0,939067079
48470,4010,3.0,1514851225
150439,207405,4.0,1642995202
124359,590,3.0,835755436
176804,32369,4.5,1610909933
29802,1252,4.0,1320518007
139019,754,3.0,834419313
175325,4237,3.5,1450163629
55789,150,3.0,836127116
72686,1833,4.0,945645716
147024,7147,4.0,1202246773
107719,915,3.0,973227822
112905,355,0.5,1264143361
189505,2406,2.0,938964449
41157,799,3.0,1167516652
84201,74458,5.0,1459093064
159784,1732,4.0,1509396453
78026,2976,0.5,1589127477
193764,5669,5.0,1177688925
195478,7153,4.5,1174352194
38886,2028,5.0,1448148567
155616,380,5.0,844692290
39273,2918,4.0,944349615
163750,1276,5.0,1032566353
188303,7173,3.5,1235263233
23129,37384,3.0,1611474413
47013,524,4.5,1224181416
59018,5010,4.0,1095532234
121152,1093,2.5,1138297824
72501,1527,5.0,1177103337
112120,1186,4.0,1048892802
103013,57964,3.5,1682371971
134053,5989,4.0,1560373512
22680,59315,5.0,1528210341
134108,58559,4.0,1616058000
9129,1304,3.5,1285228448
118484,2000,4.0,940247986
17268,81845,2.0,1536516527
163893,1682,4.0,1577311888
133126,74553,3.0,1336244952
158238,1302,3.5,1568990070
17603,158238,4.0,1526843358
189959,35836,2.5,1320015318
96970,86408,3.5,1542444464
98467,2312,3.5,1510489773
21769,40732,3.5,1302855972
109684,99114,3.5,1572363861
153161,5872,2.5,1543187792
155347,162606,4.5,1695402531
35192,190555,4.5,1598744299
87485,3726,3.0,1367927248
152682,27706,3.0,1288397896
28680,5146,4.0,1044651937
84942,7153,4.5,1279320806
82367,166532,3.5,1485294003
45805,589,4.5,1284796030
63018,106489,4.0,1587816027
95202,4452,4.0,1000169565
51224,5380,3.5,1057798204
46552,852,3.0,953912339
196311,924,5.0,1403469402
123022,1544,3.5,1160053673
103948,1225,5.0,1053913884
58597,3177,3.0,992391822
194650,1270,4.5,1128722892
69066,7444,4.5,1447122647
74316,546,3.0,944942838
37400,7153,3.5,1671254906
45926,122892,1.5,1442145916
127021,58559,2.5,1504192458
8484,1378,4.0,974823139
144933,39183,3.0,1487538551
132900,1132,5.0,940943832
10567,189333,2.5,1581145301
193897,2716,4.0,1108706681
194017,192389,5.0,1675052209
96930,55768,2.5,1470697145
149419,6873,2.5,1092097898
31294,1200,5.0,1042343386
19234,3571,2.5,1076983919
83110,2145,4.0,993617774
21474,6016,5.0,1448789264
123099,92259,4.5,1437766644
114625,3745,3.0,1318896099
91097,114847,2.0,1416017029
179866,1097,4.0,968877534
100677,798,2.0,886954964
79151,891,1.0,961342537
199811,7334,4.5,1560984009
25261,253,3.0,847107884
190321,299,2.0,834011815
51758,1370,4.0,942801937
71293,434,5.0,1034922854
128330,3988,1.5,1231952156
175563,4447,5.0,1549771118
93145,1246,3.5,1111217571
7475,5816,4.5,1690917345
45795,122922,4.5,1654632021
190425,170355,4.5,1596988267
128933,8984,4.0,1460869057
13193,164981,3.5,1487290111
22276,280,4.0,842180860
1929,7254,4.5,1172521675
96737,5952,4.5,1486580348
71783,6378,4.0,1229482478
289,2009,5.0,969650589
117040,225758,4.0,1631141623
123465,4437,3.0,1291065590
41060,2405,4.0,939090486
181323,5952,5.0,1122587987
58559,1307,3.0,1693703288
94069,1210,4.0,1185601830
168198,89401,1.0,1689135483
21697,4873,3.5,1408373237
83499,28,4.0,941647151
110039,5479,2.0,1085989049
92129,3705,1.0,959749141
6621,2089,2.0,1521915078
73206,103253,4.0,1640702177
176232,2194,1.5,1135066564
78024,5574,2.0,1153234388
67298,49530,4.5,1181700658
152045,26991,4.0,1642958592
42981,1028,5.0,1277221459
148851,60,5.0,838310848
65608,1608,3.0,1185625225
16754,87520,1.5,1600689167
155994,69306,3.0,1576739104
13946,89427,2.0,1467173249
22444,175197,3.0,1502097025
194668,1676,4.0,1535831169
166889,115231,3.5,1497024351
3331,457,5.0,825638400
114618,95875,4.0,1484723823
175727,194448,4.0,1685813295
62002,250764,3.0,1646509410
185637,2072,5.0,1525759264
157582,1374,3.5,1340853352
3114,8529,5.0,1563751634
141581,2076,4.0,986682180
95980,4625,2.0,1046218681
81493,2716,5.0,974709211
98459,2987,5.0,1263883135
70257,3937,4.5,1089210829
158616,63082,2.0,1234750596
122345,281,5.0,947907355
107792,1225,4.5,1250948611
95494,139385,3.0,1511562964
65925,197175,2.5,1694343615
20866,6373,3.0,1432045519
46593,8644,3.5,1600377547
146424,1210,4.0,878319690
109197,62344,4.0,1597264301
47615,103606,3.0,1651752707
45262,61240,3.5,1448841883
45945,1704,5.0,1611184868
26486,86,3.0,941744923
131613,73808,4.0,1438079713
115226,49272,4.5,1614070535
46825,1198,3.5,1199238234
96566,595,3.0,1157931037
3345,5444,0.5,1203736526
163773,5952,4.5,1377830019
166065,1027,5.0,944960329
1850,31,5.0,839321246
18627,2641,2.0,995945289
135234,6942,3.5,1181602820
127665,68954,3.0,1584957068
133687,262,3.0,938984950
81521,3254,1.0,950744173
123058,97913,3.5,1473200864
37836,2502,4.0,993794009
168298,208,3.0,852405517
59050,59832,4.0,1611668928
51949,836,3.0,846472731
152511,527,5.0,1168029000
171519,3444,4.0,1641918333
106123,300,5.0,828219403
112908,2762,5.0,1330195292
55705,10,5.0,1451278905
82050,169756,5.0,1652839548
99343,10,3.5,1076233165
88189,497,4.0,878673711
35628,1373,3.0,978420917
23509,1030,3.5,1209793275
38977,78637,2.5,1594391673
170481,112556,2.5,1620081632
71653,2915,5.0,1332467599
86167,293,4.0,1175649395
45565,527,5.0,986083956
109794,104841,3.0,1465929408
25009,3617,1.0,959948468
154002,175937,3.0,1560590477
149132,1961,4.5,1113601378
56829,27815,4.5,1153113872
160413,93510,4.5,1548843352
44727,2360,5.0,947903755
64527,51662,3.0,1181557818
75768,109487,4.0,1477872098
50660,1089,0.5,1486767164
189698,223,3.0,955113500
194626,78893,0.5,1437796112
143094,588,4.0,1203728887
42979,33880,4.0,1228072806
69949,1954,4.5,1483586483
9488,1036,4.0,942531847
188578,1036,5.0,994106575
187985,46530,2.5,1368573006
93315,80831,3.5,1422593229
3972,3861,4.0,1509049910
90930,1089,4.5,1567315011
40391,7263,4.5,1113524365
190482,78637,3.0,1503848707
99574,86835,3.0,1501625719
169306,52722,2.0,1402793263
58173,553,5.0,845165924
91967,6104,4.0,1145600841
139036,2828,3.0,999731263
63073,350,3.0,1119258413
41009,4007,4.0,1160368100
46059,13,5.0,1388723253
186085,30812,4.5,1438890880
122224,93840,3.0,1461977456
50745,364,1.0,938784103
182204,4979,4.0,1406809144
106969,231,3.5,1105379825
182480,34048,3.5,1226692872
110180,2502,3.5,1338101815
196874,265,5.0,956591540
191939,442,3.0,834768345
182581,3060,1.0,1372894056
74319,90374,3.5,1611434460
121409,8372,5.0,1503171128
54750,1591,2.5,1172194913
123694,1370,4.0,1187061099
130434,1210,4.0,1103998480
139798,1625,5.0,1241198147
27064,8961,5.0,1176150987
180647,6818,4.5,1669528948
156519,337,4.0,833376711
193089,132480,4.5,1492650673
190235,22,3.0,1588862365
95676,2165,3.0,938908182
45784,82744,3.0,1301771009
157091,798,3.0,1605824130
104130,45517,4.0,1541083734
170783,1648,4.0,1049906744
141536,928,2.0,997565521
61865,3476,3.0,965263674
104238,688,3.0,837617550
173991,2709,2.0,1131810212
32607,368,4.0,1455283017
38973,62,3.0,835970674
70566,7438,5.0,1435805200
105853,353,2.5,1352732794
200343,364,3.5,1342901172
135826,4993,3.5,1675466671
108484,3994,3.5,1683346342
11118,736,3.5,1397880917
134431,2953,3.5,1514385183
2250,4558,1.0,1616542321
192884,1465,4.0,972511061
142151,4027,3.5,1125719425
67329,1438,2.0,1272222926
194341,3081,2.5,1644355042
136013,2694,3.0,1008599322
21906,81845,5.0,1612857311
29681,4643,3.5,1226346337
180622,648,4.0,1488602582
38793,440,3.5,1110088593
189419,1303,4.0,861383415
167646,1907,2.0,1465834454
45393,661,4.0,975136159
144943,4447,4.0,1642622219
5080,86880,3.0,1572658333
50115,2916,3.5,1192473136
170929,190,4.0,945271573
79216,527,5.0,929715444
26770,66097,4.5,1241634412
164663,3,5.0,855413530
43468,590,4.0,940160929
34511,6212,3.5,1621918209
183879,296,5.0,979173598
135826,79293,3.5,1675466681
35326,2762,4.0,1041746476
126619,1221,2.0,944901645
25911,30820,3.0,1186171529
90894,4226,4.5,1577391587
134196,96655,4.0,1503264398
140634,2145,4.5,1373325531
190968,69,3.0,846627779
200786,109374,3.5,1498691257
75078,88163,5.0,1485403618
170517,231291,5.0,1617033322
39180,60074,3.0,1259447693
116492,736,3.5,1086783199
183219,3082,4.5,1318801643
150500,96829,5.0,1539854077
187947,5995,4.0,1656114240
88624,32587,2.0,1475860268
154715,79592,4.5,1561046376
78611,115713,5.0,1480703793
99191,1198,5.0,982615855
46146,47,4.0,1690160795
12802,71462,4.0,1296740270
15098,46723,5.0,1595391084
84392,32,4.5,1246639472
165862,7036,1.5,1106256116
137019,1185,4.5,1599667206
49817,4085,4.5,1173658547
32513,800,4.0,1159784621
51561,3114,3.5,1636871670
196219,4370,4.5,1066187520
200158,4308,3.0,1321138537
49783,4306,4.0,1007601677
65304,3793,4.5,1599515057
170897,68941,3.0,1611278521
156489,473,2.0,941295819
128169,3082,4.0,1172590384
79036,110,3.0,1442824258
128299,839,3.0,978421263
123829,551,4.0,1237995715
2268,127146,3.0,1498974798
164065,1285,4.0,956013843
14447,6218,3.5,1454613262
109302,94939,3.5,1339541316
61499,923,5.0,960055877
187828,1673,4.0,1617656052
124085,2641,3.5,1107283722
41463,2076,1.0,1226209223
196261,204698,4.5,1613713949
135813,127108,3.5,1481220974
197727,1080,4.0,964445666
198040,97304,3.0,1466257743
83940,308,3.0,953079586
88657,4022,4.5,1361247517
67867,34162,4.0,1456122512
9680,1212,5.0,1031342729
63204,648,3.0,1548598052
54678,3793,3.0,1450648073
53271,45501,2.0,1495454547
13492,170729,4.5,1498000423
151677,84944,4.0,1429869443
70711,3066,3.0,975563490
104821,7104,3.0,1076080777
112282,415,3.0,847892611
70246,5812,4.0,1038594389
86428,1047,3.0,975340242
108029,94558,3.5,1696113342
90991,8810,3.5,1589934700
97155,5991,3.0,1046220770
146780,5952,1.0,1456425830
67135,59501,1.5,1461493266
44856,81562,3.5,1307971253
125385,1270,3.0,1580273035
71928,3629,3.0,1291756671
112127,2571,5.0,1491974194
109361,44191,4.5,1183493847
75062,5803,1.0,1254333151
52255,924,3.5,1084799455
35375,1209,5.0,1562255611
143501,263405,4.0,1644716738
74789,43396,4.0,1197082991
48512,1617,4.5,1305329459
108595,1372,3.0,1098221513
96033,51086,4.0,1205177913
126732,783,2.0,862748814
56505,122922,3.5,1548670271
54651,1580,4.5,1595084811
172961,86347,3.5,1599095554
156632,31685,4.0,1553113498
164188,80463,1.5,1607561420
68722,6879,4.0,1282061235
44117,6711,3.0,1498856280
114545,1222,5.0,1507568091
134344,1955,1.5,1474855430
115690,109374,5.0,1539293304
1551,71147,4.0,1694893333
178997,145,4.0,1128126235
136482,150,5.0,845187912
141492,1270,3.0,863969695
128319,301,3.0,833210415
107424,1674,4.0,1455459180
92337,59315,4.5,1486832291
8484,2764,1.0,974825855
41597,2140,3.5,1333046921
141156,104841,3.0,1393844533
60919,231,1.0,1112587188
74960,1552,1.0,977936000
192341,6711,4.5,1489899143
137579,52042,4.0,1217874580
89494,3882,3.0,1026623356
200843,69640,5.0,1504008732
139292,32031,3.0,1120631848
84855,515,4.0,850813285
158883,5008,4.0,1215982822
81298,6998,3.5,1112388070
113348,1212,5.0,949862220
108157,288,4.0,1120532608
128678,168252,4.0,1583286031
118930,30810,4.0,1185800613
119047,50872,0.5,1546043229
164088,6662,4.0,1129571182
163926,8961,5.0,1122669171
110370,4047,2.0,1066761364
114407,32853,2.5,1288015374
20994,362,3.0,1014783883
96183,4612,4.0,1110126887
193023,527,4.0,1015877194
82965,10,3.0,1091044393
24637,45499,3.0,1662857932
10844,69498,3.0,1557749499
9783,315,3.0,834342515
169980,81784,4.0,1661485307
127204,4874,1.0,1074655330
52020,2716,4.5,1075650926
189700,3247,4.0,1549337974
88574,1097,3.5,1665910652
105675,2819,4.0,949817357
47557,3307,3.5,1546570361
46776,2405,4.0,1091926544
75907,2321,4.0,965965376
144602,141,5.0,1695072300
183279,1321,0.5,1118950118
105126,3461,5.0,1334691964
146638,950,4.0,956510629
144664,105653,3.0,1609629078
120487,112852,4.0,1607125092
33544,2006,2.5,1424376604
104663,91529,4.0,1344391007
80115,4305,3.0,1009859226
94122,72998,4.0,1264460824
129521,8874,4.0,1343747015
131675,3499,5.0,1621378238
126290,296,5.0,1677683768
82015,5444,1.5,1118182107
15308,288,5.0,847284849
1713,3798,2.5,1596635147
135554,2085,5.0,1023412291
10104,7035,2.5,1152382714
81641,2167,3.5,1473793615
15510,54259,5.0,1421700252
107167,1089,4.0,966453384
98032,1061,1.0,1127950695
37677,111924,2.0,1555940601
104296,52722,3.0,1610141594
85553,4008,3.0,977110554
94446,7009,5.0,1070228899
2184,1252,5.0,1040265980
64555,76251,3.0,1624546824
151652,4235,3.5,1393630837
192884,2005,2.0,972508216
108223,135536,3.5,1487274137
92679,227258,3.0,1609555461
75875,54286,5.0,1379698509
44975,1208,4.0,979170425
54466,328,4.0,832684659
170109,55908,0.5,1299128174
56345,56775,4.5,1578271559
109302,4721,3.0,1111518551
20370,4823,1.0,1010716555
142067,344,3.0,1014315682
192211,30820,3.0,1523300057
101032,34150,3.5,1121487660
79173,2803,4.5,1084807254
27376,919,5.0,1036978567
156900,2067,3.0,1172542252
83784,2716,4.0,997902269
40317,1680,3.0,976433761
146533,1946,5.0,966693655
70777,47,4.0,1077543714
10090,47423,4.0,1687566576
379,3481,4.5,1081284151
24508,1210,4.5,1264154505
48933,2879,3.0,993204549
148142,128360,4.0,1574276292
174968,720,5.0,1419451035
189321,1387,3.0,854006864
23386,34162,0.5,1262278742
147294,208,4.0,842623502
119986,7438,3.0,1448663232
28559,3107,2.0,974779167
23084,76077,2.5,1594021678
55653,2065,4.0,997117477
143285,457,3.0,953451327
111052,41566,4.0,1483286780
101566,4720,4.0,1359396068
138142,4973,4.0,1274533595
184832,858,4.5,1199149042
15079,2160,1.0,945101974
175116,102125,3.5,1425532575
59949,4188,3.5,1114545824
106102,5420,3.0,1146550571
142359,105,1.0,1106030574
59825,2706,4.0,1565882382
174171,1,3.0,1306725287
15275,1610,4.0,1551317935
97608,533,3.0,836487511
32711,3734,4.0,1041712164
172278,1196,4.5,1303166207
55617,8906,3.5,1416536691
109561,89492,4.0,1446940782
183807,780,3.0,849908839
12922,1104,5.0,1076209381
65346,2729,4.5,1200241785
175325,140649,3.0,1566672295
82151,115149,2.5,1651219991
37526,27664,2.0,1174295720
81049,3174,5.0,1040429291
108563,4321,5.0,1010938219
20315,474,4.0,844287295
174965,2683,3.5,1176635739
199441,139385,5.0,1587956398
117139,1407,2.5,1072054462
128708,1682,2.5,1513916948
62863,2399,4.0,1094084383
134216,7438,3.5,1208605011
155702,2207,4.0,952648312
44059,5952,4.0,1176065506
146985,71535,0.5,1596388710
91178,3529,3.0,1268938791
145145,2194,3.0,1010152687
192994,2798,3.0,1072600737
84844,1246,3.5,1479784061
179575,3623,4.0,1532728505
47773,296,5.0,915384201
27708,172,3.0,1607746917
170805,80551,3.0,1438452559
108938,2363,2.0,943975547
200174,52458,4.0,1614986728
63296,105,3.0,834575325
190893,166295,5.0,1502654708
20336,2134,3.0,943452743
17951,96821,4.0,1535627496
155980,593,5.0,835790221
110087,47,3.5,1551271574
116739,155659,4.0,1531686265
46668,5653,4.0,1330137292
100844,4015,3.0,1029169467
186672,132660,3.5,1461619926
135321,648,3.0,849950503
66274,1947,5.0,973530180
20905,4769,5.0,1014021042
75607,168326,3.5,1617686294
132379,8,3.0,943646092
43551,318,4.5,1568362119
722,8917,2.0,1116451935
190819,4886,4.0,1500147862
141096,6365,4.0,1268750847
71236,29,5.0,1245683825
55803,3525,4.0,961868373
49095,202433,5.0,1595739571
28263,91658,4.0,1442051342
2769,364,3.5,1683236016
129649,3535,3.0,1099521316
103831,223,2.0,836937328
5094,45447,4.0,1521759476
152260,1042,3.5,1214746775
53389,318,4.0,1446577005
88418,364,5.0,1537141649
59580,4339,3.0,1026618721
48443,2485,4.0,992905312
157167,2816,1.5,1539324349
73485,2328,2.5,1602509126
96443,1408,4.0,1237671162
24972,2736,4.0,1113802806
177849,4018,3.0,1417414534
12795,29,4.0,886008306
141963,96121,3.5,1359924920
173806,6,3.5,1508172577
39741,80219,3.5,1571064340
129873,318,4.5,1468266428
124887,277,5.0,839229252
36542,68157,4.5,1486704126
123146,5519,3.5,1061242666
159246,1387,5.0,959781890
76588,1291,3.0,1423518100
136928,370,4.0,842710912
121959,750,4.5,1125757049
74036,92420,5.0,1571354674
118839,2918,4.0,1542039981
37053,593,5.0,1051551945
18205,40278,4.0,1258037992
10695,1259,5.0,1021394390
170189,2375,3.0,938598813
107392,66097,3.5,1354022238
54512,222,3.0,832508864
91494,111921,4.5,1527362521
48836,2791,4.0,1202680066
5981,344,2.0,845540895
174775,4006,3.0,975654622
200352,97306,3.5,1364546196
54320,3050,3.5,1182436430
141689,68358,4.5,1264947203
151221,1130,5.0,963332860
13891,1258,5.0,1040061015
112108,32587,5.0,1515008680
142116,968,4.0,1022058455
108437,586,3.0,1126507551
91250,47,4.0,949550572
26550,32,3.5,1557785858
200736,7438,5.0,1313711269
173527,6942,3.0,1666036914
147903,101864,4.5,1382319275
29304,3752,4.0,1632094690
175765,8923,4.0,1133969954
42632,2868,2.5,1066952876
133167,39,5.0,965522880
4800,3499,4.0,973829434
63260,6711,5.0,1135891661
177108,3618,1.0,961693329
13745,4361,5.0,990981809
154384,502,3.0,1057984581
120109,5418,4.0,1695225599
154914,2919,4.0,974235966
65366,7373,4.0,1456416990
52210,99114,3.0,1414910057
162731,85438,5.0,1441599851
112206,5782,2.0,1603103222
148350,143859,3.0,1455228757
124739,55442,4.0,1446924703
110613,4027,4.0,1274656602
27730,880,3.0,1206538170
23285,253,3.5,1607445798
123594,1043,2.0,852131644
172194,8139,4.0,1187156285
150629,104337,3.5,1568917606
32306,3052,2.0,1014151115
87641,51255,5.0,1623334747
111674,98809,5.0,1508391315
54945,2871,3.5,1094959263
125993,96214,3.5,1442786091
50798,648,4.5,1512289958
66291,171,3.0,973546531
3114,159817,5.0,1563752735
23303,4086,3.0,986861767
53467,3681,3.5,1553408064
88039,4144,4.0,1463875816
62770,300,3.0,840874308
87007,69552,5.0,1558738151
97616,2529,3.5,1303333413
27379,56367,4.0,1634165480
99793,2431,4.0,1394304845
33355,3751,3.0,1047067466
130103,2012,3.0,957719635
160236,541,5.0,1254018349
119160,1961,5.0,1257330297
57262,8644,3.0,1506308685
60638,50,4.5,1170651385
31326,59315,0.5,1459340146
138278,596,4.0,869006657
135,110,1.5,1369668213
7316,3203,3.0,975876335
155943,5220,3.5,1055173825
73914,1552,4.0,1148936709
98408,51540,3.0,1485932674
94828,48982,3.5,1172639814
141552,79132,4.0,1638498192
177097,184061,4.0,1678642187
37316,805,3.5,1182189045
171029,165551,4.0,1668224822
184640,189759,2.0,1608671150
98704,5418,4.5,1594835552
164719,590,4.0,1226614108
160532,2528,3.0,1005863452
53998,45666,0.5,1591747017
47880,6870,4.0,1504721781
81021,112171,5.0,1681432300
179080,32031,2.5,1610058361
187790,1614,3.0,888311817
10004,62,4.0,1440272070
2427,1343,3.0,952847563
29627,1372,4.0,1084834313
166116,4993,4.5,1202481326
199313,908,4.0,945039447
121191,1466,3.0,903084955
192052,4432,4.0,993438647
132893,4011,4.5,1154856363
142519,6564,3.5,1538850796
153188,3114,4.5,1074258487
96166,942,4.0,902413037
186078,1233,5.0,1111626953
164575,142999,4.0,1477623971
15214,6297,4.5,1145003436
189992,136449,4.0,1633140016
45301,2353,4.0,924349976
5455,912,3.5,1515991976
16448,2692,3.5,1077119310
188956,206419,3.5,1594347620
11727,33794,2.5,1216501330
14337,648,3.0,861283658
176272,37857,5.0,1231044233
70811,2722,1.5,1296115777
68201,229,4.0,1059205311
144146,1682,3.0,1205344026
36263,90430,4.0,1454713718
30554,65682,3.0,1460968140
132423,215815,4.5,1587870116
37381,80489,4.0,1347226283
32302,69481,3.0,1295913290
185040,30707,3.5,1620619772
140162,8659,2.5,1117725974
111608,2702,3.0,957755119
149535,3301,5.0,1366728034
89307,114554,4.0,1507414665
116417,1580,4.0,1462775317
50653,7318,3.5,1265963839
137127,2285,5.0,1554421002
109229,928,4.0,1568611986
19113,5378,2.5,1545408962
115230,1097,4.0,977028220
124034,44,3.5,1251513964
139459,2717,4.0,1424624040
19910,2701,3.5,1651074876
167016,1431,4.0,854899380
194674,46865,4.0,1257126047
145979,2532,2.0,1246374736
142275,1172,0.5,1464161474
71055,4969,4.5,1054918092
59834,1673,4.0,1474995404
13952,224675,4.0,1682965966
6316,73321,3.0,1535241746
144962,799,3.0,852152567
6410,4022,2.0,1443623154
61925,356,5.0,833988472
137058,50,3.5,1470340669
7943,915,4.0,945134919
27373,6333,2.5,1225249826
133290,55820,5.0,1475703724
138869,6377,4.5,1548402873
171933,2080,3.0,1111686084
78785,1356,5.0,867197464
188995,733,3.0,842796077
152138,8529,5.0,1279816236
73918,6787,4.0,1082340134
115755,289727,4.0,1692323614
104147,2617,4.0,1111533550
89550,442,3.0,833510406
92837,5954,2.0,1568150462
178069,72380,3.5,1434730347
118617,6281,4.0,1634244656
151828,21,1.5,1097685759
122874,1201,4.0,1219666080
16543,2734,4.0,1145886001
198141,58803,3.0,1574562638
102494,31410,3.5,1158249072
29344,45447,1.5,1454500879
174181,149650,3.0,1451980070
161436,163134,3.5,1690616777
33460,737,0.5,1227616484
168536,356,5.0,1451088882
65995,102903,3.5,1629042766
192211,47,4.0,1523300051
16222,2671,3.5,1111741533
162607,588,5.0,839348214
154496,86833,2.0,1591806289
187869,919,4.0,1046902630
39327,3261,4.0,993300192
199953,74,2.0,1179842628
64446,1291,5.0,1312545392
95401,53996,2.0,1209030906
173463,1080,5.0,1095330496
93892,104,3.5,1099807241
184224,2353,4.0,915578665
165708,1183,5.0,940793362
180865,1189,5.0,946675701
2348,1833,3.0,1006497317
135246,1193,4.0,1516084983
112445,88140,4.0,1546089511
180867,919,5.0,1140503911
155567,377,3.0,842528363
35165,1387,2.0,1219031587
183161,648,3.0,965409180
41693,349,4.0,1007504102
2585,111759,4.0,1617559017
47315,227,2.0,840034203
125088,139385,5.0,1659006077
66775,84152,3.5,1604987818
29689,349,3.0,833488635
90114,1912,3.0,941757156
41613,785,2.5,1142428870
186641,1517,3.5,1345009458
94272,2107,3.5,1632601354
78407,29,4.0,1559694233
1556,858,1.5,1092538717
32274,2167,5.0,1159992887
34534,202803,4.0,1586145001
130262,474,4.0,975281838
167075,2541,5.0,966217670
184553,64034,3.5,1571402587
85184,332,2.5,1437771832
194873,61348,2.0,1238261135
120146,1616,1.0,984374085
178385,66665,3.0,1508012951
170769,95309,4.5,1500066559
26623,6539,3.5,1648427327
185080,78,1.0,865769822
145429,1569,3.0,984671163
4026,91622,1.5,1476661450
161510,64957,3.0,1439780608
103245,88140,4.0,1676018717
2712,7981,3.5,1438893730
15131,4018,3.0,1482520853
184676,2288,5.0,1354131420
6331,529,4.0,974749306
90920,1084,4.0,941638726
133975,7153,4.5,1691608839
12335,2321,4.0,1501462885
6075,3615,3.0,1047316627
22744,1090,2.0,1574944190
155745,7153,3.0,1437598190
74634,40815,3.0,1399328996
136673,2163,2.5,1107895770
153943,141397,4.5,1683943960
180517,157268,3.0,1507333336
127151,7361,3.5,1548548413
157363,2313,3.0,1097235217
196018,305,3.0,828917216
5471,3253,1.5,1153220965
24,2571,4.0,945353873
36841,2519,5.0,1476842521
144792,588,3.0,1562852996
72753,191367,2.0,1569585120
76412,25,4.0,880986570
11833,27839,4.5,1415522341
74241,2485,4.0,949967282
99571,3114,4.0,1448760903
5217,1279,3.5,1292692087
52566,1200,3.0,1435392717
156269,4306,5.0,1290983412
123036,3916,4.0,1111594569
51651,3082,4.0,1097645134
30944,2542,5.0,1183906371
77644,3418,3.5,1253770218
23783,65216,4.5,1580447286
118437,112852,4.0,1425701977
149845,3440,3.5,1306189409
178776,1721,4.0,1304043061
124558,190349,3.5,1618684069
166396,73321,4.0,1446451645
16825,4865,3.5,1547567059
27951,1266,3.0,1058212709
140327,1262,4.0,1210784937
164977,8861,4.5,1333633815
2862,8783,4.0,1121365767
78394,99989,2.5,1358775394
53497,166946,4.0,1629426295
61716,6874,4.0,1477529279
147892,349,4.0,885053597
169276,253,3.0,848453543
27118,3363,2.5,1181247888
164741,106072,2.0,1488572706
6585,128838,3.5,1682163291
153209,3793,4.0,1555373827
30039,1645,4.0,1449082742
11745,7981,4.0,1156891937
160503,1326,3.0,1582757555
158740,1265,3.5,1509389581
149419,8784,4.5,1093642617
44001,7036,1.5,1070275505
182751,4993,4.0,1444700858
78101,3176,3.5,1218785596
183628,225,3.0,832070300
25346,45517,1.0,1566017565
77550,1188,4.0,956603651
176253,344,3.0,840200481
96168,188307,2.5,1624974946
114664,41566,3.5,1435776439
90220,79132,4.0,1452390976
97782,7061,4.5,1229579120
21553,608,3.5,1393299672
22999,1266,4.0,1485089602
176904,2000,3.0,1048091259
39081,231291,4.0,1615088416
1735,17,4.5,1238729665
183017,2993,4.0,974760940
122415,45221,4.5,1587095213
153339,3479,3.0,1015808246
1718,260,4.5,1633309419
59484,96821,5.0,1656322866
52658,648,5.0,1442789311
29717,3948,2.0,1650319149
134068,6365,4.0,1694364008
47520,34,4.0,965328840
40614,1185,4.0,858009588
72063,55052,5.0,1417895069
46047,153,3.0,836488212
105685,2986,3.5,1456693890
56879,25923,5.0,1146127292
50418,434,2.0,1202051770
152368,48394,4.0,1499028836
28664,81845,3.5,1406185492
123027,95,2.0,860881397
132958,3160,5.0,1107160382
107555,3114,3.5,1068869457
94425,541,4.5,1448101557
133657,6807,5.0,1127593035
59855,1299,4.0,1070242124
43313,5264,2.5,1085441143
109302,5485,4.0,1111584717
2164,2459,4.0,1434917225
55410,109374,4.5,1446867897
31696,1028,3.0,1340572075
90423,7361,4.0,1252478670
179172,33615,4.5,1162770691
112407,1476,4.0,869324136
79017,4306,3.5,1165234422
157318,1101,2.5,1353604302
196669,1015,4.0,841219712
98144,1041,5.0,889886195
161437,55765,4.0,1447294863
82990,555,3.0,1148941028
87671,7454,3.0,1611941708
12698,205156,4.0,1606519185
9336,2012,3.0,940519095
114343,1304,5.0,863740169
20485,34162,2.5,1219321429
161,292,4.0,847286568
10202,1930,2.5,1176684596
96774,159163,1.5,1609600693
11672,1015,3.5,1258504459
51566,2581,4.0,1001210717
57544,7444,1.5,1592873678
110045,457,5.0,842079444
115363,4018,5.0,1026337989
151943,54272,4.5,1233869016
102921,78105,4.0,1498433894
111514,2268,4.0,938902731
1411,69122,3.0,1331795027
193418,7361,2.0,1194387406
168704,2028,5.0,978463104
80118,419,2.5,1447205903
171882,91529,4.0,1568875123
145178,2431,3.0,1624084809
66559,153,2.5,1168174852
54137,4978,5.0,1189780351
46507,2303,4.0,945904570
61556,1809,4.0,1534967478
200649,1079,4.0,927561298
11227,1196,4.0,1482444440
123824,110591,5.0,1463862937
114096,1198,5.0,974839611
161806,91630,4.0,1471699278
91524,4238,2.0,1006031232
189658,3814,4.0,1109369979
31063,1197,5.0,862608850
30565,161922,4.0,1629667405
114781,924,3.5,1278893982
48107,59126,3.5,1346208509
126394,3556,4.0,1031526037
124405,37830,2.0,1632944711
46499,3101,4.5,1116302406
144466,68237,4.5,1593540659
36299,1370,4.0,1132131646
11238,1682,4.0,1153236341
6575,546,0.5,1073459230
154989,6373,3.5,1060294271
153770,1220,5.0,1107461780
65723,610,1.0,844907582
3400,377,4.0,1689657748
198632,4610,2.0,997624255
164669,1968,4.0,1462394914
27449,71535,3.5,1502351732
149581,5504,3.0,1051941877
136299,1097,5.0,1002303866
84865,318,4.5,1120951649
170350,104,3.5,1111480724
65511,109487,4.5,1639381399
39076,8644,5.0,1511160640
117283,586,2.5,1111653342
127914,5673,4.5,1458322061
14674,5094,1.5,1648605227
122404,66934,3.5,1422617538
123377,736,5.0,862592234
49034,2683,3.5,1088789691
90602,2302,4.5,1225245692
142122,3510,4.0,993814209
29814,3682,4.0,974879111
69259,2353,4.0,1069429013
132075,3147,5.0,1336943656
123329,3386,3.0,998904011
143544,6373,3.0,1417195801
197383,349,3.0,845229037
83418,56174,4.0,1466659117
120510,783,4.0,868621262
6422,3793,2.0,1219649017
32945,80969,3.5,1355676545
961,1974,2.0,1200163447
177257,778,4.0,1009778001
23808,89118,5.0,1500334359
183511,112852,3.5,1674756083
69928,858,5.0,1447618441
164159,5958,3.0,1493160069
126119,54995,3.5,1228249439
148717,127116,3.0,1488957439
60643,139385,3.5,1461131222
108994,1500,4.0,1147581852
71554,7293,4.0,1111473826
90673,3052,4.5,1285541075
145291,81834,5.0,1527559456
69642,10,4.0,835345113
92366,733,4.0,942323382
112821,3361,4.0,954131065
43153,5618,5.0,1567396978
104361,7143,4.5,1477604679
26337,96610,2.5,1365022009
56660,117851,3.0,1437161232
164538,592,5.0,840096590
129810,81,4.0,852717263
7508,2701,3.0,974905921
161944,1283,5.0,1121246016
106770,8361,3.5,1446422653
85184,161616,2.0,1471820882
103067,64957,4.0,1472164423
119039,1333,4.0,1172459448
179652,33679,4.0,1462977358
168013,44665,4.5,1262541435
83000,5260,2.0,1030405511
170307,68269,5.0,1540510815
85005,51662,3.5,1190260293
151900,68194,4.5,1274706514
48507,1292,5.0,945545773
159690,1077,4.0,967492407
106908,3274,2.5,1156170599
16712,56782,4.0,1360954977
19657,410,4.0,835905852
171426,96588,4.5,1513758526
19873,4973,5.0,1070934052
136271,2706,2.0,974705752
74387,519,3.0,845220832
103059,64957,4.0,1697060590
23379,223,4.0,840453061
32428,362,5.0,1347229234
11813,2696,4.0,1364135878
19636,72405,4.0,1465933680
136799,2054,5.0,1340168415
38229,2683,2.0,1136500842
144358,87232,0.5,1535410901
111860,344,3.0,865321506
74749,4007,4.0,992319241
137556,48516,4.0,1258422392
81002,176371,4.0,1530358043
176907,1193,4.0,1226679803
156379,46335,1.5,1562858529
134162,1371,3.0,942756017
33911,7387,3.0,1184686059
59667,783,4.0,959175796
173381,60069,4.5,1574571547
181260,1247,4.5,1335915318
99875,1273,0.5,1269639265
167451,2959,4.0,1348031081
114175,2857,2.0,938790439
189790,60069,2.0,1547027665
11283,88129,4.0,1485022796
82530,107702,4.0,1634071677
192825,1253,5.0,1042832466
174319,112138,2.5,1429719037
189419,5,3.0,861372576
94609,1957,3.0,1280013412
34706,106100,4.0,1474766219
146719,30707,5.0,1225450697
91773,7153,5.0,1598055118
135553,4489,3.5,1632164785
15375,282083,2.0,1687359672
58087,50066,3.5,1417008667
150464,3897,3.5,1566442384
31194,1721,3.0,940420298
160116,165,3.0,848699299
22889,239,3.0,838121719
99588,79132,3.0,1474293051
146794,6377,1.5,1488263720
66447,3864,4.0,976754588
71861,1111,4.0,1054099174
45277,58559,4.5,1228871475
13608,2329,4.0,1170453833
9786,55232,3.0,1499271267
63009,3186,4.0,948117211
43913,8937,4.0,1474021443
99171,3261,2.5,1161361416
8026,590,4.0,834491606
152184,216408,3.0,1600965452
182631,164179,4.0,1615642542
48773,2929,4.0,960094516
36782,910,5.0,1147044492
6965,1975,0.5,1120569043
122253,1407,1.0,1586450143
43137,953,4.5,1253984321
183898,2395,4.5,1179368501
88207,3033,4.0,1439785680
80637,56367,0.5,1536445250
58288,4878,4.0,1512523293
182326,112175,5.0,1419612899
118788,1810,2.0,1046989622
17538,68269,5.0,1455736390
52289,539,3.0,840234347
192022,440,4.0,941471014
8790,1097,3.5,1135721159
49011,8638,4.5,1464647655
27259,34162,5.0,1482859308
92088,160954,2.0,1692466381
108329,192389,3.0,1573825978
194134,108879,4.0,1623812270
120113,1208,4.0,1460978570
23897,4155,3.0,1225546959
35745,1276,1.0,1535864356
46031,4571,2.5,1594084318
100568,1288,5.0,1067279858
51118,1665,4.0,1162237944
86960,419,3.0,835566690
1627,115569,4.5,1540231815
45338,171763,4.5,1593134894
140915,2028,3.0,1296602230
93506,7325,2.0,1437248957
155573,2779,5.0,986048446
86239,8368,5.0,1531378598
196668,1779,3.5,1582351466
131921,593,3.5,1215943685
119266,3556,4.0,982364317
123273,35836,5.0,1203748594
62520,2496,3.5,1245524574
175273,6373,3.5,1660093990
40367,69951,4.0,1597086581
65866,187717,3.5,1554238402
59680,1374,4.5,1539627772
29029,110,4.0,1082036468
130298,97304,4.0,1464382294
163658,1356,3.0,1099701680
91984,589,3.0,839944522
12755,44555,4.5,1504400799
85681,8270,3.5,1577417585
3803,288,5.0,833089805
158095,96616,3.0,1476646530
52558,2762,4.0,1496105168
127915,49007,3.0,1268771766
193204,3535,5.0,974709343
72424,63072,3.0,1462581149
170922,1912,3.0,969811774
190619,4718,0.5,1532813925
70347,209315,4.5,1596532041
174449,2023,3.5,1106434623
157161,39183,3.5,1145636523
5692,1907,5.0,973640536
1964,1246,5.0,1348436633
165639,202439,5.0,1590337939
198667,7700,4.5,1187542345
194749,3210,3.5,1427059040
109213,26399,4.5,1603676039
158505,2076,4.0,1183448019
194537,318,3.0,939230125
93249,6155,5.0,1640999759
57108,97304,4.0,1548373583
14573,78499,4.0,1282909198
48060,1193,2.5,1479380217
140228,1333,4.0,1225292801
55851,5582,1.5,1075850620
50406,3499,3.0,956616318
2553,292,4.0,837534424
110677,5014,4.0,1132551514
120676,4141,2.0,997488013
100521,1242,4.0,944925453
5141,3346,3.0,972672827
120867,4993,4.5,1222371175
132934,105504,4.5,1432929990
180410,122882,5.0,1622906996
2372,95441,5.0,1644774648
78497,1258,3.5,1639735335
97346,3185,4.0,974480993
191274,1246,1.5,1350891962
16774,84772,3.0,1499840482
10108,1094,4.0,939743800
117095,5445,4.0,1425878067
163538,4467,2.5,1165842820
79115,183915,0.5,1586559078
182367,4973,4.5,1277952820
188670,30810,4.5,1270843172
160288,10,4.0,965277507
136228,60069,3.5,1483451619
37820,45517,3.5,1418841196
21249,1371,4.0,1089799224
186709,1485,3.0,965095977
80601,6565,3.5,1548672481
165456,142115,5.0,1559782226
35546,8983,2.0,1661641605
185320,364,4.0,1135944478
145161,3504,4.0,1174190658
31856,3077,2.0,1005770459
91901,780,3.0,1438316005
36508,37382,2.5,1248412113
82322,2329,5.0,1085508882
28838,1888,4.0,1373171071
138933,5690,4.5,1578332481
125157,63082,4.0,1246066397
109606,1355,3.0,1449945767
10531,2448,3.0,1128953882
143113,4776,3.0,1230071910
181985,1265,3.5,1142951422
153402,1300,4.5,1209240237
87073,99112,4.0,1672328052
121647,1732,5.0,1291811826
14720,158238,2.0,1548611487
2273,1373,4.0,944985475
160705,500,5.0,845553354
22316,1702,3.0,1111577100
22755,1347,1.5,1209456245
129479,2724,5.0,974779478
48931,1270,3.5,1673020686
124154,6535,1.0,1186172767
129237,1682,2.5,1273457709
8340,2948,4.0,974835002
45648,368,3.0,840644597
26298,2353,5.0,1586516805
3578,71619,5.0,1470063838
142998,55995,3.0,1206602649
163623,2571,5.0,945114922
50375,5459,2.5,1449291378
127773,1035,3.0,879117403
55907,919,3.0,1234590375
119608,3825,4.0,1143072426
124696,6377,4.0,1696779214
105301,1367,4.0,1217110969
12308,2467,4.0,1112060608
62453,179795,4.0,1681339943
2741,1080,5.0,1458427823
28897,1221,3.5,1646838713
138084,2692,3.5,1681739285
11571,48774,4.0,1318264841
157919,3638,3.0,1004731480
24700,818,1.0,974655052
66231,3255,4.0,1100922661
155384,4886,3.5,1147905252
141149,6378,3.0,1376364648
2603,1682,4.0,1494703163
105045,293,4.0,949647552
153803,4022,3.0,1446634995
58297,203,3.0,1229143092
135141,3354,2.0,1240026958
131468,112974,0.5,1492304687
1969,5816,4.5,1223623303
161927,102407,5.0,1587176006
74875,3386,3.0,1018151125
109663,168612,4.0,1579743339
58888,2268,4.0,962885050
3885,8012,5.0,1089074965
76702,6863,4.0,1070669936
146639,122914,3.5,1695171199
20485,2052,4.0,1217782783
41285,45499,4.0,1168859060
77173,1479,4.0,956974275
149213,142115,4.5,1649493819
157236,416,2.5,1067548071
99778,173,3.0,1241343262
39321,161,3.5,1613438389
81987,434,3.5,1246819692
5549,2144,3.0,941232346
94358,2301,4.0,974840101
39656,139385,5.0,1591078244
13636,2301,4.5,1434182091
28340,1127,3.0,974761546
57453,2542,4.0,1524505438
192939,51939,5.0,1236174711
142442,5651,3.5,1065448094
45143,269582,3.0,1660943354
63809,104374,4.5,1629313371
15867,1090,4.0,1098114789
150869,84957,4.0,1472875359
139858,1213,4.5,1689424928
72551,56169,1.5,1578073667
170347,47,5.0,1254160381
162892,2692,2.5,1444855394
149435,3556,5.0,1490338427
105301,42004,4.0,1202681356
35957,277,4.0,1057775202
25095,2416,4.0,1250533956
177830,1387,3.0,867321493
25665,4022,4.0,1598465915
103049,97938,4.0,1639628549
145397,33679,2.0,1268309693
142552,4306,4.0,1444783997
88344,442,4.0,999476903
157862,1214,4.0,1142454677
81659,163965,2.5,1603905690
55088,509,5.0,842431403
45148,1297,4.5,1129198052
143384,4480,3.5,1266436207
149506,117444,3.5,1444697814
197737,87306,3.5,1488464605
51685,6711,1.5,1261506868
132493,2985,0.5,1447394933
26105,858,5.0,1540988844
35628,2527,4.0,978651268
157853,1035,5.0,1111180407
24768,648,4.0,1233053757
23978,1917,4.0,1502061710
20793,3176,4.0,946749863
159518,65894,4.0,1425843523
164109,6773,4.5,1430061518
63998,51931,4.0,1239073133
123465,2363,2.0,1290923239
176193,161580,3.5,1480830237
27366,8154,4.5,1335944571
39740,318,5.0,1012537067
6542,1216,2.0,946019927
168166,1385,0.5,1269667469
15528,122916,4.0,1517004832
77429,110102,4.0,1493654279
30579,200912,3.0,1555067934
142837,69757,3.0,1551392867
24720,1219,4.0,1100994083
118063,91978,2.0,1339303536
21251,8807,1.0,1644546035
115641,1587,2.0,1294393110
116938,5418,2.0,1449872593
183393,90249,3.5,1661844504
8194,6793,1.0,1137439055
98551,2731,4.0,1440049604
745,225173,4.0,1617309256
136675,89492,3.5,1332489296
169143,1970,2.0,928191877
164898,55247,0.5,1461013759
183934,3499,3.0,975774267
139728,1617,3.0,1030761578
4993,80549,5.0,1512855980
102135,40583,3.5,1310342466
166030,994,4.0,937474583
69648,122904,3.5,1651710702
11055,176933,4.5,1546257192
87940,34271,4.5,1566084014
160650,3111,4.0,974261937
655,8910,2.5,1487685652
173650,8366,4.5,1122602751
188629,7362,2.5,1477766712
30674,953,5.0,1383180049
94665,1265,5.0,1013312903
97827,207313,3.0,1602715494
187806,5,3.0,1231443109
6042,1198,4.0,1038057740
122231,97304,3.0,1365367394
92134,243642,3.0,1687491359
52409,90647,1.5,1534358316
43600,1358,3.5,1322982608
5029,103727,2.0,1500324511
159863,3224,3.0,955309862
140437,1244,4.5,1053729019
59822,53996,5.0,1225405033
70103,4422,5.0,1255135468
180971,2105,3.0,1266019892
122663,6502,4.5,1450076299
32342,32289,3.5,1375261492
12713,5418,5.0,1340828336
60122,209173,4.5,1612656123
65671,6218,3.5,1453267266
23070,59615,2.0,1220641502
144579,2393,4.0,1071602812
68989,39402,3.5,1206569665
85108,169,0.5,1319947718
128474,79695,4.5,1595364579
137952,344,3.0,840397655
112300,94959,4.5,1397378468
26458,2628,3.5,1111543860
198389,1201,4.5,1446742195
99426,114180,4.0,1439771532
93451,1036,4.0,1512587741
7024,6365,3.5,1117100924
70637,59014,2.0,1469826819
124806,72694,3.5,1470063983
66043,101864,3.0,1512992042
43094,70728,3.5,1506016274
157849,163645,3.5,1535350341
90467,5339,4.5,1562194742
118374,1288,4.0,940291538
126252,30707,4.5,1132258900
142355,2023,5.0,1007961963
159752,126548,3.5,1494520970
61243,4014,3.5,1439828834
153720,2381,0.5,1084391917
10652,25951,3.5,1233383271
56995,3341,5.0,962741415
66210,485,3.5,1137757748
132359,480,5.0,1290271048
162521,43921,3.5,1236169184
157991,41997,3.0,1497032651
161586,275,4.0,834927090
112473,45722,3.0,1435988180
181838,2858,4.5,1373670221
69846,122922,4.0,1663184055
197962,595,3.0,844597999
84222,3745,4.0,1461013521
79747,227,4.0,849122716
198172,109850,1.5,1484924876
168427,2985,4.0,1588151710
147416,1573,2.0,1064946712
190394,4572,4.0,1066084815
164287,212373,5.0,1604462544
97249,4008,5.0,1089648084
144316,2918,3.5,1121713043
183186,1104,5.0,974994535
106566,8042,2.5,1689100644
158526,3342,2.5,1090647153
44780,69844,4.0,1286816075
10880,30825,3.0,1156236753
130028,2245,4.0,1047028900
107525,64650,3.5,1326094432
165146,4776,4.0,1601600591
171665,68157,4.0,1599771897
124804,4713,3.0,1058208282
139018,378,4.0,1465191789
101555,81834,5.0,1602361632
60868,8268,3.5,1112889196
77207,500,5.0,1462140728
172131,7,3.0,868903514
5071,1958,2.0,943110078
91310,2100,1.5,1072795329
189927,54272,4.0,1482108346
155365,144,4.0,1030984072
64257,1059,1.0,963672484
18400,45722,2.0,1485017147
144987,113573,2.5,1592146689
51657,179401,3.5,1533620358
147140,553,4.5,1154478863
759,292,4.0,837245273
18726,1573,3.0,965708177
196098,1231,5.0,850480227
23772,91529,2.0,1472846914
42308,102686,2.5,1615127434
153620,78264,3.5,1410856093
24710,2290,4.0,974695706
25004,91658,4.5,1359955667
62749,3977,3.5,1431809647
114621,60126,5.0,1450017652
155683,837,4.0,1253406721
200301,232,4.0,938942187
2741,81562,5.0,1458427790
142194,54001,5.0,1522933298
21603,1246,3.0,853476730
24575,1079,4.0,1219264445
42293,933,4.0,1107152143
100042,595,2.0,843999397
22355,4272,2.0,1035823013
151633,172877,5.0,1574531197
129369,5418,3.5,1426870767
99682,1185,4.5,1202216803
192102,2058,3.5,1146890273
29790,1080,4.0,1104390283
123465,140549,2.5,1584162174
6602,2232,3.5,1569697950
115881,3476,3.0,1467209078
123096,2353,4.0,1043826186
70193,1223,5.0,954728631
106611,3949,4.0,1334203917
200738,4520,2.0,994198815
57389,92420,5.0,1678572374
152282,761,2.0,835692370
115123,1997,4.0,956607481
15917,47997,3.0,1485682374
71332,1254,5.0,900691991
113674,589,5.0,837034476
174431,2406,4.0,955402956
165751,122912,5.0,1535019579
27973,122906,5.0,1549563317
115455,71135,4.0,1430566794
85423,1097,4.0,1415559611
179414,2889,4.0,1256944437
114287,3571,3.0,1010578603
97782,7153,2.0,1229574984
30108,494,3.0,831652602
68672,3147,4.5,1543852787
143376,3578,3.5,1223025707
28456,3247,3.0,1042762197
142973,4720,3.0,1113335299
50359,1285,5.0,960328689
148122,66,1.0,866623903
163994,7153,3.0,1558152158
16188,1499,1.0,1023787590
52761,2455,3.0,1123509610
145556,2804,4.5,1094945902
132106,8951,4.5,1275881898
43229,1193,4.0,1603954240
47520,2053,2.0,965327921
93239,720,3.0,1111672923
172165,41571,3.5,1158466562
96097,849,3.5,1362876293
139091,3753,5.0,1074717966
61238,2735,2.0,1287600717
188453,5464,0.5,1473319121
127958,45668,3.0,1507866895
99891,1270,4.5,1556486829
50234,353,3.0,847362262
120381,1254,5.0,1664804665
182214,3791,3.0,1247302620
71502,953,3.0,959875185
122646,3033,4.5,1567972515
1253,1959,3.0,1041198288
105883,36,4.0,1536659181
33303,45722,3.5,1642713307
71844,3744,4.0,1039378000
153064,19,1.0,1167700049
198481,246,4.0,880108821
8068,67087,4.0,1272022399
92384,66,3.0,850710544
85650,7276,3.0,1080135993
13121,76251,4.5,1393108691
26842,46578,5.0,1585228192
62843,593,4.5,1225289713
123011,1148,2.5,1501192041
178131,111781,3.5,1456131414
156432,4333,2.0,1036310681
21157,6787,3.5,1497883457
197371,56174,1.5,1229157026
6848,246,5.0,1105820535
122610,588,3.0,843641525
192103,1059,4.0,1507450946
28039,3977,2.5,1584438419
123453,3248,3.0,969282006
44195,2456,1.0,1128949321
51037,40,4.5,1060044020
128405,4369,1.0,1479323185
661,106782,2.0,1560176036
158482,2808,3.0,953179654
37774,6807,4.0,1137201834
111200,3698,1.0,1013478975
21707,250364,3.0,1648983609
112964,202103,4.0,1561824291
108297,40819,4.0,1461696950
115449,2795,5.0,976326707
30618,136602,3.5,1601629521
91496,25923,5.0,1571651429
179725,4036,3.0,983357708
152311,2959,4.0,1110946515
72309,2959,2.0,1240581883
65400,1222,3.0,1075601212
61865,42,3.0,1041429794
19182,4994,4.0,1025741877
163930,2797,3.0,981263555
96889,783,5.0,844247979
78803,924,5.0,1008761865
139662,88744,5.0,1456292359
104646,2002,3.0,1000811131
42924,353,3.0,1107629703
164519,3260,3.0,950659592
166062,32,2.5,1137277224
48906,33164,3.0,1603833190
39092,3996,4.0,1159489303
145190,272,4.0,840640545
127896,34319,3.5,1123490866
41366,910,4.5,1118256020
25735,586,5.0,1665331104
192882,6155,1.0,1541871428
126045,1983,2.5,1098673645
117396,73168,3.0,1430686542
44692,543,3.0,1107668033
20266,912,5.0,968622647
154958,253,3.5,1573075191
187579,101137,3.0,1408223477
176834,1208,4.0,1223103784
133145,3751,2.0,1510268143
194326,1221,4.0,1300636653
174804,266,5.0,1051012840
116244,8951,3.5,1114782042
156390,296,1.0,847998722
130324,1266,3.5,1676989889
123670,155846,2.5,1625892816
42437,179135,3.0,1643758907
194598,67197,1.0,1490156681
13043,1012,3.0,857250345
51103,1198,3.5,1402924794
90494,2762,5.0,1448395862
3653,96821,5.0,1516737163
59877,318,3.0,1457743536
87513,2141,3.0,1069285391
96974,1200,4.0,1067313648
23878,104841,4.5,1645267312
6198,1215,5.0,1114666725
35604,4011,4.0,1355582336
28371,6548,4.0,1524419238
92084,1721,3.5,1089321974
162937,2686,4.0,1225243247
32769,4368,1.0,1011726963
9558,26695,3.5,1629374230
114258,73017,3.0,1262506273
183582,6350,3.0,1458787791
127935,6565,2.0,1419350742
11662,5902,1.5,1180739513
48728,111362,1.0,1627963612
118471,122898,2.5,1575265093
150987,367,3.0,834657733
187247,177593,4.0,1517623668
187855,866,4.0,1204762983
11089,2902,2.0,1287777638
38429,432,3.0,846587306
120646,56174,4.0,1214322130
199091,49272,4.5,1479262826
95996,4643,3.0,1456453708
92933,350,3.0,901139577
194531,58025,3.0,1589150410
77275,509,3.0,1054155688
143275,2053,4.0,1015443256
107163,6874,2.5,1351788106
49665,189333,4.5,1609391132
72347,1206,4.0,1441151334
142562,2550,4.0,1046232293
165451,88140,5.0,1668304258
174178,2804,4.0,957896298
47359,3536,3.5,1061639218
7777,6974,5.0,1079835524
58821,4306,4.0,1620188749
94272,103249,3.0,1632601415
120458,4231,2.5,1132644388
49883,39446,4.0,1603844234
66880,1297,4.5,1137224080
45090,95488,2.5,1556025170
50157,364,4.0,1199394825
77617,3812,3.0,1310840092
75203,3098,4.0,965503971
191108,1974,1.5,1197590839
30076,2012,2.0,961519772
194833,86298,3.0,1624408495
82043,83,3.0,943632305
93200,1200,5.0,1426626960
170565,5349,2.5,1213602666
82794,610,1.5,1375050891
166820,33779,4.0,1387557252
96539,3159,1.0,967342065
36210,7263,3.5,1101405365
175522,3967,3.0,1445412292
183580,158238,4.5,1513909573
90260,4979,5.0,1300003553
9300,105197,3.5,1386723283
65784,49278,5.0,1446673410
53190,2541,4.0,1023721462
145351,1186,3.0,1335320551
139560,5445,3.5,1254163901
42252,2268,5.0,962605915
52730,8864,2.5,1166070318
19860,2019,3.5,1435739640
45491,3,4.0,869097277
112973,44241,2.5,1370747198
974,2006,4.0,951540252
49558,61240,4.5,1309093043
116054,589,3.0,974945392
123104,512,4.5,1512597897
15685,3081,2.5,1116872561
2944,1356,3.0,955228019
110686,1356,4.0,1230434407
175993,6874,2.0,1348858939
120419,40815,3.5,1573315636
64082,3489,2.5,1534565554
184429,2916,3.0,1128798154
151538,27904,4.0,1361088655
68978,1948,3.0,1032652125
153830,924,4.0,1481000707
24972,1379,4.0,1113801608
4406,161,3.0,1309660759
46198,58295,4.0,1320016415
118541,1220,4.5,1450320622
199587,761,3.0,864572159
14588,8949,4.5,1130006178
164920,122882,4.5,1684442006
23303,260,5.0,935769728
1726,5254,2.0,1473023026
196497,1955,2.0,1047284571
153577,4975,4.0,1014176175
192925,2918,3.0,1209494202
5560,5142,3.5,1423127777
195591,39183,4.0,1231006415
196889,2278,3.0,962069787
186703,1097,4.0,1563978902
112190,1256,3.5,1536030732
135985,51540,4.5,1449447433
4621,7319,3.0,1092086485
16405,63072,3.5,1618334572
81379,1635,5.0,1168361062
121320,327,3.5,1213378571
111252,156371,4.0,1489937955
62498,5952,5.0,1200552096
182456,112552,4.5,1622315415
14440,2950,2.0,945096893
101180,586,3.0,853578691
185676,694,5.0,867586841
58455,4993,4.0,1262403901
41518,1916,2.0,962647841
108860,318,5.0,942158020
154825,4901,3.5,1314588674
104844,4027,2.5,1076251502
193541,4993,4.0,1451780117
48144,1129,4.5,1070034630
182385,1476,3.0,968707364
181992,4886,1.0,1540261859
1021,50,4.5,1450128956
68564,6711,5.0,1227170084
166845,175421,3.5,1504425471
129330,59784,4.0,1550247604
73034,217655,4.5,1602289635
152256,50,5.0,1198102292
106151,47274,2.5,1262565107
80659,3763,4.0,962026484
187590,197197,3.5,1604711714
139341,2739,3.0,956588117
49407,1608,4.0,948926043
169721,1701,3.0,897943550
78426,59784,4.0,1271363925
124332,6548,4.0,1461439784
184650,151,4.0,847373470
9710,102445,5.0,1489504322
176578,34530,2.5,1230064892
15209,4993,5.0,1468099726
33438,1943,4.0,941560204
91203,48,3.0,835807382
191583,2163,2.0,1071603321
145178,3147,4.0,1634037218
82784,168288,3.0,1500601960
51701,4963,4.5,1060168385
47877,3029,3.0,962746360
130741,743,1.0,835174125
28023,480,4.0,1114453314
301,4975,2.0,1038794724
194528,8961,4.0,1436249622
73013,1552,4.0,866288871
24519,3596,0.5,1434781424
121442,6893,3.5,1128172637
93999,79,5.0,860639062
142340,51255,4.0,1454871023
129858,4865,2.5,1464790589
109260,109487,4.0,1521205274
52954,159858,4.5,1547325123
17117,3994,4.0,1521389709
81556,47518,1.0,1205004798
45585,4085,1.5,1691747638
46881,7438,3.0,1104804272
71998,122914,5.0,1676563450
70087,57368,3.0,1518900479
137947,96737,5.0,1613993068
130580,2762,0.5,1116538715
199920,2872,3.0,1217418837
168975,5956,3.5,1447244214
199047,425,3.0,956756772
98941,8147,4.0,1095706165
2382,3594,4.0,1197184246
172820,132796,4.0,1535094016
54805,2291,4.0,1644486629
113847,1036,4.0,1469372814
128521,30810,4.0,1178076872
96081,281,3.0,1146068504
186297,5618,5.0,1379372952
28162,648,3.5,1217678986
84610,39,4.0,836062911
90989,116275,4.0,1528587584
191517,1219,5.0,972588344
155086,26289,3.5,1164473783
97558,3360,4.0,1061953936
42545,93831,3.5,1446742730
136527,159817,3.5,1479931741
176461,5452,1.0,1182258309
195344,543,3.0,1097548378
47890,47,4.5,1167998279
156744,5267,5.0,1349304737
154805,596,5.0,869582619
52700,150,3.0,838817028
96204,7438,3.5,1631323087
74000,4848,4.0,1008419871
35924,100,3.0,966028343
191407,79720,4.5,1456745431
106906,1,2.0,967422022
56449,106782,5.0,1623869067
174158,3953,2.0,1028948447
177576,5310,2.0,1024070947
100185,2542,4.0,1329073473
38457,318,2.0,1090963066
9462,342,5.0,1075444671
131559,74946,2.5,1451098471
123361,6832,2.5,1084963147
150274,356,5.0,901536589
111225,33836,2.5,1452076779
161552,115149,3.5,1532420528
56332,5010,3.5,1181657718
74673,1676,4.0,1515678342
20999,73017,4.0,1644715333
86418,95441,0.5,1695060674
117299,109578,3.5,1627952025
120977,474,3.0,953124838
111636,4993,5.0,1480249245
194874,480,5.0,938875813
65905,287633,4.0,1694990967
148324,415,2.0,1428876286
1735,1602,3.0,1236049687
50757,906,5.0,1469739196
193862,1343,5.0,899415153
108208,32,4.0,840012401
77263,1701,4.0,939050199
157939,53953,2.5,1406550937
29448,376,4.0,996271192
94419,153,2.0,828361328
66347,69757,2.0,1623037311
80865,69122,4.5,1485055131
45778,2580,3.0,1123089998
78361,106782,5.0,1635780131
150854,3844,4.0,965379498
36270,159195,4.0,1676100102
54601,2805,2.5,1289146812
52166,912,4.5,1063350548
187213,2706,0.5,1246789215
29447,750,3.0,955988262
57532,6870,3.5,1172536788
170746,38600,3.5,1144597402
84413,58376,0.5,1432522480
156071,1036,0.5,1302265104
91963,1682,5.0,1559299311
2071,31685,0.5,1611877748
167361,1097,5.0,974793756
103848,3210,2.0,968203552
107999,47610,2.5,1173707790
1542,3984,3.0,974995382
23637,5479,4.0,1524930847
70632,8379,3.0,1182294135
171890,139642,5.0,1516742376
163268,52604,3.0,1437988531
43945,35836,5.0,1243142134
29889,517,3.5,1184355823
48842,2153,3.5,1053522327
185408,2115,5.0,1007167321
47084,594,4.0,944959665
174167,316,3.0,915224718
24018,293,3.0,1541210419
191732,2706,4.0,1136322200
170503,3114,3.5,1652656783
198577,3578,4.0,1027538144
47659,1197,4.5,1249072182
108605,143385,3.0,1463242807
61741,1080,3.0,1052952003
59811,207313,4.5,1684626048
172034,125051,0.5,1644417852
94468,595,4.0,842470133
30201,112488,5.0,1609541209
172322,4022,2.0,1190445173
42549,3510,4.0,1347046831
169474,4321,3.5,1438220829
17722,236991,2.5,1661564686
99787,30707,4.0,1656971388
68508,4235,3.5,1206047336
84609,58559,3.5,1574643664
53163,3081,4.0,965222396
185787,32898,4.0,1276030067
60231,1,4.5,1090128649
50145,47,4.5,1464678577
69453,1270,3.5,1214821273
169154,151777,2.0,1599225788
146723,5952,4.5,1160044637
18709,98809,4.0,1647082180
52208,3108,4.0,1377075560
139046,42738,3.0,1660014135
164040,1801,2.0,991875862
190829,7379,2.5,1227710191
135630,1196,5.0,975860053
63093,30825,3.0,1535846407
183075,5804,2.5,1213666512
189062,7022,4.5,1232283606
180620,33493,1.5,1476725983
132799,112,4.0,840138549
55815,168,4.0,853757219
94294,94953,3.5,1584945935
24251,1061,3.0,910176149
42727,111,3.5,1626404451
78080,1028,4.0,1093857852
108029,5785,2.0,1696088440
44447,2918,5.0,1051041122
81214,1580,5.0,1498900430
15229,102407,4.0,1446569893
10117,3564,3.0,985796547
9488,1721,3.0,942531054
110274,1148,3.0,1459006958
189292,61132,2.5,1607190646
170096,5989,4.0,1610903282
171897,1388,1.0,1040975173
182503,192803,5.0,1644646114
131191,1961,3.0,958502863
14714,527,5.0,838316259
177799,2724,1.5,1491346170
148356,5128,3.0,1183575086
190785,101,3.0,844356899
166236,31696,3.5,1193512037
16354,161,3.0,839630473
38816,44759,2.0,1239246129
194470,2772,5.0,953507214
107670,145,5.0,965318735
142339,2294,3.0,944942407
61620,150,4.0,1565462893
23973,1265,3.5,1419020944
176949,1073,4.0,1118211372
143650,3527,5.0,1543897815
103926,48516,4.5,1638808693
158161,2571,3.5,1245983163
90158,661,4.0,851010662
52206,94864,4.5,1420794374
24231,5952,5.0,1447081078
56390,454,3.0,834238909
74838,36529,3.0,1571691558
70070,2,1.0,847443791
124392,52722,2.0,1508104045
173545,1544,3.5,1630602123
81863,1080,5.0,1304882147
180443,356,4.5,1512417115
169709,2572,5.0,928938796
39799,166528,4.0,1605546376
50411,2683,4.0,1437177910
168631,1567,3.5,1117817725
136439,921,5.0,945103094
13832,110102,0.5,1588988879
124840,53972,4.5,1586297455
155559,2115,4.0,1652368224
131023,3559,3.5,1071972040
10556,3258,2.5,1623914339
128622,2390,5.0,996072005
189108,1175,3.5,1244936127
26443,1200,2.5,1491182432
185297,1196,5.0,962883652
76582,1348,2.5,1364690193
41001,1221,0.5,1605638338
199946,2657,4.0,940572561
54830,2716,3.0,965577783
127195,5308,1.5,1109089209
135999,760,4.0,1116079317
45157,786,4.0,847275905
64129,64957,3.0,1551330384
1638,223,4.0,976206081
69530,2808,3.0,1094783082
189112,68237,3.0,1596474258
79728,115713,3.0,1506969324
167287,6674,5.0,1068877831
172961,1089,5.0,1595387389
135957,589,5.0,1365810153
164741,7371,5.0,1488583615
17272,2571,4.5,1368256911
20758,49272,3.5,1389494864
84743,114713,4.0,1590346797
146215,473,1.0,1155045053
103007,176681,2.0,1565883318
40952,36525,2.0,1494879786
145114,330,4.0,834333905
123791,1,4.5,1180446553
7400,47404,5.0,1300921489
104851,926,4.0,975691985
49076,3471,5.0,1029150489
196464,282,4.0,1112392721
140496,57368,2.0,1605466157
126533,79132,5.0,1595460321
167611,1929,4.0,940624005
195991,1544,3.0,1596112189
46717,2011,3.0,1449264429
150093,1136,5.0,1287954118
105003,1438,3.0,865853121
31733,4370,4.0,1186373659
166377,5971,4.0,1295839088
173872,2804,5.0,966272753
110162,3186,4.0,965171354
104833,2628,4.0,1582468118
166836,2858,3.0,974697411
10357,1394,5.0,945414592
19320,1997,2.5,1675550971
12964,44191,4.5,1472723446
9155,2124,5.0,981745139
10630,50,4.0,1448913114
5028,3000,4.0,1076714837
136875,1517,4.0,1466967915
83837,5135,4.0,1645163600
18429,83424,3.0,1617023361
32172,1573,3.0,970189067
92886,1282,4.5,1078701453
22143,5418,5.0,1537630660
164308,2476,1.0,1004848818
53815,210861,4.5,1685002008
92566,428,3.5,1351578693
104470,104074,3.5,1597370288
89193,166643,4.5,1534798386
34207,133802,4.5,1601598234
117760,1199,5.0,1037752961
184649,1025,3.0,841259992
96021,8254,4.0,1125492733
47123,110,5.0,1470875742
30036,380,2.5,1545732919
185023,8865,0.5,1554475956
36287,52973,4.5,1325115226
193603,108188,5.0,1454361074
140953,32,3.0,838200920
108653,6383,1.5,1143465955
11485,3793,4.0,1052791100
168048,158872,0.5,1495595176
7388,222,3.0,930156510
109333,5956,4.0,1244203097
70356,27773,4.0,1622070299
154762,59615,3.5,1241706228
131849,161582,2.5,1493611376
47880,65907,1.5,1504721785
27772,1911,1.0,1021278209
84126,4246,2.5,1489161768
184847,46062,4.0,1642012482
196233,67255,4.0,1342109974
97782,1707,2.5,1230590045
90108,72641,3.5,1352747711
82489,49132,4.5,1178214694
110403,2003,3.5,1290809169
196095,5741,5.0,1047765584
177038,2300,4.0,1557672456
94892,2273,3.5,1478571942
183312,53464,4.5,1492118458
102206,918,4.0,945025603
131523,500,4.5,1609577545
170149,61240,4.5,1277824731
4081,1396,4.0,1080728461
67369,52722,3.5,1194720181
101766,5445,4.5,1674334491
110685,50,4.0,1565832020
23830,432,1.5,1100186368
125346,1194,1.0,1015535097
200642,1090,2.0,890266357
142362,56174,4.0,1466444085
127453,7254,4.5,1519339589
60945,72641,0.5,1459494420
143501,42632,4.0,1440961194
138149,858,5.0,945229598
170571,50872,5.0,1314494650
110592,1225,5.0,1462419291
132770,1580,4.0,973104532
5898,132650,4.5,1582161226
162379,171763,5.0,1585329242
136524,2194,4.5,1103006798
26576,30749,4.0,1166826240
124502,2905,4.0,1152114226
131595,3717,2.0,998100417
87875,4306,2.5,1452563598
185764,3408,2.5,1091629905
190039,1247,4.5,1408825294
126669,1726,1.0,938959937
10113,3996,4.0,1162950049
70777,260,4.5,1077272924
51009,2692,3.0,1453631885
7904,6503,4.0,1442538660
132225,150344,3.0,1588321654
169341,1213,5.0,1689699243
169407,266,4.0,836051316
93699,1704,4.5,1176427707
175325,3552,3.5,1450162823
15491,1020,3.5,1086905047
44385,3481,4.0,1102766500
119026,5621,5.0,1453613695
124832,4902,4.0,1531933399
58132,27,3.0,974761932
112589,88744,3.0,1337430879
115567,4212,5.0,1483324261
121113,1562,3.0,1303788034
23451,3147,4.5,1513177097
84718,541,3.0,1029297315
78728,587,3.5,1315041949
128252,648,4.0,1467747340
186456,589,5.0,1452827863
164275,1201,4.5,1222210630
133350,36,5.0,863603444
129285,1777,3.5,1112226789
168083,800,4.5,1112407906
189313,107348,1.5,1472316033
12425,1388,3.0,1142130025
113663,1945,4.0,1632423898
143374,163,4.0,1512086478
149435,133645,3.5,1490337673
182121,3682,4.0,1480102478
168604,2846,3.0,1081999299
40220,4823,4.0,1042516400
97196,236,3.0,848481566
182102,5013,3.5,1161911289
126005,36529,5.0,1143828144
34372,3793,4.0,1424207781
163507,21,3.0,833976253
10917,750,4.0,1185293329
72318,2447,2.5,1565625343
97223,185169,0.5,1588705675
116581,8807,3.5,1477360935
153810,39,2.0,834462577
78631,3388,3.0,977108225
163671,204,3.0,840387090
184125,95858,4.0,1463369682
161232,37741,4.5,1146926187
38756,924,3.0,1420975381
196345,2021,3.5,1085038635
124609,94780,3.0,1543641351
15902,5991,3.5,1529956624
122544,255055,2.0,1627647322
67072,198161,3.0,1668454932
48945,47,4.0,1112984902
107920,212281,3.0,1630864821
148327,3104,4.0,959737868
184554,60487,5.0,1440940533
181891,968,3.0,1595690393
48181,1953,5.0,965748208
47173,3783,4.0,1018996864
180964,85414,3.5,1599772150
104477,5872,2.0,1590979731
87997,2395,4.0,1678625054
81065,1888,2.0,1117316675
62440,50872,5.0,1424193403
13436,7153,3.0,1680612649
168103,1084,3.0,944483094
152759,457,5.0,1671528472
143847,4305,3.5,1053223609
86044,1488,4.5,1455281096
93768,27728,2.0,1621728657
78487,78499,4.0,1294524916
110361,10,4.0,1443305515
23854,2411,0.5,1090955444
102619,2580,0.5,1135882441
75506,2907,3.0,1081721962
59832,1210,4.0,1202348876
191767,595,3.0,1207308891
57756,53121,3.5,1519790271
7446,6880,2.0,1609190896
55719,4995,4.5,1588400813
84593,2761,4.0,976071299
70885,5349,4.0,1025921176
35239,288513,3.5,1695783595
135029,1263,4.0,980697625
103919,299,4.0,833530677
176218,158,0.5,1111094665
165128,1291,3.0,888491469
45498,33166,2.5,1516302842
197094,1388,2.0,945378182
8749,4487,1.0,1027092596
135311,8651,2.0,1182658775
175260,2124,3.5,1327112820
24077,7482,2.5,1284410113
76839,104,3.0,1112324063
108997,32587,5.0,1466108054
166107,6953,3.5,1085077436
68823,187593,3.0,1549738916
133160,4679,3.0,1208641138
33717,1089,5.0,948944914
127189,185,3.0,1061955334
78531,6502,3.5,1293925432
30178,231,2.0,832241161
133145,59615,4.0,1652035810
136146,7036,1.5,1413209800
52332,2858,5.0,964842088
92993,3129,5.0,1030145722
98859,47940,3.5,1217685551
6460,6003,4.5,1134606815
183135,42738,4.0,1493324026
28908,5378,2.0,1545242066
106469,79224,5.0,1519060917
30871,948,3.0,984529376
74412,7143,4.5,1170619815
139826,7064,5.0,1138853448
197068,4995,4.5,1517423479
197694,46972,4.0,1592085171
184847,7451,3.0,1650724264
123863,3296,4.0,1079486138
18980,98809,4.0,1387175039
137785,356,4.0,1486869647
98540,928,4.0,1233542377
49590,2816,1.0,1168309469
114812,3688,3.5,1501788184
148749,1193,4.0,1325411046
49970,2467,3.0,1412199614
38939,858,5.0,1040342579
26686,48516,4.5,1342957236
186078,2404,1.0,1113363998
82555,135697,4.5,1474405727
10891,2719,1.0,996917810
193938,59501,2.5,1663717603
160601,1968,3.0,1516760675
138440,1777,4.5,1122051495
144962,1047,2.0,852152616
74373,8573,5.0,1259192003
116854,3088,4.0,958275217
57849,91630,1.5,1552086915
153816,86332,3.0,1330195704
12437,152077,4.0,1548627228
133013,3917,4.0,1007671075
96930,244334,3.0,1622846932
169122,802,3.0,857525527
86648,33004,3.5,1646244138
111428,112183,4.0,1566961689
69014,3503,5.0,1588245430
80684,3977,1.0,986751558
73328,14,4.0,978322488
113455,4848,4.5,1611981709
190910,2070,3.0,974909754
56205,132112,3.0,1684657680
11578,1103,4.0,1550546535
187997,6500,1.5,1119497595
149750,11,2.5,1183590397
95670,31410,4.5,1695243224
5347,1252,5.0,962208970
115449,2858,5.0,976323546
139576,96610,5.0,1491432085
26450,68237,2.5,1360671923
193626,628,4.0,1023666211
131494,232,4.0,1364124487
3959,2186,5.0,1144508808
148474,367,3.0,842641392
69945,1625,3.0,943205510
174366,728,4.0,927898151
58849,377,4.0,836441490
26753,588,5.0,955260232
69141,5952,5.0,1550399441
123022,3536,3.5,1127801584
195053,1586,2.0,1013285842
80586,2000,3.5,1373179564
128083,122920,4.0,1490859438
137792,1250,4.0,1096437795
156170,200256,3.5,1563606344
9523,70,1.0,965797305
134435,7154,4.0,1635444226
143925,599,4.0,851298238
12596,45722,3.5,1302818660
15176,337,2.0,952989346
112199,242894,3.5,1642550148
11743,910,4.0,880024536
32040,356,3.5,1262459381
109881,53000,3.5,1497537502
74460,1655,1.5,1183068320
44863,778,4.0,1271792413
117882,71755,3.0,1690304323
14238,1923,4.0,1204338222
77180,1334,2.5,1466640718
177090,229421,3.0,1689477521
190871,290,4.0,945214665
118230,44729,3.0,1302526657
90679,480,4.0,1239822606
190806,69122,2.0,1678456397
195927,45728,4.5,1439823356
55333,3004,3.0,974608013
120951,5501,1.0,1199459160
70936,5585,3.5,1212902737
183221,6811,3.5,1451884883
18609,33679,3.5,1448233436
101235,4816,3.5,1684461626
167439,2997,5.0,981856112
64305,4034,5.0,1049400392
186618,57669,4.0,1461232756
87007,6323,5.0,1558738144
67703,2858,5.0,1048378321
52354,858,5.0,1320520066
170954,1278,5.0,974710525
38389,261,3.5,1073663725
94,7013,5.0,1663971699
165544,260,5.0,864138853
66889,50,2.5,1446623942
9832,587,3.5,1253451314
143409,1333,4.0,985134641
184326,96737,5.0,1632956053
74861,3406,4.0,1000710625
73560,6502,5.0,1398887765
112205,8866,2.0,1416131865
107524,1954,5.0,942485472
2112,3253,5.0,1442098405
69853,95441,4.0,1474323766
183815,5013,1.5,1241631056
168045,161582,3.0,1686480105
46232,4049,3.0,1288571121
71839,7030,3.0,1304995293
22318,778,4.0,850470518
109948,349,3.5,1514507862
30535,4638,4.0,1685435530
179134,7924,5.0,1114368748
163219,5669,4.5,1083941957
89906,3526,4.0,1201313777
131338,455,3.0,845642656
141058,120799,2.5,1442764603
150339,3793,4.5,1128803356
200448,197175,3.0,1683898576
4798,6874,5.0,1471527484
161521,4878,4.5,1196736554
161925,317,3.0,1090553710
92743,3801,4.0,1692288876
130297,3070,3.0,982820598
48806,7164,1.5,1458671987
89342,3968,3.5,1525552427
55069,54503,4.0,1482794301
139032,6619,2.5,1539970957
38440,1185,4.0,879793017
199004,167048,3.0,1570476385
6123,3152,2.5,1056932926
30331,1573,2.0,1613116803
6621,180435,3.5,1527964003
171551,4816,4.0,1460242112
163165,146443,3.0,1550206215
33543,3275,5.0,1134477838
193782,2616,3.0,949677314
52925,379,4.0,952640938
133595,257037,5.0,1643178853
90689,68237,5.0,1302915191
48727,7361,3.0,1186692281
151309,30803,4.5,1234573044
183309,5816,2.0,1583200004
56883,1022,3.0,1028594927
148330,40278,3.5,1599713757
63500,293,4.0,1469117222
175241,8207,5.0,1329105803
154594,1210,5.0,900777372
72381,6214,3.5,1233044676
171631,3298,4.0,999980760
139317,267,1.5,1229541473
170762,2355,3.0,1454862078
1107,80489,5.0,1436398611
53454,60069,4.0,1451707445
186548,30793,2.0,1506989972
77134,4306,4.0,1549624489
122805,2858,5.0,953722391
3137,69951,4.0,1585878960
17635,53000,4.0,1619951186
42000,1416,2.0,891879534
162185,7361,3.0,1163127411
26188,2066,4.0,1336117093
35997,1264,4.0,1376593116
28147,198,3.0,956670458
35126,1262,3.0,1197219965
195891,99112,3.5,1466439740
32513,37733,1.0,1159784143
124492,1967,3.0,1296176522
6422,34437,4.0,1233815924
182710,111759,4.0,1581714366
45719,33679,3.0,1616023414
31485,2701,3.0,1355000586
159899,21,3.0,1625988846
92315,4306,3.0,1333690309
124818,3020,4.5,1306699848
186515,2268,5.0,1385554674
36600,1580,2.0,974715942
153454,5816,3.5,1456117721
18097,112171,4.5,1542663418
86848,3035,4.0,974590360
45874,27530,4.0,1336628197
142808,112556,4.0,1596225096
192326,79224,3.0,1517342979
59557,4563,4.0,1013552359
38357,6373,3.0,1493076250
15679,6263,3.5,1557450433
172810,2403,3.5,1119237110
69983,30707,5.0,1107112618
111733,915,4.0,938743724
103407,2153,4.0,962783534
71622,50,4.0,1033381310
96714,785,4.0,972846006
167381,249,2.0,844631192
133337,1704,5.0,918635607
183937,2700,2.5,1122043433
76945,2502,5.0,1315108117
200023,64614,5.0,1487164944
120247,4310,0.5,1201382560
77309,296,4.0,1432946088
88011,1252,4.5,1388400676
178734,81845,5.0,1300249361
53650,597,3.5,1141985117
30716,3201,4.0,964982285
111752,4308,4.0,1428722734
144773,4995,3.5,1687537055
2608,2407,4.0,956933024
185956,3114,3.0,1161196320
191035,33794,4.5,1585237708
19919,2004,2.0,1047556336
71064,924,4.0,1553504510
34369,2496,2.5,1054320660
80601,95441,3.5,1547731314
36091,76093,4.0,1424502904
19989,209917,5.0,1581654505
92060,48043,2.0,1613555336
3882,1304,5.0,946171593
170564,47,4.5,1183344064
191548,1704,5.0,1157571742
21066,163985,3.0,1581149141
148008,4995,1.5,1107222301
151727,3196,3.5,1059201517
125593,81834,5.0,1533357859
152189,6436,2.5,1552474895
92333,1078,3.0,1062211891
142137,7569,3.5,1151810437
24239,1961,5.0,1437856289
59629,69122,3.5,1492246946
38350,5254,2.5,1517682958
106909,7361,4.5,1212655058
153238,4306,4.0,1586812402
118091,91500,3.0,1499104817
1617,2407,2.5,1479004373
875,88125,4.0,1464968902
115927,733,4.5,1270825626
166485,103883,3.0,1467192620
47725,99114,4.5,1494668914
65065,110102,2.0,1565922448
182587,2447,5.0,991950326
103333,2378,3.0,1492353852
22744,102993,3.0,1574955888
124641,2115,3.0,1008430578
93138,1939,5.0,928773700
45411,187717,4.0,1596306800
67654,54286,4.0,1243713765
11243,3484,3.5,1175983818
173099,34437,3.0,1483730210
47744,46578,2.0,1388317015
109793,150,4.0,1242249463
16579,348,5.0,879098051
65350,148448,3.0,1678379811
199446,26150,3.5,1322075761
108211,3386,4.5,1141172428
157475,7438,4.0,1237975531
36030,180555,2.5,1568927604
159776,7317,1.0,1601912618
167638,104,2.0,1285898679
140674,119145,4.0,1654477258
46538,380,3.0,900710969
48913,111,2.5,1078616726
75941,3000,5.0,1587481706
171607,5459,3.0,1549661060
88150,71264,2.0,1466987987
49316,586,5.0,1447428186
44950,292,3.0,847644570
106569,122914,3.0,1655007137
153690,3418,5.0,966281089
76269,616,3.0,837358488
168163,3702,3.0,961183079
59844,93740,4.0,1450017879
34883,3988,0.5,1463063916
198047,101525,5.0,1501212513
25944,2433,3.5,1218814394
109622,166528,1.0,1568882231
199060,50,4.0,876514993
189664,1411,4.5,1584235224
86893,3682,4.0,1548468524
172409,931,4.0,973600260
99662,858,5.0,1132411820
20542,53322,4.5,1322668831
23735,3408,4.0,1556052806
15314,74458,4.0,1626118536
11138,1682,4.0,945103459
13649,1199,5.0,1229337534
72142,7361,4.0,1152544531
149436,2640,3.0,941405844
154576,588,3.0,1147052007
27038,7445,4.0,1503128703
128539,344,1.0,832447284
113676,101362,4.0,1469466327
82892,8961,2.0,1541447374
30210,164179,5.0,1623889420
157770,6870,4.5,1113773242
102824,2268,5.0,946342773
171795,140880,3.5,1440965453
40162,4034,5.0,1640094568
83730,93040,4.0,1372051253
120300,7445,3.5,1389709709
71987,76251,3.0,1272852156
116206,2278,4.5,1294849201
32506,565,3.0,902422119
175235,800,3.0,851357919
31003,1188,4.0,858254486
149582,2332,3.0,993769482
198904,122882,5.0,1460797311
94161,3107,4.0,1300127539
193294,349,4.0,972146837
117248,2581,3.5,1328380252
106031,41997,2.0,1152063598
176231,2710,5.0,969996715
86767,179817,4.0,1628080547
23833,104211,0.5,1504374041
21480,1970,3.0,982693975
98974,1676,3.0,1201122027
82941,34405,4.0,1294853503
137727,4447,2.0,1018716599
171882,50851,3.5,1568875325
200905,357,2.0,1000812613
148674,2395,4.5,1109299615
182214,410,4.0,1269170085
95528,4215,2.5,1065498344
74249,165,4.0,845456697
22720,3114,3.5,1101465939
21806,219726,3.5,1595649222
76638,1,4.0,1285904910
167151,1373,2.0,1000418352
89470,3623,4.0,974730133
20316,3081,4.0,1108193419
32426,4993,4.5,1225249974
88915,71156,4.0,1265488763
6527,68954,5.0,1446845524
185874,4886,5.0,1074016166
50768,1411,4.0,902329427
14637,2268,2.5,1151025230
165719,329,4.0,1482782771
175484,2746,4.0,988932975
150689,2657,2.5,1208670881
76898,122900,3.0,1604247862
38165,208,1.5,1168864724
188307,33493,3.5,1502042849
87007,149626,5.0,1558738308
177834,1966,3.5,1690638646
196714,4776,3.5,1281835236
107484,49647,5.0,1484522211
68639,3113,2.5,1081880033
45214,1732,5.0,991240344
54023,170,3.5,1121388038
184537,1680,2.5,1118666068
91478,78499,5.0,1469499895
40603,162082,4.0,1514141112
178022,1644,4.0,954266600
109692,296,4.0,1224477397
173629,5112,4.0,1056466605
15016,3510,4.0,974862766
103655,91542,4.0,1420992378
53043,1994,3.0,1151770966
159776,1290,3.0,1597383314
188568,1183,5.0,865750306
128589,1653,5.0,938818889
77493,8368,2.0,1111519606
169071,95,3.0,862485867
110663,260,4.0,1087872283
86651,46578,4.0,1455247829
22507,2716,4.0,1003885549
9742,1285,3.5,1107790196
126832,6378,3.5,1149335360
57603,1266,3.5,1561825360
112298,33493,1.5,1347656934
79158,252,4.0,967978193
15950,186,3.0,840905012
82160,316,4.5,1138599435
70490,104074,2.5,1495307924
37451,105731,2.0,1521246204
166062,2548,1.0,1143870781
106589,7487,4.5,1105748754
47067,1003,3.0,866286620
67356,101864,2.0,1498184275
21891,24,4.0,865415615
179005,1625,3.5,1133366544
37971,837,4.0,965758636
65172,7153,4.0,1160511698
75189,204074,4.0,1670700763
124679,3477,4.0,1223871822
157560,5991,3.5,1480660777
105967,5110,4.5,1516413719
121428,1267,4.0,1515637876
48115,2762,3.5,1125714436
198505,653,4.0,1014238703
110595,46972,2.5,1422805651
139755,3157,2.0,1136802061
7634,1537,5.0,1012069326
81983,71535,2.0,1481100111
170762,2702,4.0,1454862267
42697,858,2.5,1407110071
144965,930,5.0,1476887184
41307,1028,4.0,1136689310
48234,178061,0.5,1608201408
175325,128429,2.5,1465648878
199718,7096,4.0,1258954993
35193,4878,1.0,1506552744
191248,3617,4.5,1074158013
20110,5991,2.0,1144001545
1915,4027,4.0,1440967134
147259,111781,3.0,1494383005
149148,7361,4.5,1278374404
79687,1196,4.5,1358675255
155032,101864,3.5,1384964671
72810,627,3.5,1077689930
197081,193449,3.5,1597570761
189426,8798,3.5,1118241891
29506,53282,1.0,1556394380
199104,1302,3.0,847186894
153484,1953,4.0,1256489965
79654,920,4.5,1310134996
151104,4947,3.0,1075433163
107018,750,5.0,1507916556
15891,5864,2.0,1418010310
155750,3060,4.0,1156444143
11468,2403,4.0,1463162359
47578,289,3.0,847348299
100117,3578,3.0,1524557679
85552,1772,3.0,1269953354
192842,5680,3.0,1171884117
96141,100810,5.0,1495159192
193539,7015,2.0,1430693631
175709,35836,3.0,1455472677
176443,89753,3.0,1593413967
128825,88163,4.5,1605123845
10398,539,3.0,837668264
55946,4609,2.0,1074864069
1033,5816,4.5,1681879802
140377,58998,4.5,1531595565
160539,673,1.5,1194279279
68947,6721,5.0,1077833093
21882,3869,1.0,974576062
80337,3948,5.0,1086824532
11468,102123,1.0,1539882317
132250,46335,3.0,1439773406
51801,3081,2.5,1464298461
48351,6796,3.0,1366770330
56975,4207,2.5,1093061023
13492,5074,3.0,1314048476
192146,60040,3.0,1449611885
193600,33166,4.0,1314411861
150528,2208,5.0,982910699
68201,4666,2.5,1059244484
24365,2788,5.0,962407761
173307,1994,3.0,1385830987
12921,81591,4.5,1599066507
351,586,3.0,840205403
126959,3399,4.0,1021950619
145717,34336,3.5,1137863712
70812,3593,1.5,1101788085
33137,10,3.5,1474104561
113545,2617,5.0,974695020
51405,2947,4.0,976321045
126268,46194,2.5,1261481805
200084,2081,4.0,1098330529
50606,81845,3.5,1546202070
179593,1573,3.5,1054241140
59078,48304,4.0,1220235727
62536,65261,3.5,1347310632
150735,802,3.0,865451602
66457,6377,5.0,1076110012
154392,167746,3.5,1584768965
1509,288,4.0,1189873140
42314,107406,1.5,1630952492
194903,112556,3.5,1436872931
185784,785,5.0,1407069442
156197,551,4.0,945087999
41323,68237,4.0,1520954635
131752,4029,3.5,1437197451
27306,1923,3.5,1111476766
94761,2959,4.5,1676069232
89933,2640,2.0,1135868582
15599,1380,3.5,1159566869
9238,122920,3.0,1469936269
91376,2159,3.0,1048093490
22270,189957,3.0,1677765142
99694,55269,4.0,1373864338
79645,4956,5.0,1044743019
185939,260,4.0,833163855
194032,71535,3.0,1463167455
187213,81834,0.5,1304095678
143916,2313,5.0,1105587654
16305,88140,5.0,1535842495
6563,115170,3.5,1421766133
5649,1079,3.0,976251295
27592,102125,3.5,1663818869
31194,2687,4.0,940419863
129338,1997,3.0,1516229430
44675,2599,4.0,1083186539
190803,223,3.0,948943232
151510,3471,3.0,995848851
190495,3169,2.0,965281544
167571,858,5.0,1059870892
85166,1407,3.5,1334424882
24221,5313,3.5,1336829809
14844,68358,3.5,1313915647
198273,2716,3.5,1441129297
27129,136018,3.0,1685263033
3705,435,3.0,846675169
82319,2530,3.0,1012239596
13189,7254,3.5,1586938030
95159,4979,3.5,1189523102
163968,1358,4.0,1534515388
98899,2496,3.0,1103236120
103231,1573,3.5,1639812709
193932,1917,4.0,1342307073
133090,85020,3.5,1464198468
185266,201588,4.5,1575084868
65145,329,3.0,1118818019
52960,364,3.0,1007908830
177227,1214,4.0,903536218
95567,1265,3.0,1568520402
180485,569,2.0,1046412880
105549,2009,3.0,954995151
179019,2421,4.0,1462000472
152765,177765,2.0,1597580206
122198,37741,3.5,1298837373
148686,103772,2.0,1450782031
99269,1265,4.5,1169838516
167494,3272,3.0,1027191524
71276,106072,4.0,1515529238
182089,2949,3.5,1135710674
129830,110,4.0,1365322563
39443,3300,2.0,1139795614
118848,68205,2.0,1415943673
165663,40815,5.0,1255364210
129127,27839,2.0,1586096927
161370,2054,2.0,1130925532
81558,3809,4.0,965156193
95191,1485,2.0,1113946509
134126,1673,5.0,1677047077
113117,37211,4.0,1461867002
1204,3257,2.0,1354672213
177235,356,3.0,842141202
155033,209583,4.0,1634971755
165426,4025,4.0,1656205931
82616,596,3.0,938795276
127045,5377,0.5,1430795648
13534,318,4.0,1641720858
179725,4343,2.5,1059190461
53995,2875,3.0,945137990
113534,85342,3.0,1415075737
135418,1193,4.0,965323213
183023,8984,3.0,1430653291
186818,34405,3.0,1517854669
21257,195,2.5,1079623459
115939,4901,3.5,1576764077
199641,2693,4.0,1018470475
16621,381,3.0,941568624
77536,6373,3.5,1123502274
173726,4710,3.5,1688105205
57573,2268,5.0,990930646
190189,6539,2.5,1188341570
124704,364,4.0,1240565101
18081,31424,0.5,1132777251
178001,4223,5.0,1118283800
5669,101962,3.0,1450118146
92928,3246,4.0,1026882836
120035,4886,2.5,1453539047
11216,27773,4.5,1468119183
151719,58,3.5,1106746312
164608,140174,4.0,1511191186
43336,1351,3.0,878933564
191882,65868,4.5,1541825834
181224,279812,3.5,1695105059
48406,337,5.0,834357012
30921,954,2.0,1239193790
130700,1265,1.0,1209869406
70583,837,4.0,1279753442
12802,2068,3.5,1297337520
65591,2672,1.0,1131126803
173040,1835,3.5,1474260833
114738,1394,4.0,1359055567
143916,3037,4.5,1105588554
93737,6753,2.0,1213054512
198023,446,4.0,943970386
146337,6592,4.0,1149454872
44503,648,4.5,1474113264
74785,2378,3.0,1090462431
31505,4878,3.0,1376093267
112973,1193,4.5,1113549276
13943,1073,4.0,960233621
157843,88125,5.0,1627487809
193950,3260,4.0,977432041
162267,61323,4.5,1444075728
49125,2883,5.0,941715909
87253,327,3.0,1262933923
49774,2916,4.0,1037517179
8588,131998,3.5,1466871430
101898,3262,3.5,1688850012
110016,318,5.0,843033245
179530,1203,5.0,1424558664
143426,2100,3.5,1129410890
142287,2716,5.0,1492463181
30839,442,3.5,1067897399
59358,1220,4.0,1579686936
178001,41569,4.0,1136086101
121943,164179,4.5,1566768516
87861,1270,3.5,1389404379
157708,110,4.0,1446665854
171245,724,2.5,1502111129
50234,391,3.0,847363555
127625,2268,4.0,1395959831
181118,5617,1.0,1054341049
190574,38304,4.5,1253528728
73009,33495,3.0,1465079690
102093,5066,4.0,1145856403
91035,1391,4.0,1128062953
40383,5775,3.5,1177893296
175325,91914,4.0,1455488818
90046,733,3.0,855086954
57230,223204,3.0,1666458299
30406,3646,1.0,1267263466
177354,196417,4.0,1563821796
15340,1061,3.0,945860882
104179,593,4.0,998419886
126201,54503,3.0,1443732583
7896,51662,3.5,1646510659
31138,2078,4.0,1440867895
82498,457,3.5,1449295677
139921,3384,3.0,984506595
129125,2944,4.0,979349439
103086,3624,4.0,1019163027
36006,2,4.5,1525061776
24091,7153,5.0,1535506871
51546,48,4.0,1130505875
102168,3450,3.0,1028944475
151669,77798,3.0,1488298800
40597,593,3.5,1071006249
1860,586,2.0,1143547816
9867,5528,3.5,1455070919
158791,34150,3.0,1155775323
137135,2700,3.5,1589659990
184383,1747,5.0,1027694473
76092,89492,2.0,1486760625
112289,6541,3.5,1464291658
68321,356,5.0,1212459504
104309,356,5.0,842576697
43639,116977,3.5,1436965534
21434,97938,4.5,1442282059
165362,133281,3.0,1503553653
31657,201368,4.5,1672796686
39835,2028,4.0,1462938169
126426,3723,4.5,1295464483
108828,1518,3.0,975687787
118674,44204,5.0,1159931991
99631,344,3.0,842190228
188594,1258,4.0,1572128652
143306,1125,3.0,1537696268
190969,1375,2.0,1417347891
38329,3823,4.0,1078510000
34859,610,4.0,1010094916
128946,31878,3.5,1289410573
122600,1777,2.0,1256496731
197919,107069,3.0,1558573571
71209,112183,5.0,1624261239
17531,2804,3.0,1369191841
176921,440,5.0,901758949
200323,101864,3.5,1642025991
135791,79224,5.0,1560967068
102560,1500,4.0,939784696
131613,111443,3.5,1438079635
36120,5010,3.5,1665605671
177452,454,5.0,845931685
166784,1270,5.0,1047237969
29539,163923,4.0,1521473386
150310,2643,0.5,1182834135
166779,5632,4.0,1060149727
96173,2553,4.0,1063243763
138054,1091,4.0,1406729525
30342,5218,3.5,1493817114
57602,81591,2.0,1486018438
42978,2716,4.0,944935304
67603,2291,3.0,1323670220
180836,3751,5.0,1616880826
65676,2858,4.0,1144312857
133077,42723,4.0,1187643482
87630,115713,1.5,1586722650
121376,5989,3.0,1055102390
101490,7013,4.0,1079724244
199299,6377,5.0,1446573395
28432,1183,5.0,974792555
158862,3478,4.0,974587943
117816,143377,4.0,1569336781
156155,62849,3.0,1617996437
42499,480,4.0,1332017523
109606,88821,3.0,1341874863
4186,1416,4.0,1403900017
122212,316,4.0,1229617078
63163,1288,5.0,1286591366
196108,44397,3.5,1627459530
75976,4232,4.0,1076951650
102116,4757,4.0,1059603667
20121,54190,4.5,1371215112
21215,116823,4.0,1592191390
115402,1200,4.5,1084243101
27449,8254,3.0,1502351733
92431,2700,4.5,1176141806
137568,307,2.5,1226709972
112647,1,4.5,1129919738
112747,474,3.0,1645356098
172159,1909,4.5,1167939600
81387,32587,4.0,1575765910
48245,1911,5.0,1006641931
197244,231,2.5,1081364030
41638,239484,3.5,1661727242
116764,2,3.0,1072474910
24543,1097,2.5,1468170933
53936,1970,4.0,1147615587
96749,1784,3.0,1111537590
86703,2529,4.0,1001591409
31145,46578,4.5,1276298189
191732,7347,3.0,1136320574
33619,56367,3.5,1563578016
5312,2947,5.0,1113223270
148990,158,2.0,1085758043
37978,6870,3.5,1125274880
68197,2022,2.5,1253415259
37053,164,4.0,1051548409
52628,52328,5.0,1518494197
58528,2944,4.0,945837839
143674,2144,4.0,943909819
168356,153,3.0,837615339
33888,949,5.0,948321499
24952,98961,4.0,1388594872
147078,3210,4.0,964979459
24985,31685,3.0,1613426538
195014,27397,4.0,1550653516
16790,509,4.0,861024625
144840,72395,4.5,1269252686
127997,490,3.0,1109306337
155985,628,3.0,1113930523
120852,3968,4.0,1011987110
197432,152071,3.5,1643920448
193992,923,4.5,1277039553
98266,79553,5.0,1463982862
171172,7482,4.5,1365458296
44465,1373,2.0,1300386145
12193,491,3.0,847669062
144888,2804,4.0,1539475515
66331,3996,3.5,1107192156
68982,3275,5.0,1265067674
166438,1883,3.0,988772434
48672,91529,4.0,1567063256
85158,1517,3.0,1153137966
162361,2997,5.0,1044808290
191214,3300,4.0,1487534791
173586,86298,3.0,1464813723
50406,3247,3.0,956617883
135027,2762,4.5,1530414721
88036,296,4.5,1255384377
72846,44022,4.0,1524537951
116907,110730,1.0,1427468438
56205,258637,1.5,1655975471
145448,33004,2.0,1139892717
45393,45,5.0,975137234
25608,7792,5.0,1156212687
60688,2278,1.0,987023762
387,81834,3.5,1541821633
102100,5956,1.5,1219972918
126988,168366,2.0,1535095640
123557,1442,3.0,944590182
182341,2605,4.0,1446621628
179795,76093,4.0,1500282620
180281,4022,5.0,1003305020
30579,197357,2.5,1555067965
150869,2692,4.0,1146410737
138854,4306,4.5,1420542122
22212,1210,4.5,1372555733
87606,203519,3.0,1567516294
74513,2561,4.0,952062720
161075,173965,4.0,1555373761
23830,2329,4.5,1100186673
152948,7438,4.0,1684697677
148821,2459,1.0,1268928093
88834,102123,0.5,1644182456
45476,1275,4.0,975118244
200323,3468,3.5,1642120366
162644,1196,5.0,990063367
23491,10,3.0,972407796
77996,2382,1.5,1543086716
20532,592,3.5,1364641287
47394,51927,3.5,1691172864
94177,1653,3.0,1544379950
57789,1198,4.0,1240741324
184654,1049,4.0,866878689
46954,82242,3.0,1341182189
200881,292,4.0,839339250
34534,55245,0.5,1490581013
49005,2916,3.0,1066349790
51257,163809,5.0,1493399881
178359,2997,4.0,1000425150
188882,63,3.0,1047232193
16032,3821,2.0,1447429409
107572,76293,3.0,1449443157
8668,4990,0.5,1317832620
93946,1246,4.5,1643906505
62235,222,3.0,835866523
39940,165101,1.0,1539019158
62764,3996,4.0,1067193720
132066,246,5.0,939552375
36438,76093,5.0,1484592112
78145,109487,3.5,1560803579
195635,1584,3.5,1323050412
76873,4034,5.0,1006706367
152322,2889,3.5,1079664463
31034,333,1.5,1552032139
154634,1339,4.5,1196984408
31197,500,3.0,849205877
79932,1407,4.5,1514963885
28406,188301,3.5,1589040517
101452,3996,3.0,1096468310
149476,3250,2.5,1283172262
83849,3396,4.0,1008643051
187317,5878,4.5,1334772370
112747,126430,4.0,1645370530
191715,37729,5.0,1472312683
197798,8937,0.5,1231703983
87324,5810,3.0,1672171657
145121,1376,4.0,1121048946
24637,2380,2.5,1662857941
135882,4844,3.0,1524326684
116269,103751,3.5,1478184723
147450,8371,3.0,1493655801
4948,4148,4.0,1253570770
88915,5669,4.0,1253205449
80205,111759,3.5,1587498006
19387,1610,4.0,1377585345
55234,585,4.0,978732728
110025,8376,0.5,1122418728
50834,48780,3.5,1181212551
62365,4963,4.5,1226654338
175985,2949,4.0,950770303
95625,181315,2.5,1621090181
175441,1375,0.5,1243837989
90857,96079,3.0,1405751735
179521,112852,2.0,1664488166
64592,58937,3.5,1580585635
65255,2997,5.0,1434150697
132758,318,4.5,1280930864
94971,189805,4.0,1615070108
8375,31696,4.5,1476381870
189345,802,3.0,1297311169
137734,2481,5.0,1030132151
73907,105250,3.0,1449956322
91866,1682,2.0,938971639
32528,103341,4.5,1437953301
113345,112852,4.5,1591787153
148931,1222,5.0,1169506271
84222,122904,4.5,1468703356
7805,4623,3.0,1041892245
25088,2243,3.0,943556674
5625,3052,1.0,1111558336
151214,163645,5.0,1605815414
160457,2761,5.0,1617999797
23874,4022,3.0,1471378580
101118,58559,4.0,1517058951
47302,233,3.0,833252843
141351,58655,2.5,1588035125
5261,1101,5.0,1233805496
185309,6367,3.0,1508355136
123640,1269,5.0,1591347619
141536,198,3.0,997592903
192462,1270,3.0,945025045
10880,784,2.0,1156234624
168954,1682,5.0,1527519676
179324,4889,4.5,1275324913
150262,72712,5.0,1293507770
144492,93840,2.0,1475346313
79700,60950,2.5,1489289947
57870,2106,1.0,1437328589
5455,172547,3.0,1516627021
67246,78316,2.5,1477675696
107463,364,3.0,841330411
130548,140956,2.5,1577584087
73859,527,5.0,1605695521
179072,783,4.0,1245128188
22080,170,3.5,1277903382
170116,1214,4.5,1068669092
187495,2657,4.0,996376714
109901,7439,3.0,1626301563
30662,2986,3.0,1282558588
67172,1215,4.0,1043198687
179337,3070,3.0,945196622
92336,653,3.0,965662718
25943,480,5.0,943170024
21776,1409,3.0,1197319136
174752,33493,4.0,1157766083
11209,5618,5.0,1270944442
152184,2706,2.0,1480822286
40333,3052,4.5,1190663927
66453,3477,5.0,1269244783
169154,47099,3.5,1599225801
60723,1222,3.5,1587527603
193464,2657,5.0,964989397
148358,364,5.0,1159584091
1082,8644,3.0,1251839421
33701,1617,3.0,975126719
152972,7161,3.5,1107118755
68660,1884,4.0,1479013733
123081,3536,4.0,987792409
135553,264135,4.0,1645558025
117992,2571,3.5,1452346084
164145,2700,5.0,1115067865
193590,68554,2.5,1563987429
145463,3996,3.0,1005529248
124025,3895,4.0,1275882631
89351,115617,3.5,1482757327
172928,762,3.0,863772763
45277,7104,3.0,1269590681
35340,40342,5.0,1251172718
192101,185,4.0,841335211
70694,279484,3.5,1674618331
167002,5349,4.0,1493562969
126669,2571,4.0,938818658
41126,2125,3.5,1429557184
129101,2767,1.0,938591947
143536,3740,4.0,1638601342
105903,608,4.0,1574766806
147846,805,3.5,1516708656
63954,89745,1.0,1452042807
149060,148626,5.0,1526843254
99030,1244,4.0,940341039
101336,3755,3.0,1172164728
65770,610,3.0,834404620
69494,53322,5.0,1605293422
181877,2340,3.0,1127829767
67854,104875,3.0,1640554538
130849,2690,4.0,949776333
180297,736,3.5,1132343678
62766,2664,5.0,960004341
131471,5065,3.5,1164643526
166813,7143,4.5,1071550436
154751,109374,5.0,1681581857
95670,60756,5.0,1695093576
42314,60514,1.5,1630954822
65712,3591,1.0,959297445
80303,765,1.0,948493834
103843,1333,4.0,950051458
95405,3155,4.0,1039582616
120311,1027,2.0,1337172558
163683,1544,3.0,1260182791
16358,1208,4.5,1507147421
189629,1682,4.0,1461948691
182414,4226,3.5,1681738782
53347,1590,2.0,993954719
17897,3844,0.5,1448908161
130809,2301,4.5,1609166486
30709,3535,4.0,1638361956
141812,4022,3.5,1070375414
109596,3448,3.0,1544748787
86007,1196,5.0,942858815
198452,1240,3.0,1012683111
107276,1238,5.0,957715493
71010,5218,4.5,1468738119
167973,79132,5.0,1455736921
116694,2273,2.5,1296294330
104859,2115,5.0,1351469680
126985,2023,3.0,1005916547
14741,1214,5.0,849552126
116206,1291,4.5,1294847972
137156,4489,3.0,1603549718
131873,1221,4.5,1264544819
177764,50,4.0,1600460381
163127,1222,3.5,1076444509
140165,147,4.5,1217564627
182688,259,3.0,833126222
77738,4941,3.0,1012515653
198893,858,1.5,1663715034
82018,1784,3.0,1419777430
175039,2791,4.5,1626142860
74263,1237,5.0,966263673
21544,1300,3.0,864378726
88339,475,4.0,1387873376
44240,307,3.5,1296088507
34534,218817,1.0,1593835327
17077,8368,4.0,1447725135
81130,166461,3.5,1567482974
151771,349,4.0,1042569358
32173,56367,3.5,1611173314
124557,1784,4.0,1445505517
75197,79132,5.0,1583708759
1780,79091,3.5,1687660093
89115,1395,4.0,1006059948
120548,1083,3.0,883671775
29797,68954,4.5,1429952467
14058,2023,3.0,954446451
157922,3556,4.5,1382224790
8137,104374,3.5,1546909118
53995,1923,4.0,945128047
178029,965,4.0,978102221
168379,2858,5.0,1478435765
15928,2959,5.0,1618472200
104212,145,5.0,956751670
6424,3247,3.0,1310871810
46784,1,4.0,848615568
53158,4811,5.0,1488898371
142922,7834,5.0,1532489464
47298,2014,4.0,1024049537
19522,8623,2.5,1111548785
174362,3545,0.5,1451850011
124634,6564,2.0,1086478031
66107,919,3.5,1263505038
100887,3704,3.5,1683412794
104315,2881,3.0,1048547890
84441,156573,3.0,1585689607
9314,8360,4.0,1683400940
179591,1221,5.0,1221852677
101212,3624,4.0,974620300
37565,2683,3.0,975212929
109080,5391,4.5,1082395475
30517,3178,4.5,1296102487
72268,3471,5.0,1474227342
117544,73017,2.0,1494635926
70138,2571,3.5,1479095155
86926,858,4.5,1406052177
20832,2858,4.0,1226546272
104133,4973,4.5,1311522869
30767,52606,4.0,1418196598
101418,59784,5.0,1481878360
80631,150,0.5,1127115522
31765,1078,3.5,1173655955
28403,3078,4.0,1014141572
192689,969,1.0,971812789
60464,1097,5.0,951046823
124828,4973,4.5,1575612589
113962,4308,4.5,1281725948
78507,1210,3.0,853455264
92761,4718,3.0,1218564684
107920,100244,3.0,1655994640
103775,419,1.0,836532474
52537,2799,3.5,1127346036
57618,805,3.5,1568118143
3957,3440,1.0,959374143
160596,1307,4.0,1240942167
23421,373,4.0,862148039
46146,1580,3.0,1690158237
4515,2088,3.0,940434158
10567,203557,2.5,1606445174
174622,459,2.0,1144112690
28446,3147,3.0,1071635780
82811,176929,3.0,1541823044
161960,2701,3.0,1008382773
22744,2644,4.0,1553672063
55326,5669,3.0,1307029418
172672,3948,2.0,1652324436
75242,3022,4.0,953759583
43772,213397,4.5,1650120038
171992,3730,3.0,1431266732
198315,91500,2.5,1436546701
75455,148626,3.0,1600256619
77532,457,3.5,1078603421
14939,106022,2.0,1637771168
132298,37386,2.5,1141572886
3071,71530,3.0,1465378468
143763,5799,4.0,1064090314
14085,913,5.0,974654028
182322,104,4.0,839184375
43092,4867,5.0,1017779663
14674,8194,3.0,1648377312
122465,63436,3.5,1486923061
155161,1429,3.0,861234799
46355,903,4.0,992449849
172528,30793,3.0,1214872828
193466,70728,3.5,1355282702
158634,1610,3.0,942131150
149307,80969,5.0,1503433859
198508,345,4.0,944309922
94271,34,3.0,1184298289
31263,1917,4.0,1430236320
86775,1931,5.0,1695260494
127056,33794,5.0,1442121050
82886,2126,3.0,1462647813
174863,8464,3.5,1512044535
70015,3745,3.5,1179126096
114165,3469,5.0,1016674893
175516,1224,4.0,855480109
93332,77561,4.0,1628645274
76060,5349,5.0,1567443592
168755,367,4.0,839067282
173601,55247,5.0,1518555223
80563,39183,4.0,1552516922
103333,1608,3.5,1492352867
170220,293,5.0,1480354924
29392,1372,4.0,1117040375
56222,2273,4.0,967410958
68478,3868,5.0,1008530993
78203,86320,4.0,1496358910
7232,329,3.0,858076989
12329,1259,4.0,1465422308
18095,51884,3.0,1251847331
143906,2761,5.0,1601772404
123134,1603,4.0,1488117993
170700,4873,5.0,1044830886
12818,2291,5.0,1289269148
54589,3948,3.0,1551402567
74166,109374,3.5,1416891957
61417,3386,3.0,1023826584
91523,64614,5.0,1664366536
157390,91542,4.0,1496159886
194051,48774,3.5,1504208717
85074,224,4.0,848317800
146653,27186,4.0,1321207729
97421,47,4.0,838580113
160897,2605,3.5,1349113133
121337,1196,5.0,1043158572
192778,3994,0.5,1141466554
81897,104374,2.5,1434064666
95069,858,5.0,1348410367
194207,1,4.0,977360234
59164,110,4.0,1070784043
194372,6593,3.5,1584801937
66936,4018,3.5,1181744290
5594,2959,4.5,1540659044
153627,6754,2.0,1536130619
174853,1954,1.0,1184513721
33721,70286,4.5,1386715864
176578,36401,3.0,1176348090
118146,1544,3.0,1130067767
83707,89804,4.0,1491734749
70300,1265,2.0,1329609601
186471,915,3.0,1041859249
159405,54503,4.5,1417684886
200350,3471,2.0,1686760382
107572,104303,1.5,1449443150
199443,3148,4.0,971274291
23761,65,0.5,1225604677
2919,79132,4.5,1455277769
112246,192393,2.0,1546054840
66219,165,3.0,846447580
157826,5445,4.5,1106030533
116998,1036,4.0,1104606905
78699,103688,3.5,1530158690
110663,1079,3.5,1087870192
96340,100714,4.5,1679250332
54600,1569,3.0,913243700
123723,6379,3.5,1057761437
175900,2502,3.5,1421772881
16260,6620,4.0,1121648591
48267,858,4.5,1461445935
16304,2542,4.0,1348921398
4209,8641,4.0,1492052059
25792,7036,2.5,1238428995
13492,91325,3.0,1336533841
131344,1252,4.0,864342813
163553,225,5.0,835001784
13860,1283,5.0,1048438310
55469,2696,3.5,1609087961
124840,91535,4.0,1586297345
191587,56156,3.5,1293590869
72625,5401,3.0,1150913316
84706,91658,3.5,1525626929
163624,115713,5.0,1440043487
127622,56152,4.0,1528533633
79181,1,5.0,1626566809
114686,1036,5.0,1000192739
8114,40819,4.0,1616875205
99298,2724,4.0,979939736
140068,3717,5.0,1067385474
17399,1276,3.0,1212197526
19676,2003,1.0,975799079
200164,4558,1.5,1125688576
86206,356,5.0,1078241048
129909,4995,3.0,1229792430
132965,788,3.0,940720632
61355,5060,5.0,953586638
198025,193950,3.0,1609020998
176400,1282,5.0,1302840273
38886,5785,1.0,1448150270
37307,2959,4.0,1638561978
81705,2366,4.0,1342833795
65184,128360,4.0,1513722302
27429,1377,2.0,1107572011
44947,260,1.0,1624510060
155701,1095,5.0,1665563967
80322,96373,4.0,1427595700
75916,104913,3.0,1635604784
120765,3072,4.0,1054945348
139579,1240,5.0,979079311
61651,1963,4.0,939231497
120784,4673,3.0,996941565
60461,32587,4.0,1499373003
73203,165,4.0,1499119891
45452,2321,2.5,1150837476
196327,6155,3.0,1624051931
50284,1200,5.0,944903735
82181,4366,3.5,1078399792
152988,370,4.0,1291553720
5277,6874,2.0,1609713753
86318,163645,4.0,1487265524
145214,45517,2.5,1482557029
146411,108190,5.0,1483648900
164741,111113,3.5,1488584185
104207,2467,5.0,1420902906
57964,1278,4.0,1101099534
38708,1980,1.0,1013903465
36286,1625,4.5,1639506745
152875,1704,5.0,1547755495
61830,3793,3.5,1111628339
90923,101864,4.5,1438128914
142298,1203,4.0,876330527
126007,91511,4.0,1426899496
98257,1192,3.5,1462213401
183235,1316,4.0,848342031
155774,852,4.0,903138486
88483,95,2.0,1046303721
59936,318,4.0,1175444647
117682,46972,3.0,1658887670
165298,2485,0.5,1222970221
195448,31502,3.0,1669734629
135330,4974,4.0,1493782862
8307,105,3.0,1504053284
23342,3114,4.0,1516059362
135072,33004,1.0,1195278155
154004,5478,2.0,1447662568
190168,4628,3.0,1012833177
146924,1013,0.5,1065548839
93675,101142,5.0,1428132801
46806,5995,5.0,1529444457
85464,60069,4.0,1297020685
90041,90528,2.0,1439443395
197844,1197,5.0,1489599731
148596,2726,4.5,1190330677
41058,1378,3.0,861491650
125352,4092,4.0,981473968
127873,1653,3.5,1311556246
19946,7151,4.0,1282592147
71731,4446,2.0,1585379991
139676,47200,4.5,1171928410
28073,3668,3.0,1606144310
50276,376,4.0,835745047
27096,778,4.0,1172107307
72093,410,3.0,840222747
56523,1130,3.0,868834847
190065,2160,4.0,1499695852
95756,5060,5.0,1015519549
129561,3260,3.0,967059188
33616,8984,3.5,1544867485
61009,2716,5.0,1034898509
145817,3635,3.0,1071524557
40545,6027,4.0,1074556769
3781,60069,2.5,1235154239
81424,161,3.0,838928810
192515,2628,1.5,1207821925
30159,5418,4.0,1688852879
42316,3826,4.0,1035067991
22115,27087,4.0,1324350473
60649,207405,4.0,1638106045
169663,780,5.0,846176344
82061,1241,3.0,963012568
108354,7114,3.5,1142282488
103516,356,3.0,955304637
159391,100810,4.0,1425274014
81590,6863,5.0,1585526082
82341,2161,4.0,1115657412
75393,170357,3.5,1596303772
140917,74458,4.0,1547302719
925,480,4.0,1395516544
17863,80489,3.5,1284822134
48989,1617,4.0,915445693
174575,5617,4.0,1223175975
46597,149334,4.5,1518016186
139111,2571,5.0,1480621194
97113,426,3.0,1029089769
143601,161634,3.5,1608325406
171798,318,5.0,1540955168
64283,3362,4.0,1359311528
31245,87306,3.5,1431470034
16089,3296,5.0,965954675
173599,329,3.0,831677243
173221,143859,4.0,1585136428
18537,4989,5.0,1536406961
182965,3168,3.0,1472947238
25277,60069,3.0,1453555677
119155,1961,4.0,1548557806
45200,194100,3.5,1551636916
105353,1711,4.0,978447084
191755,480,2.0,1169208725
159985,1196,4.0,886171686
86087,2009,1.0,1392279832
179571,4719,4.0,1573456755
44058,3534,2.0,1040390760
55325,103772,3.0,1572352457
9314,44972,4.0,1683403910
15978,201646,4.0,1688436978
30484,329,3.5,1522239785
66102,1193,5.0,851894479
40031,5833,4.0,1039191265
131415,4306,3.5,1126806211
17495,60074,4.5,1549953398
83988,1092,4.5,1596072427
160015,58,4.5,1093993314
20243,434,3.0,1157666035
7180,1103,5.0,953831543
164980,2176,3.5,1445349383
193627,412,4.0,878835007
144805,2485,3.5,1069885193
91881,19,1.0,1117819097
132839,5055,3.0,1572082270
132489,1247,1.5,1179853361
12835,924,3.5,1448825955
188807,1997,3.0,1171652565
9268,98378,3.5,1359659087
172752,1729,4.0,1175281665
78957,5349,4.0,1566544607
157125,1297,3.5,1107458749
123603,122890,3.5,1494620966
170649,8958,3.5,1177810386
199332,210861,3.5,1631826187
74891,1608,3.5,1213937931
31437,204352,4.5,1593773052
102438,904,4.0,961533279
72408,3108,3.0,1146990083
3231,52281,4.0,1189338753
117859,3740,1.0,1424444895
129848,143355,3.5,1615145645
34399,608,4.0,977774591
171795,3878,3.0,1242337524
12032,79702,3.5,1672290880
194780,116797,0.5,1584900696
123485,4865,3.5,1406965727
260,6889,2.0,1555755632
100896,592,4.0,1033701225
190022,1597,2.0,1200074565
155289,84392,4.0,1359326291
42515,2412,1.0,1103906487
37048,1425,5.0,857758208
82318,1689,3.5,1542383782
52883,293,4.0,1169059481
145501,1617,5.0,939230017
103925,281208,4.0,1674989306
66311,2423,3.5,1123710214
89193,1270,5.0,1494316687
122069,34,4.0,845106931
181125,2194,5.0,968216220
108250,61132,3.5,1500661205
40212,91325,3.0,1486838721
4465,60074,2.0,1469686419
93679,2629,3.5,1058852356
146821,1566,4.5,1501502124
176455,1172,5.0,1448763628
87067,1291,5.0,1001198981
129680,2927,4.0,1203374932
44966,4865,4.0,1415362522
166167,2076,5.0,1513830904
104544,40581,3.5,1445030814
83037,337,3.0,845680189
63945,1356,4.0,889380359
146732,169984,1.0,1696695331
139972,131724,4.5,1456358796
5978,1291,5.0,986354142
71426,1213,4.5,1369523972
119269,95744,3.5,1352612643
173401,1277,3.0,967904631
77174,3113,0.5,1398892921
85398,1356,5.0,952689258
6621,1411,3.0,1519833717
159435,150,3.5,1230331874
84844,355,4.5,1479788777
59900,933,4.0,969211343
127822,4973,4.5,1237234263
193214,34405,4.5,1517993960
90276,2918,4.0,1439794793
173907,7386,2.0,1112229630
3425,2355,4.0,1458816443
41332,2571,4.0,1585487184
160431,4973,4.0,1201640473
82519,1485,2.0,1483935903
83171,1556,3.5,1228246129
37590,27728,3.0,1441487133
161565,5679,4.5,1111546822
13839,1104,5.0,1339383071
107195,1620,4.0,1018314396
28207,1320,2.0,992368879
8232,671,4.5,1275696567
147952,364,5.0,1193454107
30451,7173,3.5,1435065253
112972,102800,4.0,1559975423
75757,2371,3.5,1229090338
144989,1289,5.0,1454097931
173145,1393,2.0,1027094586
52273,912,5.0,947941747
148155,80549,3.5,1444597905
30497,2012,4.0,1564156890
1739,2078,2.0,1555426445
113373,1329,5.0,941986488
156644,3717,5.0,1470193856
55860,1,5.0,847120307
10099,1407,3.0,1052601613
135240,232,5.0,944267764
75077,6539,3.5,1603697109
10515,55247,4.0,1399511872
163107,3994,3.0,1557287999
188828,59369,3.5,1632848160
141630,48304,3.5,1210360973
9120,171011,5.0,1655101701
131921,53468,5.0,1215964183
108524,1136,4.0,1081097405
108029,367,1.5,1696383883
51167,114662,4.0,1516371593
153606,110,4.0,1287099524
133430,260667,4.5,1694846094
131269,290,3.0,1045669906
147575,6377,3.5,1440828884
11214,1357,4.0,1153854787
125983,17,2.0,847237983
179532,991,5.0,852278304
75014,480,4.0,1392495514
149711,7451,4.0,1447186835
98490,2161,1.5,1435133242
149610,3150,4.0,974666252
117499,122912,5.0,1549445073
110635,168248,4.5,1685293099
66900,923,4.0,1347555328
200323,4020,3.0,1642086262
148472,205383,2.5,1601738132
176603,4700,3.5,1427395827
65784,72378,4.0,1446673586
49260,480,2.0,948350633
117296,5971,4.0,1304612447
32649,307,5.0,942524719
60153,3271,5.0,1054438771
157880,3785,3.0,1610419375
136954,7325,3.0,1111646004
87671,152081,4.0,1607291032
152744,1527,3.0,1112530942
181403,6016,4.0,1463147550
85575,1358,5.0,1266085299
146926,112556,4.0,1616850641
125747,2858,4.0,1032460173
150440,1198,5.0,1685036694
11438,112421,4.0,1584235388
195014,56145,4.0,1548270521
152896,1270,3.5,1490476524
7802,886,4.0,977005259
154165,148626,4.0,1663837163
71757,441,4.0,945155208
147962,1035,5.0,1094793251
63866,4306,3.5,1210502067
9487,140267,4.0,1548133058
44931,4344,3.5,1073593248
142769,2000,3.5,1106303893
175053,112556,4.0,1617858159
27682,858,4.0,990576002
181059,168122,3.0,1517690389
73134,1088,2.0,992574324
149405,33834,4.0,1207076613
51413,2762,4.0,940060886
12741,52589,3.0,1332791289
150735,185,3.0,865455543
170933,539,4.0,848985573
15627,71688,3.5,1655484208
139908,1025,3.0,1360230535
90141,6874,5.0,1257641818
116160,2378,3.5,1358105242
75583,1682,3.0,1208870373
51035,296,4.0,1491269765
86438,87232,4.0,1524858897
168272,153,2.0,904509578
185405,3039,5.0,1606194920
197177,54503,4.0,1519841796
160547,1394,4.0,851407028
184252,105340,3.0,1562898397
42961,3253,2.0,1595732062
16172,1387,4.5,1116367745
181744,109487,4.0,1545188489
154526,48385,3.5,1692742427
177379,1573,2.0,974698934
45504,3910,1.0,1069164654
195330,3550,4.0,1046980357
5625,500,1.5,1111747418
164287,6016,5.0,1485838797
19415,6947,4.0,1088224571
14729,2840,3.0,1037606509
185635,527,5.0,1390337681
84404,98604,5.0,1520090384
149521,202599,3.5,1656908247
159096,111622,5.0,1447634681
117711,1374,3.0,1645735945
53000,3489,4.0,1418957206
187281,7918,4.5,1113196637
185876,73321,3.5,1499231494
19968,74458,4.0,1567907272
167337,3635,2.5,1157722845
137457,220380,3.0,1634020315
16458,30810,2.5,1465701564
173681,3785,2.5,1585879053
178595,1203,5.0,1447003233
116316,788,3.0,858862877
71977,2141,4.0,943046848
180671,1590,5.0,954813152
165991,185481,2.5,1682827517
4746,588,3.0,978398092
146994,145,3.5,1506185107
145673,653,2.0,838043467
185531,5620,3.5,1216922527
122618,6852,4.5,1301086976
123683,1464,5.0,1501075774
115301,81847,4.0,1399958710
106808,3753,0.5,1217015287
40350,53125,4.5,1224274454
90175,4226,3.0,1100356086
76309,2076,2.5,1434592144
150442,1129,3.5,1642537693
183397,97921,3.5,1617459201
171285,2248,4.5,1404709660
157970,4977,4.0,1025581509
69123,1082,4.0,975168900
175560,72378,0.5,1480793830
107931,2473,3.0,967435755
45299,2918,3.0,945012949
77536,278612,2.5,1669924887
88533,86059,1.0,1462644086
73942,7451,4.0,1134925606
2348,78499,4.0,1277178684
117459,164179,4.0,1640835956
64561,59315,5.0,1351148741
119314,231,2.0,849009549
196120,2571,2.5,1239399252
22103,2052,3.0,1003770841
16335,169656,3.5,1605307550
113243,50872,4.0,1601260545
67465,69481,3.5,1437923716
132794,78105,4.0,1453851175
126539,5364,3.0,1085760619
48084,1907,4.0,901485536
120930,63,3.0,1089944889
163982,4446,4.5,1439784233
169936,2571,5.0,1118738861
26520,2416,4.0,1083944655
191264,2404,1.0,986199142
173975,44199,4.0,1535144076
54640,2167,2.0,1242730144
192940,4226,3.5,1170188680
9112,608,3.5,1508780034
49296,4011,4.0,1452407693
132894,1228,4.5,1595201909
51387,7153,5.0,1465843158
81615,1431,3.0,1233790793
141490,2150,5.0,1185478606
127759,2396,2.0,1453269830
175003,296,4.0,1158268200
108495,1,3.0,1364741761
175155,1912,4.0,1053691360
150937,540,3.0,1217264768
171900,349,4.0,845287382
93403,589,4.0,1484445723
127294,61406,3.5,1493565725
140504,1222,5.0,1225479007
148324,104321,4.0,1422937176
187470,2640,2.0,1111551913
125464,4246,0.5,1458843851
179959,1464,5.0,1111688381
148482,152081,4.0,1589894404
158009,117867,2.0,1604197212
122793,780,2.5,1672488112
69851,2406,3.0,1641578170
28504,907,4.0,1120351023
190920,26938,4.0,1522998406
48132,908,4.0,1020254278
82260,733,4.0,1286606451
170912,3253,4.0,1078421036
192773,117533,3.5,1453439842
34589,527,5.0,1439055355
186980,39446,3.5,1248179077
188158,1855,1.0,948048712
190235,217899,3.0,1597766556
68124,48738,4.0,1486615045
37590,2729,4.5,1538835353
98913,4886,3.0,1449013666
18038,127108,4.0,1575138770
31731,4878,0.5,1604858580
16051,260,3.0,1026103717
61836,46976,4.0,1248797268
37379,1049,4.0,882319633
6701,88744,3.5,1425376614
154779,166534,3.5,1540916349
78239,1550,3.0,868343738
19992,2023,3.0,1358707152
152189,131004,3.0,1552474902
101654,26269,4.0,1456373392
90934,2571,5.0,1483305722
22476,4678,4.0,1026015905
80456,838,1.5,1053920017
7281,1374,3.5,1131222826
188599,3686,2.0,981420947
83918,257251,3.5,1631829908
183510,6502,3.5,1171626743
123974,4823,4.0,1637759568
73193,1380,3.0,971773035
150296,106920,3.0,1542896651
61976,1281,5.0,1245867872
66886,3163,3.0,1138162692
79940,597,5.0,852061426
97223,85213,5.0,1588701906
195884,586,1.0,837276996
88114,1958,3.0,975540149
183585,177883,2.5,1511458093
168798,364,3.0,848761832
113230,1748,4.0,1119062990
145717,3868,3.0,1051919565
34111,597,4.0,887750286
127335,6820,3.5,1564229805
107114,76077,3.0,1539864618
150455,7669,3.0,1358021907
47626,7347,4.5,1574833129
32490,48142,3.5,1445700532
98141,750,2.0,1461957467
35491,46578,3.0,1504178029
70776,2161,3.5,1234826658
151618,7153,3.0,1682094039
178990,1704,4.5,1578079038
77388,1258,5.0,1233785126
106393,1517,2.0,1124592063
111100,2762,5.0,953144759
69830,6059,4.0,1497595657
137556,47629,4.0,1258419113
197609,1047,4.0,947702926
109559,81564,5.0,1491411221
882,719,4.0,865945808
18550,5378,4.0,1418817870
91550,103372,5.0,1477921170
121316,159717,3.5,1514335906
1048,207141,1.5,1619382220
103188,1707,2.5,1248214842
196390,1610,5.0,974612584
41427,3034,4.5,1473538749
114687,46723,4.0,1291070300
4786,256,5.0,1411326829
49284,5220,2.0,1035773581
187422,1562,3.0,1281841502
119139,5080,4.0,1037066572
103849,2291,3.0,1122395841
11056,72998,5.0,1569936655
129260,904,5.0,1612984363
122892,5952,4.0,1488403012
119526,167248,3.5,1614054669
28936,2403,2.0,949370224
92637,1240,4.5,1175781597
178017,79,3.0,868277060
103256,204,2.5,1212966849
139710,51412,3.5,1441612180
43386,31221,1.0,1497755625
72416,1350,2.0,1475214507
76430,1208,4.0,980941681
76047,6874,5.0,1073419743
55308,44788,4.0,1174196854
124054,2966,4.0,1287309722
200565,162346,3.0,1549097472
2795,47721,4.0,1514066123
19941,1972,4.0,1241124513
124010,5040,1.5,1139141613
153707,778,3.0,865451012
181762,5954,4.0,1592153819
95155,3699,3.5,1492531534
168740,4011,5.0,1175414482
80187,61132,4.0,1444905939
66555,1748,5.0,942101442
33058,2959,3.0,1594094805
145203,589,4.5,1115738862
25532,46530,3.0,1474859661
195115,4979,3.0,1512509187
24952,2571,3.5,1294659089
170200,5952,5.0,1335576268
24359,555,3.5,1477090388
27060,1206,5.0,1274171802
91133,648,4.0,1419235637
196582,76093,4.5,1590803101
144468,344,4.0,1047486224
102185,49278,4.0,1467573814
80757,122882,5.0,1498532768
49434,5009,3.0,1448101676
156854,2028,3.0,946556334
39454,4321,4.0,1029908056
96774,7084,4.0,1609600691
87678,86332,3.5,1466611138
123211,3252,5.0,1042133804
8359,3595,2.0,1501171914
121305,45,4.0,1200889469
19498,434,3.0,848999130
8836,47124,3.0,1426391940
116492,442,2.0,1086783404
169291,55872,3.5,1204955471
149401,198,3.0,966226499
97385,899,4.5,1405810655
101885,205,3.0,887715918
103471,91529,4.5,1458891619
183426,2762,4.5,1114292873
74585,1258,4.0,1458313305
92886,1961,2.0,1078590083
102028,2890,3.5,1197928487
91820,208,3.0,833187379
123724,2269,2.0,941529962
65856,4041,3.0,1054921272
177302,6183,4.5,1546059175
97024,1019,4.0,1337179898
89019,30812,4.0,1606768591
67762,529,2.5,1109262130
66106,1760,3.0,1555436657
64298,1,4.0,832928828
168259,5418,2.5,1647454581
132194,1345,5.0,1394321531
122034,108932,4.0,1534726816
19327,3107,3.0,1393409135
5765,4388,2.5,1464388064
159746,3152,5.0,946623924
41587,1591,1.5,1280678306
100708,466,4.0,913296986
156173,3386,3.5,1458597154
102703,70286,4.0,1483843800
16918,1754,3.0,1432984986
119227,4085,4.0,1619932623
89063,3608,4.0,983660193
195102,2985,5.0,944940302
60042,72998,4.5,1616206019
49042,30749,4.5,1433171373
117333,4641,3.0,1475803275
100035,4247,1.0,1151784730
29344,26306,3.0,1456312776
182220,6308,2.5,1053959729
154634,4531,3.0,1197009016
4384,97836,3.0,1512823146
125969,7147,5.0,1612894274
108057,778,3.0,862742173
166236,35836,4.5,1193463929
98442,1032,5.0,1436036449
29570,318,5.0,840827642
95414,3897,3.0,1217867793
93986,1247,3.5,1286072067
160292,480,4.0,1574825615
115075,82053,3.5,1550525478
198515,129428,2.0,1440267550
59720,1909,3.0,967677529
137858,52245,3.5,1357488976
38251,44195,4.0,1334029107
64518,4995,3.5,1473718416
100769,7934,2.0,1585437024
166953,8958,4.0,1107588723
93595,518,3.0,995415843
6084,68954,3.0,1268310029
16021,1032,4.0,1047282908
100542,597,2.0,952534406
125019,2356,3.0,978250232
189049,1777,3.5,1092408046
14001,673,3.5,1248864291
191715,2428,2.0,1486288510
171795,59387,3.5,1239410767
8497,356,4.5,1641571839
51652,7153,4.5,1618849349
195064,96079,3.5,1567040613
79550,115122,5.0,1674740080
163904,968,1.0,1111500748
117585,4701,4.0,1107937134
149605,300,4.0,947077235
198914,3608,3.5,1569276433
185977,2976,4.0,1468161590
57915,60293,4.0,1230415025
125128,3028,3.0,1304882272
160827,4223,4.0,991882892
26521,3534,5.0,1327111481
132114,81819,2.0,1462047595
90472,151,4.0,863680484
132483,68157,3.5,1622997786
68103,2719,3.0,1009967371
20350,1208,5.0,965346198
131067,114662,4.0,1467251593
78731,84954,4.0,1679581514
29835,45521,1.0,1601374811
177614,1183,2.0,1586151381
74330,8983,3.5,1148812252
115021,99149,3.0,1694990585
52628,1756,3.5,1518496595
170413,1248,5.0,916338030
114088,2959,4.5,1135263350
162082,4132,3.0,993673716
32625,164179,3.0,1624149559
191128,1747,3.0,974672388
18013,2502,4.0,1117821814
184170,3000,4.0,1269120243
132193,1707,4.0,1264973877
113677,38038,3.5,1503743323
12216,434,3.5,1125462274
110235,1080,5.0,1278718224
13431,2424,4.0,1303201221
95112,2706,3.5,1235589983
25311,748,4.0,978750313
152774,159,3.5,1494735756
147267,4848,5.0,1572120310
53393,1,3.5,1217711355
6781,80463,3.0,1289042061
168507,2716,4.0,1548609613
104499,6984,5.0,1258490446
190603,2000,3.0,981347541
184856,2278,4.0,998338230
11654,2066,4.0,1044043559
184892,1136,5.0,1094779830
155885,485,4.5,1276659456
44015,192389,4.0,1606543809
187665,60516,3.5,1670785323
125153,222,3.0,830701087
76907,5254,4.5,1665164458
102723,471,4.5,1089471268
84074,6218,5.0,1086035105
57894,1193,4.0,1253376143
153659,379,1.0,902932455
53223,6440,4.5,1609022321
177352,350,3.0,854872738
88925,1334,3.0,965313589
152864,1193,4.5,1573946380
183379,6879,4.0,1082118484
141321,1225,5.0,974144347
180485,500,4.0,1046410673
102277,119145,2.5,1446064806
34689,1673,3.5,1369266941
70324,441,4.0,1330430858
74188,63113,4.0,1687942769
83482,74458,4.0,1543895395
124919,457,4.5,1509007807
48159,6350,4.0,1263343594
152166,2717,4.0,1612203137
108222,275,3.0,833482130
3936,55768,4.0,1613608437
26476,1653,3.5,1421061054
447,3556,3.0,1442217914
198420,216,2.0,1500044190
146268,54648,1.5,1585004983
187198,139644,4.0,1565507308
10408,2846,2.5,1352528745
178574,3555,5.0,1459112845
76145,48,1.0,1111692438
167676,260,4.0,945488486
128655,3949,4.5,1226304880
160788,2858,4.5,1211496422
130454,46335,3.5,1387849106
17059,2987,4.0,968559718
162155,129514,2.0,1585538001
47685,114678,2.5,1449437038
163021,7319,5.0,1639048247
67587,1080,4.0,1422206611
42718,1393,3.0,949964189
51570,2107,4.0,973840874
35079,2571,5.0,1636439631
146857,4980,2.0,1008706588
30495,6541,2.0,1574836974
118014,3248,1.5,1141752217
141704,2858,3.0,1457815119
190761,1909,3.0,974746055
126081,1591,4.0,951617084
80562,102445,4.0,1602408608
159070,4857,5.0,1003157433
172018,52722,2.5,1545080424
89105,1019,4.5,1318199142
128099,1190,3.0,939759749
55495,2605,3.0,960604103
163197,1022,4.0,1671735533
9204,5047,4.0,1472936851
122977,3949,3.5,1489032535
147219,2054,0.5,1172790974
73339,68157,4.0,1370917837
20245,2987,3.5,1648357196
4283,1285,4.0,1231261699
28933,1246,4.0,1539200499
174853,87232,3.5,1333759221
7988,1394,3.5,1575659871
143322,3138,4.0,1015181379
122288,5988,4.0,1044819155
68707,1258,3.0,1506806628
191443,165,3.0,1167160328
86719,47997,4.0,1569157640
173526,586,3.0,849549674
81551,832,4.0,954484868
200638,7255,3.5,1426648709
136797,368,4.5,1562377604
191899,3418,4.0,959895828
162494,260,4.0,1263405756
177859,160718,3.0,1687133073
183356,5146,4.5,1059506350
38706,1240,4.5,1058392361
125103,158872,2.5,1592943556
162436,115170,5.0,1450099038
11726,103228,3.5,1561928629
79612,1258,3.0,1112908240
133113,2115,3.5,1604353480
63290,96110,3.0,1478724340
17035,116590,1.5,1436135427
82406,94864,3.0,1415657722
114922,2605,4.0,1651190083
109259,36529,3.5,1453294699
38519,6263,3.5,1685744440
165162,6239,4.0,1139363551
110370,1370,4.5,1157399197
15643,1197,3.0,1013640478
68328,1251,3.0,1381122904
36886,6365,3.0,1547792807
64366,40819,3.5,1554513149
29102,293,4.0,1254348682
64656,92944,3.0,1497728212
181510,172,2.5,1431248981
87956,4447,3.5,1472003842
136826,1730,4.0,940611907
64710,4237,1.5,1675535203
113279,1266,5.0,1096759442
59801,2028,4.5,1581839871
171084,2815,1.0,942851455
101148,1198,4.0,1549137483
126187,339,5.0,837041999
114180,3086,2.0,951999857
23483,68157,5.0,1543878474
62844,1230,3.5,1162694951
177776,4744,3.0,1461242311
13712,4973,4.5,1545320797
118952,5816,3.5,1557692947
129202,30812,2.5,1182741142
55587,1485,4.0,902178365
50865,69746,4.5,1271558700
118609,26122,3.0,1485118474
130326,1363,3.0,853938223
1739,2383,3.0,1555775777
94650,33136,3.0,1186605597
129048,193,3.0,837742542
64646,90866,3.0,1411944591
146393,1422,3.5,1077934609
85714,58295,3.5,1488073820
132825,253,5.0,834767668
174158,4317,3.0,1028948502
2291,192389,2.0,1639609240
142254,168252,4.0,1609961409
177632,6537,3.0,1165684128
104207,1208,4.5,1420902351
14674,1396,3.5,1648334069
124440,4823,5.0,1004927470
184923,4873,4.5,1444069569
183680,3423,3.0,1093292582
123854,423,4.0,974842572
185547,1639,5.0,1216005798
65052,3916,5.0,1451252803
177140,1304,4.5,1282545417
160231,2706,4.0,1372293899
67763,5349,4.0,1041963238
19329,157,3.5,1072675803
85958,3,3.0,865960021
112843,21,3.0,845916611
65830,339,5.0,852430794
15104,3438,4.0,1489436504
155094,2268,4.0,1452655776
42262,36,3.0,1134582910
36503,164179,5.0,1606083076
176169,318,5.0,1525648727
170902,2355,3.5,1230227754
156293,56171,1.0,1494134725
114219,87876,3.0,1447981274
75912,2571,2.0,1505189988
143491,5128,3.0,1468789312
132643,79592,3.5,1467046161
57452,1680,5.0,1042207426
13617,1267,4.5,1066705373
52966,7293,5.0,1136489338
19561,69844,4.0,1467660825
32537,1961,4.0,1555004490
143542,102407,3.0,1469163239
26668,543,4.0,1084225706
27202,4317,4.0,1544889494
150746,3978,3.5,1136185359
154512,167738,4.0,1624604990
70806,54286,5.0,1585154055
125138,8836,3.0,1475413581
101086,1923,2.5,1151950522
37334,2804,4.5,1141490780
114422,2683,1.5,1111784455
17047,316,3.0,832247012
141526,1653,4.5,1553437375
64972,45501,1.0,1491671985
32856,848,5.0,860081176
101929,1604,4.0,974770234
118298,1089,5.0,1545041164
147057,5445,3.5,1673218053
82686,2321,2.5,1200803961
169944,3083,3.5,1457448063
14995,969,3.5,1503794478
69270,2916,3.5,1095799762
156170,102880,3.0,1370126022
186243,953,5.0,939327310
49190,288,4.0,1121351609
147224,1525,0.5,1105395347
145571,8984,4.5,1225950706
88541,2722,4.0,1536600463
51289,189661,3.5,1578560991
162416,1270,4.5,1116799747
85669,1060,4.5,1452147141
195673,1177,4.0,943545416
17127,236,3.0,834267631
163644,1234,3.5,1227294511
143004,1222,1.0,943375900
4956,2028,4.0,942852257
108727,1193,5.0,1292181352
106322,100556,3.0,1449517384
148472,2194,2.0,1480281574
83694,3404,3.0,1002134171
142680,68157,4.5,1546106751
64959,1704,5.0,1598642098
67725,87520,4.5,1437134741
38408,33166,4.5,1128037919
101424,27773,4.0,1422293456
186097,2,4.0,901927117
8235,1276,3.5,1583099808
11216,5679,4.0,1468119685
97828,1962,5.0,945064982
46405,68835,0.5,1437449662
170021,1126,4.0,1066425240
114574,1909,4.0,1236018495
67812,152079,4.5,1639721401
72241,3082,2.5,1429204892
106868,8360,2.0,1500184513
110984,4022,3.5,1078941289
54441,225,3.0,1609167205
65664,293,4.0,1238833877
7321,222593,3.0,1671594613
10993,71057,4.0,1300230665
179396,96588,4.0,1623942021
48483,2924,4.0,1104222879
69276,1252,5.0,1526989531
81855,4993,2.5,1086447389
107923,186,3.0,1169503660
35496,531,3.0,944144008
89340,8665,3.0,1273691545
196695,3224,5.0,1460474372
120396,410,3.5,1133290688
175031,68319,4.0,1675213613
11685,93988,2.5,1595815966
86003,455,3.0,1183424293
156428,2081,3.0,1003860060
1411,2147,3.0,1488649914
159243,44555,4.0,1486573523
18387,103249,3.0,1412501730
4994,2807,2.0,1112136764
59343,4344,2.5,1099974188
39940,189331,4.0,1542823277
183998,2677,4.0,947744252
172183,2291,3.5,1388833561
74180,6350,4.0,1554243716
147394,968,4.0,1489964070
51289,2974,2.0,1392095123
80857,1527,2.0,896537625
60890,7143,4.0,1168865522
157236,722,3.0,1067534916
155187,541,2.0,1152314091
185486,94478,4.5,1369768453
61195,83976,5.0,1523579484
56964,104241,3.0,1400310536
125853,59016,3.0,1479835189
42125,3081,4.0,1567857133
36886,70565,3.0,1546407866
40258,2722,4.0,1003189173
145572,2026,2.0,944981640
8812,27905,3.5,1435153553
119765,30749,5.0,1225218255
28371,58803,4.0,1524418872
172912,8865,2.0,1216225401
29227,3396,4.0,1280448281
22353,47,4.5,1495008527
177276,68157,4.0,1455530286
55433,4427,4.5,1058926071
127601,133645,1.0,1626510759
19387,1730,3.0,1584114204
122872,1894,3.5,1196352190
138730,1673,4.0,1611201987
156637,548,3.0,912348705
42666,1457,1.0,972415172
69546,30812,1.0,1158838608
165466,8861,3.0,1103733490
108633,1221,0.5,1195705053
173726,106002,3.0,1694577882
98498,344,4.5,1340589170
27314,4867,4.0,1009841205
66136,5459,0.5,1107628567
116528,380,3.0,1218403368
156653,2433,3.5,1661333072
134295,5459,3.5,1492199315
173798,1747,4.0,939349313
112682,410,3.0,838477081
195473,367,3.0,836404906
191916,6378,5.0,1572226623
182500,1094,4.0,1159443946
3400,3646,3.0,1689655921
20966,32469,4.5,1297973186
3801,74458,5.0,1591835417
153339,3441,3.0,1015809264
161837,2710,2.0,945117065
98122,3273,4.0,1439932005
2119,10,2.0,943959962
41859,236,3.0,1247173960
163298,72647,3.5,1642368429
180896,4720,4.0,1141549717
19290,94777,4.5,1531531593
37245,274195,0.5,1678189224
181403,117176,3.5,1463147926
130510,2686,4.0,1065351368
29383,5502,1.5,1648226718
78583,923,5.0,1429956211
38030,355,2.0,1355637092
182525,2791,1.5,1180558282
79324,1274,3.0,1253145612
159032,91529,4.5,1500899472
143334,3752,3.0,1499755783
84843,445,2.0,976215387
39778,282,3.0,839747345
133495,69406,3.0,1692276680
31191,1302,2.0,1557800139
146653,616,5.0,1321205544
114063,48326,4.5,1496771040
142561,161,4.0,1345544333
22440,1200,4.0,1000017770
46504,4980,2.0,1012109111
142821,3360,3.5,1227428985
92666,5171,3.0,1319400861
129773,73017,3.5,1613334785
4032,2312,5.0,979252751
190537,76251,4.5,1309059606
29460,1253,5.0,945054924
154021,904,4.5,1111541364
94834,54286,4.0,1489265685
45267,3739,5.0,1477751672
166543,5989,3.5,1545667805
83346,1006,3.5,1564993723
49759,3972,4.5,1185239221
45520,736,5.0,1331397729
156895,162578,5.0,1601145719
64129,143476,3.5,1606385656
38905,3525,2.0,1153066939
43703,248762,1.0,1664549045
97251,296,5.0,1501637951
77595,8958,3.5,1113625335
116146,2124,3.5,1284799157
142946,919,5.0,972503538
15838,172,4.0,848955527
42778,1855,3.0,1337225518
33611,223,5.0,1172390554
6388,164909,4.0,1492465170
140606,48516,4.0,1586626975
175403,2542,4.0,1565660507
116672,2028,5.0,945480266
133686,253,3.0,836679860
181134,1208,3.5,1334489451
19624,3973,3.0,1013433573
175702,886,3.0,943871483
136347,3175,4.0,968643495
114348,8622,2.0,1335759588
125713,80586,5.0,1548695442
102473,48877,4.0,1471183131
67499,10,2.0,1076961868
76928,73321,4.0,1463935320
116658,6870,5.0,1138827102
147425,1245,4.0,948475403
20120,1375,3.5,1373707615
126193,1291,4.0,846385101
38835,719,4.0,839512220
173458,165,5.0,1232403342
139717,64957,1.0,1602314251
89368,8783,3.0,1129339240
191215,2311,4.0,943622686
196511,6992,4.0,1114456167
169822,2028,4.0,987898550
26603,1292,1.0,948543536
141963,8371,3.5,1284828995
170874,344,3.0,842434390
80096,4306,4.5,1183407739
116758,78469,3.5,1451345290
107128,1732,3.0,1483982561
1424,6874,4.5,1599742056
162196,2167,3.5,1567675848
133878,104959,3.0,1545119075
139286,59258,3.5,1448011293
3170,2059,5.0,1695619875
175325,8462,5.0,1455488790
189987,1240,4.0,1372168463
94737,39183,5.0,1230929886
160659,164179,3.0,1546553402
128652,4447,3.0,1045541186
100422,81158,4.0,1353256651
168220,200818,4.0,1630540717
56421,733,2.0,1042713888
195118,51091,3.5,1387826054
122877,46335,4.5,1463976169
59855,2628,0.5,1070213959
78026,203417,1.0,1589111215
27014,165,3.0,837071082
141368,1653,4.5,1686906340
158601,74789,4.5,1454604294
101626,953,4.0,1174487584
198784,1100,2.0,974573296
13186,8961,4.5,1494795364
65162,6223,3.0,1541521398
172017,2693,3.0,1020710700
40576,3301,4.0,974606451
132351,5508,3.5,1220227579
41900,6754,2.5,1445067189
7556,4246,4.0,1214862737
175885,60069,5.0,1438174076
156865,112326,1.0,1573303012
182165,31184,0.5,1513333656
168436,144,3.0,833569316
177444,6874,4.5,1671736841
192832,110,4.5,1197067395
86868,3165,2.0,974774485
100992,1676,4.5,1227574950
11228,101997,2.0,1641847439
141708,160,0.5,1462544189
48488,1230,5.0,965414889
166177,4963,3.5,1053934282
87948,260,3.0,1487264655
62135,1653,4.0,1595550145
33527,1097,3.5,1190187098
146497,196,1.0,834697866
139094,1247,5.0,927151576
188515,488,5.0,940419116
130311,4011,5.0,1489403046
83234,114007,4.0,1554826154
2498,51662,1.0,1277165857
62467,90866,5.0,1523775520
26520,5539,4.0,1061919092
171826,115617,3.0,1614992249
186101,91886,4.5,1338995616
100185,27266,4.0,1329071100
22744,81014,3.0,1553861283
169353,7919,4.5,1307349660
11249,34319,2.0,1438470033
1067,112623,4.0,1422126769
144501,122912,3.5,1563269581
109263,5669,3.5,1299041366
1685,164179,5.0,1579134930
49392,349,3.0,949666546
163851,1610,3.0,1054909621
149811,1517,3.0,946926838
151112,72787,4.0,1379640276
36017,2424,3.0,1017928254
162478,97921,2.5,1464368736
31624,1974,4.0,996342717
8260,722,4.0,905249763
70390,19,3.0,1002349373
127580,1200,3.5,1225288323
193549,1287,4.0,860845658
157997,432,5.0,840718685
47696,2600,4.5,1187955590
151440,2804,4.0,945741421
779,1193,4.5,1174501402
11018,8426,4.0,1346209315
9631,81845,4.0,1362442485
109606,2690,3.5,1341725146
60131,201646,4.0,1687381261
177764,2628,4.0,1560889402
174666,2720,3.0,974214301
84989,6731,4.0,1481926236
23272,316,5.0,838899454
143960,31685,2.0,1436894490
62170,3751,3.0,1462666750
183417,2424,4.5,1336496264
169810,82978,4.0,1482664869
141484,59421,5.0,1225387543
33639,505,1.0,941578028
52603,53843,2.5,1559214276
120274,45732,2.0,1548008053
154509,4995,5.0,1210473090
193009,1200,4.5,1167393416
97037,45431,3.0,1469830235
8875,5,3.0,862471905
146627,107702,3.0,1478372973
29067,1954,5.0,968341175
86450,68157,4.0,1498230635
163299,1610,4.0,945896488
173562,4037,3.0,1335052456
174541,2291,4.5,1625372307
32527,46578,4.5,1428571235
163830,519,2.5,1310253503
57853,8961,4.0,1622043561
175484,508,4.0,989193936
175904,110591,3.5,1417358257
77067,1218,5.0,950254501
79966,8827,4.0,1284958725
3984,48394,4.5,1447240898
26025,30707,3.0,1205397511
138385,5010,4.0,1105429123
60430,1769,4.0,938955779
129104,367,2.0,1108147740
182732,4002,4.0,1119802870
140315,27402,1.0,1282341905
191443,3408,4.0,1156266179
134711,114762,2.0,1564143808
53226,192283,5.0,1585243173
188274,3708,2.0,1026013732
35666,432,1.5,1124596562
77741,140956,4.5,1647815009
56891,335,2.0,901656219
68404,292,3.5,1156350888
142194,95441,5.0,1522947548
186290,4993,4.5,1443505956
111091,53953,2.5,1295977873
103938,52973,4.0,1182986114
18998,7065,2.0,1309752503
16685,80463,3.5,1676671593
109815,4306,3.5,1069106688
82192,2081,4.0,1125663372
53066,116823,4.0,1545809091
189071,40614,3.0,1247182355
59530,903,4.0,988999913
76809,4011,4.0,1415217747
87497,39,4.0,1076358945
112378,524,4.0,847891092
117913,30793,1.0,1464290550
67172,208,3.0,1043204045
161998,30707,4.5,1393093094
32908,53000,4.5,1180567314
198152,4890,3.0,1484325839
34234,2002,4.0,956603605
115346,175,3.5,1119447360
24854,2420,4.0,1082600755
159860,275243,5.0,1674966003
43367,6281,3.5,1315180856
92412,1711,3.0,968034634
56169,2804,3.0,1477099738
178868,165105,2.0,1681633244
75647,5040,2.5,1144692890
43679,1237,5.0,1056751751
156648,134853,4.0,1449733709
7328,47,4.0,1487900165
170767,5618,4.0,1596152429
119337,7139,3.5,1192998454
89956,61323,5.0,1439764014
189527,318,5.0,1547423218
71365,7361,4.0,1126752300
196706,2630,5.0,962843106
196695,2746,3.0,1457514922
74924,69951,4.0,1542933636
100884,8360,3.0,1580056172
17772,4205,4.0,1016007210
171835,50,4.5,1690642155
76471,539,4.5,1482092352
26326,3949,3.5,1330189640
150142,62,4.0,1598099584
91549,3624,3.5,1304809271
118504,2959,4.5,1264355993
9642,2329,4.5,1180665425
142516,166635,2.0,1502070754
31900,3566,3.5,1311708430
31019,454,3.0,836829109
67828,153,4.0,834424696
56641,1186,2.5,1242095414
133218,4321,4.0,1420837754
57125,70286,3.0,1464292745
129629,4936,2.5,1190786512
23956,5266,3.0,1143059794
53037,520,3.0,841053702
110021,2574,3.0,1574456106
109405,802,1.0,888683857
125404,60069,5.0,1460825524
66408,1208,3.5,1233618686
137276,7451,2.5,1506121295
60730,58047,3.5,1546472304
79608,167036,3.5,1683032462
197239,52,3.0,847359378
138355,1343,2.0,1461457779
27052,3977,2.0,1093807279
87624,480,1.5,1295216437
125675,5784,4.0,1565768761
174726,4963,4.0,1162914863
123904,76093,4.5,1611381270
57969,2706,3.5,1589378914
145753,122926,4.0,1568873384
178973,33679,0.5,1468208241
66750,1892,2.5,1577907274
3879,237,2.0,928447732
107914,97304,4.5,1463575437
19097,85438,3.5,1313532218
166231,6942,3.5,1472270650
109556,165,3.0,834625695
175785,44191,4.0,1507688685
8418,8969,2.5,1625084294
54994,1625,3.0,940853745
78265,55280,4.0,1244947535
86626,3911,3.5,1283043515
146718,6832,3.5,1129626641
158438,1970,4.0,1037547292
101773,951,4.0,854380398
166817,60069,3.5,1539005562
150900,84954,2.0,1679772805
5249,1687,3.0,1006726948
156023,98797,4.0,1607239656
101055,127278,2.5,1601784035
21697,7160,4.0,1350102941
149600,3258,3.0,994842775
44001,1082,3.0,1007689546
200113,1225,4.0,1369463089
128593,6377,4.0,1114976233
104362,96110,3.5,1344823765
148863,2018,2.0,1011634137
98644,292,3.0,848492431
171169,79592,4.0,1565457091
177041,1527,5.0,1233081892
45786,1617,4.5,1440446995
78767,4011,3.0,1445168590
11650,52722,1.0,1491343450
89519,5349,3.0,1450010947
30516,6724,4.0,1245166907
115113,6870,4.0,1444792075
153002,111,2.0,938891212
82599,71264,3.0,1594671773
13982,3949,4.0,1450120438
175337,1210,5.0,963008311
191491,47200,4.0,1487545264
82530,90866,5.0,1634071861
16367,480,3.5,1111481992
50445,7173,1.0,1271543537
121348,34162,5.0,1466129721
75413,1096,5.0,844675174
75196,866,3.0,949997004
85014,6874,3.5,1561934008
86049,1079,4.0,1203864788
183186,5064,3.0,1014042256
4283,7773,3.5,1231252727
24386,64614,4.0,1415363349
141607,62644,5.0,1455822847
21137,1387,5.0,1501016189
6022,1732,3.0,1598133323
174564,509,4.0,1140199431
159555,6985,1.0,1497121406
188417,55820,2.5,1481144964
58889,356,1.0,844335699
147219,837,4.0,1106439517
17035,197579,3.0,1585999215
130107,45186,4.0,1506111375
105049,109487,3.5,1611614380
124626,3178,4.0,972877422
102480,4306,4.0,1040416046
153896,1240,3.0,1444663000
175549,260,3.5,1463984859
47402,339,4.5,1179721862
80062,5989,4.0,1461627082
113068,2763,4.0,980876842
28882,27773,5.0,1248019501
169255,594,3.0,1056951338
94446,3751,4.0,976675160
104899,3334,4.0,1132531976
147144,628,4.0,1041178770
55166,84187,4.0,1622001515
96538,7143,3.0,1093547235
26635,68954,4.5,1643039813
32948,70183,2.5,1499685203
174797,5941,4.0,1379827053
168279,2502,3.0,1011168967
4224,106489,4.0,1447186760
42017,1393,5.0,1465255777
145555,2671,4.0,1122943514
66697,2012,5.0,1602925608
43137,27773,4.0,1254084406
8105,1077,4.0,846539591
135882,4748,0.5,1524332560
157004,81847,3.5,1303650454
154138,54503,4.0,1478357090
28146,42632,5.0,1278454343
171913,6316,2.0,1050265255
191718,1653,4.0,1103965180
17584,5446,4.5,1169089354
199228,899,4.0,1185862769
66750,3141,3.0,1164559888
200805,3066,4.0,990633600
98687,4993,5.0,1035551642
9570,786,5.0,1551623658
19149,2968,3.0,1032058261
2537,186983,2.0,1560180771
178866,345,5.0,847618363
141439,2125,3.5,1432584900
3070,122772,5.0,1521066314
154324,26101,3.5,1149785584
141672,60069,4.0,1410643853
191675,47610,4.0,1273943503
171795,2866,3.5,1241320571
181351,8807,3.5,1487532765
33911,30793,2.5,1215445017
124730,80463,5.0,1518917328
62823,2858,5.0,1075421522
60355,10,2.0,952752438
161223,6297,4.0,1423278807
64567,8366,4.0,1100209251
6128,81784,3.5,1438098674
169499,31658,4.5,1625430331
56103,63853,2.5,1311963269
2704,245136,2.0,1670947224
66328,919,5.0,944939299
2826,150,5.0,1460954092
146110,541,4.0,1075139496
122642,364,4.0,839077545
19760,2617,2.5,1591482829
178904,180985,5.0,1522334492
132372,96737,4.0,1538417067
179157,1517,5.0,1505404226
58347,97,3.0,849599541
99384,7293,3.0,1077191523
113676,1805,4.0,1541354906
148294,90746,2.0,1422615064
158644,208205,1.5,1673473644
1731,306,4.5,1180084709
54834,31,5.0,833988296
116579,42728,3.0,1290546643
146390,4369,5.0,1511637693
101460,509,4.5,1295555566
101310,176169,3.0,1551111253
85225,4306,0.5,1589050411
152893,3210,2.0,959038349
69427,7175,2.0,1213610968
53564,3174,3.0,1006959323
129602,1252,3.5,1558052859
82926,4011,5.0,1615133480
184831,3418,2.0,978987743
64197,4993,4.0,1211714927
150888,2065,2.5,1606555710
10432,616,4.0,974612724
61670,4720,0.5,1604928097
100531,158,4.0,832869724
36986,5060,1.0,1440337031
172737,454,3.0,845150334
38968,122882,4.0,1488941241
55653,69771,3.5,1321645081
152485,1732,1.0,1643971495
176683,2186,4.0,1007669039
165403,5577,2.0,1557388468
14459,3704,1.0,1451788790
137756,1263,3.0,909301087
169820,5669,5.0,1097686798
145111,1406,4.0,999346322
165301,1379,3.0,968556147
134330,1956,3.0,952188004
160727,3617,3.0,960499489
144371,96610,3.5,1546955931
76726,1225,5.0,1547537635
13460,184931,5.0,1608832180
6317,7068,4.0,1544993295
136672,333,3.5,1091729754
82907,1267,4.5,1596840242
38696,8620,4.0,1586878802
31764,71254,2.5,1474743279
6400,161580,4.0,1496024491
159396,97715,1.0,1484938094
166209,897,3.0,975650038
79839,68237,3.5,1665280879
158916,224519,2.0,1601337239
5402,2469,2.0,915373239
198423,117,4.0,976929249
30278,1,5.0,953532205
61586,1214,4.5,1543173890
28650,138036,4.5,1462797144
165205,4816,4.0,1483430264
90656,2000,3.5,1106581136
84061,34162,5.0,1133147134
184562,140725,3.0,1625017431
30250,4815,3.5,1222064490
143334,4607,3.0,1632116055
2797,2291,2.0,1053616007
199934,4327,3.0,1042977495
188,784,4.5,1103751369
83506,1203,3.0,1442587682
93692,91535,2.5,1506453529
159273,553,4.0,1119995243
184562,177763,4.0,1625061395
155413,122916,2.5,1673220669
148797,1274,2.0,992189589
106817,1199,3.0,1454693197
101840,85179,4.0,1545797348
27288,115617,4.0,1539196895
69717,260,5.0,1616471114
135459,1103,4.0,1244505003
97913,1357,3.5,1196433855
86885,318,4.0,1583441546
167606,1207,4.0,1370999863
56570,6803,4.0,1222361509
104473,123591,4.0,1438774805
143140,839,3.0,1184536059
48540,4509,2.5,1073330139
118767,56174,2.5,1226994191
185972,759,4.0,959754046
181530,48385,3.5,1282687707
194117,40819,2.5,1659303104
142922,5459,2.0,1532216080
1805,4660,1.0,995443361
80462,2059,4.0,1476635932
187076,104,3.0,858066196
89081,596,3.0,863991051
83995,170817,2.5,1606952233
7297,53125,3.0,1469098144
150094,527,3.0,1462056744
81775,319,3.0,846327877
89933,2333,2.5,1135869747
95756,1144,4.0,939980568
15256,1409,3.0,1286787000
167896,6880,3.0,1357384088
102019,117176,3.5,1531026511
154541,6893,4.5,1222144422
186325,2858,4.0,1678027637
87007,176801,5.0,1558738160
39205,520,3.0,835258225
16907,5386,4.0,1056567147
13467,37380,1.5,1132493232
110109,800,4.0,875277895
88589,903,0.5,1146538385
69060,2791,4.0,1679351085
102344,41285,4.0,1356553446
8586,192579,5.0,1629892096
121294,2137,2.0,1311948514
13515,4954,3.5,1247232197
38697,7254,4.5,1217632240
191299,912,3.0,1421357171
182956,69436,3.0,1471488195
189992,111113,3.0,1633140021
174369,49,3.5,1206062268
6460,3633,3.5,1145359754
53770,162598,3.5,1513779742
175213,67255,4.0,1500840294
60273,3499,3.0,981919000
31536,53894,3.5,1225314614
180939,116823,3.5,1678144085
180185,6370,3.0,1589707894
76207,2522,2.0,971823894
61693,2471,2.5,1134980358
26564,2102,5.0,975453777
91595,55118,4.0,1232910217
21407,1304,5.0,1045161683
57536,187595,3.0,1579225063
48638,256,3.0,833901981
8021,1210,5.0,1360888139
135654,2021,5.0,965953278
81884,2947,4.0,1177385825
199556,3968,4.0,1029719745
154496,3950,3.0,1591806290
152189,94833,4.0,1552474897
73409,1589,4.0,942361352
7812,1611,3.0,945649797
86696,4886,4.5,1190348754
160727,2890,3.0,960506117
4372,924,5.0,941264089
99100,6377,4.0,1575926664
157540,2028,3.5,1118417515
73890,81847,5.0,1555792421
9233,6283,4.0,1225324985
34720,2105,2.5,1062836018
100618,1084,3.0,1208681898
193988,7,3.0,947380880
176428,4720,4.0,1043280802
176855,1385,5.0,1419462702
36453,673,4.0,1550166804
69716,1583,3.0,925124144
105582,8865,2.5,1147047438
88370,3735,4.0,994559272
6471,7451,4.0,1267714696
118542,207,3.0,833970570
135066,122912,5.0,1574138904
92708,111360,0.5,1458653012
41773,5066,1.0,1474459265
193418,111,3.5,1194388980
62547,1270,3.5,1462058176
110926,97921,4.0,1521331094
15666,6936,4.0,1480724495
117322,6537,3.5,1329824967
49805,85397,4.5,1475419742
5088,1380,5.0,996013284
150556,1291,4.5,1546129669
59660,5507,1.5,1622864753
138050,68358,4.5,1243802479
192041,745,3.5,1267985471
94070,119145,3.5,1622135626
58985,2735,3.0,1091739846
107916,3469,4.0,956598590
11706,7325,4.0,1111688749
74909,141,3.0,851179355
88889,858,3.0,1620527660
142648,3468,5.0,1121789803
80380,1261,2.0,853863498
138191,85510,1.5,1643825904
160455,2858,5.0,1325500749
90280,3421,5.0,998173280
131774,1748,4.5,1171838818
182063,4444,1.0,1000196680
23615,3175,4.0,954019254
185325,2959,5.0,1221065755
71445,1266,5.0,952366796
5497,2835,1.0,954528456
3982,48774,3.5,1346479397
3910,86781,4.0,1308451138
169894,78469,3.5,1279145735
4863,54259,3.5,1203184762
9047,87306,4.0,1440518821
148293,91529,5.0,1534964388
162999,2857,3.0,1168191930
111747,27801,3.0,1189276178
52260,186,4.0,837000454
163523,163645,4.0,1504819054
48938,89492,4.0,1607074263
111338,6539,2.5,1645184170
112759,2115,3.5,1498969399
69136,2105,4.5,1176689439
161370,1391,2.0,1131142457
20469,4034,5.0,978989374
39889,6155,3.5,1483507858
108057,104,3.0,862742112
76742,4979,5.0,1447235704
53899,1198,3.0,1533860259
47384,76077,5.0,1566620443
116520,5299,3.5,1141930500
70334,1371,2.0,1075036727
133922,4226,5.0,1361245237
131885,165,3.0,845811739
38518,6595,4.0,1586200620
99531,356,4.0,850552254
11089,191367,1.0,1618850335
131787,6016,4.5,1171678883
78639,899,1.0,971171768
63241,58559,4.0,1504131466
25953,593,4.0,1442873507
187232,608,5.0,1052087093
107893,68157,4.0,1483829764
124700,1282,2.5,1433203770
21707,2100,3.0,1585392805
39082,3254,4.0,1000972442
75705,2571,3.5,1364842905
13601,22,2.0,942698144
20502,57528,4.5,1207211873
19444,3101,5.0,1394863240
161589,15,4.0,1002329060
66274,3101,5.0,973526929
4885,1293,5.0,1044846191
35034,1247,5.0,950660344
70773,802,5.0,844768902
32884,912,4.0,966105094
76421,5673,3.0,1114854073
125128,4649,5.0,1304884588
128739,2959,4.0,1076126846
176393,5060,5.0,942498720
95116,122896,2.5,1512343289
108805,919,0.5,1146698679
70919,38886,4.5,1262805019
156260,4310,5.0,1046063589
122937,198,3.0,1074711701
66173,1377,2.0,965473568
130656,8807,2.5,1550969540
173426,54286,5.0,1261195204
180683,103249,4.5,1574465455
10718,288,2.0,1044050227
36852,60684,2.0,1596549203
74330,4246,2.5,1148848363
184528,6373,4.0,1433065844
51108,40815,3.5,1455837716
113276,3255,3.0,974765766
86007,1784,4.0,942858303
91354,357,4.0,1135125634
17424,1441,5.0,1122288054
18832,344,3.0,834740675
170725,613,2.0,851698236
188784,344,3.5,1169226879
140823,1367,2.0,1030372954
33885,551,3.5,1483780106
91140,6987,1.0,1443921992
190988,2542,3.0,994797163
868,1208,3.0,946977677
130796,4488,4.0,1227150383
8823,4321,3.0,1093198082
193037,3363,5.0,968546610
86658,1291,3.5,1233752555
177841,4133,3.0,1104974837
95062,104374,4.0,1673171944
22096,1466,3.0,1551349816
158379,8937,4.0,1110869388
66439,1665,2.0,944931918
112208,8810,1.0,1514418372
199870,48385,4.0,1461598129
127637,5219,2.0,1668207474
192215,719,4.0,1253380575
45795,142536,4.0,1648150419
149888,2694,3.0,1009175330
139504,2641,3.0,944957332
115246,6365,3.0,1489754173
142648,3752,3.0,999632613
129886,588,3.0,833892322
143113,55290,3.5,1220108256
66289,1345,3.0,979437750
90550,52435,3.5,1240716633
57992,1429,3.0,933783338
41953,56176,3.5,1603613063
27356,3258,4.0,1081891976
85230,242774,3.0,1659150604
132958,6410,5.0,1107161265
197222,70,2.0,1027971668
96412,106072,3.5,1468814346
102926,527,4.5,1448033537
47590,2114,4.5,1119250274
107305,256,2.0,1176137219
160364,3147,5.0,1473753299
142412,7263,4.5,1145679238
3494,1373,2.0,944419094
115977,67997,4.5,1593655674
179852,296,2.0,1034718773
87517,2376,3.5,1073109913
157390,1302,4.5,1496159571
41382,1566,2.5,1695622822
4624,260,5.0,1506613345
159685,118760,3.5,1564330610
144664,175903,3.5,1609629087
81461,3977,2.0,1219348924
165639,56174,3.5,1590388501
40855,104,3.0,1237607052
128449,553,3.0,836579450
100949,3275,2.0,1603052838
34887,832,3.0,942581358
46882,59615,3.0,1527207538
15528,2180,4.5,1322939926
153754,31878,3.5,1576855910
88242,265,4.0,991772664
127029,8784,3.5,1425187176
82910,173,3.0,838488430
51066,47997,4.5,1509566904
93554,4823,3.5,1115689758
146006,89470,3.0,1673059295
93991,31658,3.5,1481365336
60851,2628,3.5,1461206063
77064,5996,5.0,1153799330
108231,27773,5.0,1336235732
20669,3949,2.0,1057623956
108850,33493,4.0,1119398127
58187,3044,3.0,1054443577
38769,1299,4.0,891217376
158049,3083,5.0,974942895
37583,3543,1.0,1087520078
8382,2565,4.5,1217782642
179221,364,4.0,1370722454
117876,45720,3.0,1447372859
121294,186587,1.5,1523666835
58477,1265,4.0,1111608576
85410,4734,4.0,1428388338
127546,2395,1.5,1083713947
67970,163937,2.5,1501184598
137030,367,3.0,928278475
100295,1704,4.0,1542179100
47124,1073,4.5,1617839972
108436,4444,4.0,1125455260
72520,4062,4.0,1199912053
110803,116823,3.0,1651427004
47920,63113,2.0,1506539052
78891,2728,4.0,1096135090
13531,5365,4.0,1037410015
4026,3005,2.5,1476657237
25429,34319,3.0,1595097951
158587,454,3.0,1459429651
91651,543,3.0,877369242
47626,608,5.0,1574835411
3362,7153,4.5,1159583893
31189,50,4.5,1218050551
189705,3494,2.0,963279322
101614,1393,4.5,1563617829
34729,1081,3.0,951553949
17722,160980,2.0,1496030965
113691,49278,4.0,1556717366
85418,95510,3.5,1538455360
177511,46578,3.5,1443068184
110848,39292,3.5,1319955471
122318,30707,5.0,1542487781
5141,111,4.0,940071307
134850,7090,5.0,1574260885
96731,3426,3.0,1150948136
120609,4327,4.0,1042659561
73283,8366,4.0,1220838079
1442,1208,1.5,1162953851
138031,800,3.0,864598597
145358,527,3.0,1601779782
45103,5378,2.0,1307024740
127151,5785,1.0,1550371012
153690,7123,3.5,1354418906
134209,519,1.0,940803279
129069,1253,5.0,966112754
160891,2006,1.0,1285220367
42943,81564,4.0,1586771954
28,3160,5.0,970494264
90313,784,1.0,850137338
100566,474,3.0,1081144242
89983,3147,3.5,1582019444
53107,948,4.5,1102792501
61082,96079,3.5,1509299063
58612,4308,1.0,1226469757
46927,97921,3.0,1446578287
180383,1293,4.0,938470108
183849,613,4.0,858082011
65677,138998,2.0,1558372666
90347,156607,3.0,1479093262
15333,1221,3.5,1432421403
189614,48,2.0,1097682765
84020,3114,3.5,1225404841
158305,3052,5.0,1259820225
69872,3752,3.0,1002925275
186667,56587,5.0,1596304888
135086,8641,1.5,1481510515
13503,4014,2.0,1138576607
28768,106487,1.0,1611785914
7539,8644,2.5,1295890301
89786,541,5.0,976181214
198142,116823,3.0,1482876201
119150,5971,4.5,1470261655
76333,1236,2.5,1475348103
78012,6059,4.5,1443391429
67783,7004,3.5,1165700251
176161,170875,3.0,1506175764
30009,1398,4.0,855609451
85677,93838,4.0,1413998678
64676,44191,4.5,1486200988
5660,2616,3.0,1284929369
138324,36,4.0,864100739
6563,1954,3.5,1441655868
54195,44840,4.0,1184102562
9085,1527,3.5,1644071852
16878,106918,4.0,1447304804
187759,2736,4.0,965332223
63856,2322,3.0,1491425794
30741,32019,3.0,1111788482
106956,104879,5.0,1584894167
70566,380,4.5,1435804833
173643,48322,3.5,1451552585
176578,3769,3.5,1085940127
176600,318,4.5,1131242149
169551,74789,3.5,1457035773
79385,76823,3.0,1570923709
122526,53894,0.5,1437941989
113143,475,5.0,839952685
8417,98809,3.5,1678920907
85119,372,3.0,950950810
118611,7324,3.0,1563753155
187439,500,4.0,834877857
41180,1931,3.0,941521156
110405,597,1.5,1400475775
54779,1408,3.5,1585760623
92958,1395,2.0,862830348
120282,151,4.0,835947556
71313,1266,4.0,1444620570
161543,364,3.5,1590889217
55400,3993,4.0,1083375318
34638,214772,4.0,1604008699
55500,130073,3.5,1608153856
136349,6708,4.0,1597456903
89306,2053,2.0,1170026258
95672,2150,5.0,939506424
51832,6902,3.5,1494447504
165667,5027,3.0,1111694430
135887,4333,3.0,993005731
13337,357,4.0,1389739884
70117,103017,4.0,1556955704
189392,1265,5.0,960049351
170435,2403,4.0,1420512718
33616,353,4.0,1544869660
21784,2761,4.0,1546152203
60388,16,5.0,1573949878
143554,1247,3.0,1496846724
95987,2081,4.5,1677833776
171233,49272,3.5,1167765709
47721,914,3.0,1552345557
111533,4776,3.5,1068109407
118142,157377,0.5,1595588777
46273,70862,4.0,1444412117
196781,1073,3.5,1424092793
179632,74789,3.5,1623280368
10194,74530,2.5,1592650752
178505,3409,3.5,1135862710
3721,634,2.0,854539633
99774,161131,3.5,1487989146
134695,54286,4.0,1317512430
21507,47,3.0,995226273
29444,88129,4.0,1508563151
36315,1293,4.0,1471706910
121214,597,2.0,1174940664
170497,2134,2.5,1112260795
139576,49530,5.0,1491431938
85144,115210,1.5,1499552629
78571,6942,5.0,1076182165
139582,1949,5.0,955124581
17035,63483,0.5,1613930144
67926,4022,4.0,1604339209
69655,3481,4.0,1204082927
132839,5528,3.0,1570982968
93364,851,4.0,862076855
40769,5995,4.5,1444426288
127955,2959,5.0,1506694319
162261,115569,3.0,1526939946
160831,8961,5.0,1584476811
129385,4306,3.0,1110472266
189851,56788,4.5,1200760082
11866,2429,3.0,1002304530
43639,2421,3.5,1655143022
149447,4270,4.0,1037511137
89796,2580,4.0,981598890
31511,4465,4.0,996456923
179040,101962,4.5,1510314450
193078,5608,4.0,1139532581
64320,1091,2.5,1111483489
171997,3556,3.0,984872728
114241,387,2.0,945151060
145001,4531,3.5,1676173356
84277,97817,5.0,1353770636
26292,97304,2.5,1633336943
74452,2959,4.0,1524533009
100595,68205,5.0,1601299570
56827,2132,3.0,945326272
196933,5055,4.5,1318480663
96110,2939,4.0,940681363
89339,74458,4.0,1600100624
17566,81847,4.0,1493585343
131613,97168,2.5,1438079649
131468,104863,3.5,1492304686
86684,2987,4.5,1194911406
107439,1217,4.5,1642792167
84737,1198,4.0,1485202512
44880,5349,3.0,1439590119
55460,4226,4.5,1479237154
89106,953,1.5,1335359276
159512,107769,3.0,1394835791
135724,3678,4.0,1032433609
71875,1042,3.0,858356151
16674,2706,3.5,1215147631
99380,3793,4.0,965015430
71211,2542,5.0,1509135532
73509,588,4.0,1599957937
38932,2701,3.0,956594478
96619,2406,3.5,1253553088
199478,138846,1.0,1561862743
75620,63072,4.5,1448485574
77135,4270,2.5,1674892409
139452,6902,3.5,1503585413
103774,3435,5.0,957878385
72693,104374,3.0,1546456535
116090,2161,4.5,1098921929
125518,165347,3.5,1505661416
186701,106920,4.0,1450201547
33678,1573,3.5,1477478346
134142,357,1.0,965532981
38756,3365,3.0,1406112846
47313,34405,4.0,1476702276
196306,95201,3.0,1398424750
64257,940,4.0,963671253
23783,133710,4.5,1580447314
148004,3107,3.5,1330888110
40387,3217,4.5,1053561662
94541,724,3.0,1112998495
149748,653,4.0,834454003
73683,3814,4.5,1235166012
32291,111,3.5,1612030125
133982,1097,3.0,1463263205
178218,104841,3.5,1533771988
197652,58998,4.0,1645665329
16908,1680,4.0,1047306900
1739,6879,3.0,1555679389
60649,207313,4.0,1620657885
106264,122886,5.0,1490312082
30375,55830,4.0,1557006931
123022,5878,4.5,1161118651
125434,6539,4.5,1077066534
118788,1200,4.0,972926272
122314,1610,4.5,1575101357
164067,61323,4.0,1431282103
58047,1584,3.0,1003614509
96351,1265,4.0,1526185287
164638,7361,2.0,1137900968
41414,53121,3.0,1580881533
49069,4878,5.0,1345339256
78914,3354,2.0,1051854121
32125,1196,5.0,949504631
98168,1517,2.0,1462325619
91108,338,3.0,841062550
15651,8638,4.5,1562595965
180131,480,4.5,1486411581
60446,122904,2.0,1537649624
64957,50068,4.5,1618235061
39655,168248,3.0,1626044664
153087,110730,3.5,1400691904
34842,924,3.0,849159123
94682,223,1.0,939931106
132304,114180,4.0,1610232486
122149,3114,4.0,1401889654
174972,55577,3.5,1646240366
117130,1077,3.5,1117823396
79336,586,3.0,1137116989
14951,44,3.0,1067404264
102794,16,4.0,1583604537
80279,1237,2.5,1426976847
11842,3996,3.5,1500910632
40729,2857,4.0,1683755879
118718,88129,3.0,1446601612
4871,2329,5.0,1129711307
52487,26691,3.0,1277931634
1206,6365,3.5,1241126805
159872,82461,4.5,1455834632
11943,4367,1.0,1005327472
78647,46965,2.5,1507498582
145665,51255,4.0,1297007509
36069,418,3.0,1003523129
115328,986,3.0,964185870
31911,8950,3.5,1558821189
26757,2394,4.0,965349428
124460,2858,1.5,1332469532
132402,364,4.5,1130539863
26267,2064,4.5,1407643591
193720,32029,3.0,1130942348
854,62,4.0,950499043
11513,799,3.5,1627349673
25035,8340,5.0,1322715306
84130,107406,4.0,1610612929
74730,4718,4.0,1127509260
118149,648,3.5,1102445832
141232,1466,3.0,1267427407
64405,1200,4.5,1168191140
36979,136018,4.5,1588340515
192994,4599,2.0,1023951382
139755,8983,3.0,1136801565
15265,60069,4.0,1576470434
17938,42734,4.0,1607227101
30170,8528,4.5,1443019499
44488,2826,2.5,1118507377
40214,8798,3.5,1552183318
31829,2858,4.0,1519338954
118186,1299,4.0,946021976
25437,2064,4.5,1262818087
6386,337,4.0,954346461
142933,8712,3.0,1141483234
38622,2997,4.0,953785790
122760,26084,4.0,1119288181
8521,47423,3.5,1518572742
61409,5015,4.5,1225295311
119226,30749,5.0,1474899765
28630,4098,4.0,996304982
72544,639,2.5,1548057022
151029,2559,3.0,1114160740
90436,27727,4.0,1379677774
32133,480,3.0,1651091015
23212,355,3.0,832253137
154556,56801,2.0,1215810933
48351,1111,3.5,1366423565
87241,1198,5.0,1447409178
23284,1210,4.5,1423030496
100493,68237,4.0,1268857713
148747,1625,4.5,1459984768
22939,2762,4.0,1245065326
85982,99114,4.0,1547340864
94286,7396,4.0,1232717961
46201,4973,4.0,1112342150
145815,60684,4.0,1508348194
48232,70286,5.0,1266083079
150738,608,4.0,1090247491
159453,4011,5.0,1504542274
81709,2918,4.0,1402675913
149406,218,3.0,859622664
92376,2,3.5,1303516683
5286,6283,4.5,1554011613
114371,8950,5.0,1617034641
178706,52722,2.0,1511189660
119345,46578,5.0,1507864114
96372,166528,4.0,1574799656
33252,52973,3.5,1330560289
167179,217465,4.0,1610075463
13933,6503,3.0,1415665762
111755,1285,2.0,1311450166
111924,608,4.0,833475024
65993,1200,3.5,1371243125
167843,49530,4.5,1435702783
75478,85414,3.0,1585088767
189169,64034,3.5,1454252016
48508,911,3.0,981314479
160854,113829,3.5,1453417978
134630,3578,3.5,1343646400
194931,251086,3.5,1642954167
137863,50,2.0,1494688865
6085,296,4.0,1220316259
157910,1029,2.5,1072916346
17398,648,2.0,1156565752
126071,3949,5.0,1227407189
34632,1197,2.0,1308617157
38001,59369,4.5,1448926304
100890,116797,2.5,1503523384
52122,242898,3.5,1618368581
55299,1876,3.0,1135871227
92871,592,3.5,1298340047
123374,2005,2.5,1206848422
200322,480,4.0,1068409981
40212,104879,4.0,1538435672
5858,210857,0.5,1579839918
10325,595,3.0,835876754
81638,1380,4.0,1181235097
200258,64969,0.5,1465781855
24797,733,4.0,860175758
149711,593,5.0,1447187405
51956,728,4.0,895869763
108441,4914,4.5,1617313133
96399,4022,4.5,1119925909
47355,586,4.0,842470125
179000,725,1.0,884029301
162822,261,4.0,835972002
90327,2011,3.0,1082855122
40464,253,4.0,829144080
162212,593,3.0,1068847076
96587,934,3.0,1210650081
116368,362,1.5,1320074531
61087,1101,3.0,851163038
91921,158,4.0,831721760
58968,2006,5.0,1073002346
128148,163,3.0,906182340
155435,98361,2.5,1568059715
159772,91529,4.0,1485187167
184479,1211,3.0,1252793167
126467,8935,2.5,1476835876
9643,3448,3.0,952800829
43629,2160,4.0,974670259
43358,3476,4.0,992606192
164802,1391,1.0,996615246
161950,778,4.5,1111550395
163904,6539,5.0,1111499295
20315,485,3.0,844287452
165012,185029,4.0,1656735407
180560,161954,4.5,1482927287
81203,924,4.0,1076693677
16622,30749,4.5,1437001304
50928,4306,4.5,1116455735
184170,2716,5.0,1268535199
94214,8493,3.5,1160691908
9596,356,4.0,1546299523
170726,2726,4.0,1428434163
194679,175303,3.5,1603029006
110149,1946,5.0,1602629326
126843,55247,3.0,1254910018
148733,5,3.0,859126650
59557,32263,3.0,1357317766
142323,175,4.0,880580236
74300,1918,3.0,1079839097
122858,1690,3.0,941577260
196361,1573,4.0,1065465199
35383,58,4.0,1413510749
185694,3996,2.5,1198310247
41955,761,2.0,1039722307
90855,54999,3.0,1338817602
93315,6857,3.0,1422254019
103044,3527,3.0,1240167757
156720,3185,4.0,986441565
129781,2906,1.0,1024463094
46559,2959,5.0,1488238245
66166,187541,4.0,1554754011
72362,1093,3.0,958723978
82030,145,3.0,829386667
37705,8874,5.0,1617152635
107625,38038,4.0,1143279953
177831,54785,3.5,1458819845
23877,3753,3.0,1496209692
144091,2642,3.0,1670700560
137255,935,1.0,949401673
17776,1245,4.0,945969121
181439,88140,4.0,1314804614
3774,720,5.0,1414898534
52741,4878,4.5,1409159365
106898,6619,4.5,1111532493
94287,90929,4.0,1593033029
67471,43836,3.0,1419261921
124152,413,3.0,1146538566
117021,72998,4.0,1569591574
173927,7075,4.0,1127170053
61604,56757,4.0,1205523337
15119,3101,3.5,1109900621
155040,10,4.0,841530419
17512,2355,4.5,1069338708
155826,4034,4.5,1137550042
151456,8946,3.5,1513722537
134544,97938,3.0,1457304167
3484,2858,5.0,1481406272
22849,919,4.0,1255634520
138600,51255,4.0,1202806544
163500,356,3.5,1459573077
169856,71131,3.5,1252997293
985,85414,3.0,1586453840
65528,5013,5.0,1226156530
142394,5952,4.0,1440873578
100887,8972,3.5,1683412782
177445,68157,4.0,1647350302
12989,3930,4.0,974416660
138965,4992,4.0,1542515668
109421,1193,2.0,1312234852
170970,36527,2.5,1129082833
124726,780,5.0,850222929
148795,2352,3.0,962637910
9155,532,1.0,981745494
30739,3871,4.0,975048768
105860,51540,3.5,1225297577
77057,2706,1.0,1040335344
150949,8981,4.5,1355608780
5705,2858,4.0,1117337205
80637,1207,4.0,1536444635
61546,97225,2.5,1561305691
58686,1663,1.5,1442816210
64625,4055,3.0,1081215280
127053,5816,3.0,1291849230
118669,1918,2.0,947134230
1421,3267,3.0,959141782
99137,1610,5.0,1025619208
112974,1569,3.5,1465781726
164410,1302,3.0,853515809
69689,46578,3.5,1210627284
155154,7254,3.5,1170058506
91456,1513,3.0,976257417
192876,1219,3.0,1141679247
40391,8879,4.5,1100732318
188030,164909,5.0,1604092848
20590,55814,4.0,1519326601
148150,293,5.0,1653271824
50807,1299,4.0,901485254
132870,288,3.0,839019590
73833,1967,4.0,1044984671
155570,69406,4.0,1339648016
55021,1562,2.0,939351624
6308,68157,2.0,1441665166
10504,1230,4.0,912456019
194117,95558,1.5,1485574131
20342,3969,1.5,1543546956
20832,1377,3.5,1234315886
180859,6377,5.0,1595106072
130737,2000,4.0,1009766146
151328,30812,4.5,1311633612
62699,70497,4.0,1328390259
69087,2087,4.5,1546667853
102778,282,4.0,1116768242
20639,40629,5.0,1415988244
169431,135502,3.0,1607477675
88046,103816,5.0,1493668695
133808,4090,4.0,1081315226
18831,45880,4.0,1185163914
36977,3100,2.0,946946174
95297,41285,4.0,1217676174
93610,4489,2.5,1522178262
33157,1079,3.0,1072561647
192305,1223,3.0,1183512498
110197,4148,2.0,1027608009
107716,317,4.0,836841057
103583,329,3.0,833051126
4684,79132,5.0,1326603893
154220,3654,2.0,1169220729
13417,1608,2.0,1087930689
88161,135,4.0,995865131
13772,83613,2.0,1422154290
102270,2105,2.0,953626604
70832,1923,4.0,973377117
172649,1005,3.0,992735721
44027,68791,4.5,1430938991
131523,254460,3.0,1642020028
135887,5012,4.0,1060744332
98561,45720,4.0,1567202725
3177,67193,2.0,1240881682
75070,263407,3.5,1664404132
70919,1080,4.0,938526643
173506,316,3.5,1214534463
192387,377,4.0,845224205
131409,158813,1.5,1518650668
87391,146656,4.0,1637787546
99275,1485,3.0,1236276728
85714,76030,3.0,1489079019
200578,1320,2.5,1544935435
123641,357,3.5,1083179383
147323,919,5.0,1681277688
85121,5812,5.0,1062943472
127766,266,3.5,1127189153
72453,31687,2.0,1644450254
164039,5989,3.0,1192936054
169941,17,5.0,861207161
114534,673,3.5,1607286096
1096,1271,3.5,1391696022
88390,34048,2.0,1568914212
165869,81932,3.5,1542202408
147145,364,5.0,840220611
141773,117529,5.0,1553842438
198759,608,4.0,857244252
112448,135143,5.0,1509316730
154954,87430,2.0,1485471639
121321,5299,3.0,1047562984
149180,4993,2.5,1588444228
182389,3753,4.0,979428134
194574,27878,4.5,1162230764
123678,105593,5.0,1537241297
22292,36535,4.0,1143767029
117631,3000,5.0,1324347273
33629,3424,3.0,974704271
71360,76251,3.5,1514675251
100699,1732,3.0,1101033021
62093,356,5.0,912797053
166597,3249,3.0,1132195310
145626,2699,3.0,1160410093
71562,76251,3.5,1501475761
20478,1246,5.0,855089554
163782,725,5.0,855065603
88204,5608,5.0,1338631960
28456,2890,4.0,1042762034
35997,38538,3.5,1563673199
121867,3763,2.0,1017944192
17695,555,4.5,1111738383
167132,6863,4.0,1601173219
108640,53125,4.0,1277571698
102344,89369,5.0,1356555657
72595,5954,4.5,1070555494
87330,4975,4.0,1218742790
147351,1090,4.0,1134350895
132521,7004,3.0,1070270055
189144,1917,1.0,1332197794
4990,1097,3.5,1092290971
31552,1148,4.0,1327278477
169739,380,4.5,1493654790
105779,122914,3.5,1562835631
119526,205,3.0,1093981963
24700,6764,3.5,1085777589
185012,56715,4.5,1276840979
159906,1873,4.0,967241862
111926,224,3.0,829843105
11787,5009,0.5,1248953971
133924,103228,3.5,1493283686
63328,924,5.0,947755806
91472,4776,2.5,1478552401
89550,1342,3.0,847861002
57585,8961,4.0,1132201400
3740,59784,4.0,1494331000
122663,135569,4.5,1473716375
14506,1414,3.0,983943067
32955,33660,3.0,1183994127
28107,2186,4.0,999132522
174362,106489,4.5,1451851296
200323,65802,2.0,1642120323
160253,2405,4.0,1069312478
67112,68157,4.0,1690728203
117008,2858,3.5,1537205530
29457,3476,3.0,1111860114
61189,8529,2.5,1459220729
98875,4155,4.5,1689340460
139237,129937,3.0,1426736359
197957,2871,3.0,963006768
43254,480,2.0,1123266453
157125,2311,1.5,1107461726
46,80463,4.0,1443951974
79921,2949,3.0,1042686894
198681,112852,3.5,1504915932
48294,205,5.0,1052781982
72453,8907,3.0,1644450487
176337,356,4.0,1010167060
18875,54997,5.0,1650006921
66328,2253,1.0,944942971
162195,5989,4.0,1322329180
48454,27271,2.0,1245460706
149671,95441,4.0,1524318448
130781,597,2.0,1107800754
85707,25,3.0,867586877
15033,47099,2.5,1506342317
37357,2126,2.0,1139778687
168171,2797,3.0,938946149
124369,2144,4.0,944952454
82260,1036,5.0,1286606246
81095,79318,0.5,1309295882
184070,339,4.0,834190586
28439,5893,4.5,1096838482
86219,1584,4.0,1231102578
160157,7202,2.0,1609302934
168867,6013,1.0,1356661066
16112,933,3.0,938263515
143401,2243,3.0,1040164079
185485,1517,3.5,1076222531
98341,1396,3.0,949986251
153057,1373,3.0,1040504702
59186,1967,3.0,1025315935
117013,588,3.0,848423531
154244,77866,3.5,1579603145
29260,1590,3.0,1549310236
139695,4227,4.0,1016586285
60654,38159,4.0,1621520840
80691,3269,3.0,1003281833
156201,2405,3.0,1008365108
21052,1276,4.0,1002960765
13436,288861,4.0,1695300250
71626,92259,4.0,1447083184
196777,2762,4.0,1354458467
14212,138036,4.0,1606573447
192416,99112,3.5,1457075211
3210,1809,4.5,1629804108
41656,2381,1.0,948457997
193405,3578,5.0,1655797636
91173,7090,2.5,1342726557
39515,3439,2.0,1154223718
98529,2268,3.5,1672806054
165794,47610,4.5,1213369205
63204,98239,3.0,1551766404
164041,164179,4.5,1595147569
189789,50872,3.5,1437197865
84586,1385,4.0,1369847644
200283,110586,4.0,1510073224
1863,5459,3.5,1439885405
22526,368,3.5,1170850229
134871,58655,3.5,1224504590
140438,2921,4.0,1021474646
38217,104879,3.5,1424243483
36487,2657,3.0,948144871
116993,2324,4.5,1112003262
114172,66934,4.5,1354136116
18808,69481,4.0,1429876188
57345,357,3.5,1406368421
168944,10,4.0,837691555
186744,34332,3.0,1599623611
159300,42418,2.0,1434765438
69553,2478,4.0,1314947864
146005,3784,3.0,1050113619
60068,69481,5.0,1616886444
106650,6537,2.5,1067258904
9703,3785,3.0,1154725879
71275,316,4.0,954214403
40256,58295,3.5,1241074525
10895,128360,3.0,1520219193
71275,671,1.0,954214094
44299,5669,3.5,1483853356
97755,88140,3.5,1350009340
159879,1206,4.5,1444023455
173630,2858,3.0,1230740180
187561,353,3.5,1494267754
69802,2485,4.0,992217345
46906,47122,1.0,1275862226
54162,1178,4.0,1538905894
20089,111759,4.5,1461565819
163599,134853,4.5,1536405187
105067,64614,3.0,1454020944
21011,128141,2.5,1476826224
187235,179817,5.0,1581981628
104924,86332,1.0,1446574238
132114,106100,3.5,1462047590
103527,6162,3.0,1429184673
112656,318,5.0,1590569588
142241,971,3.5,1290258846
37989,8873,4.0,1445340803
187919,44199,4.5,1635552523
131855,119145,4.5,1588558483
158374,104879,4.5,1552726219
89029,104,5.0,1112645922
128751,1246,5.0,1576658731
77539,3100,4.0,1259963163
54150,6539,3.0,1491740002
157076,2245,4.5,1172519644
136291,38061,0.5,1313612375
6995,1257,2.5,1114908788
9705,2078,2.5,1373258738
69259,1562,0.5,1069430572
43386,32296,1.0,1493863761
131933,253,4.0,1136424160
37613,4944,2.0,1009038874
153732,2478,4.5,1225221607
173958,30812,4.0,1535246564
1048,38095,3.0,1619382212
107376,165551,4.0,1541741717
3309,420,1.0,1281303393
1057,61132,4.0,1270740236
74424,5440,1.0,1075402845
197320,342,5.0,1131318896
143136,54272,5.0,1254580138
104243,3513,3.0,972168792
9277,2571,4.0,1446667932
149364,88125,4.0,1574080880
133765,1356,4.0,865692162
132810,90439,2.5,1686062794
26145,595,2.0,1200973060
2962,134853,4.5,1547873526
18375,1136,5.0,1347740589
22423,2355,4.0,1326692666
174514,5014,3.5,1441357102
112500,263495,1.0,1664422167
108578,110297,3.5,1408374361
164327,7073,3.5,1106590908
129057,68135,4.5,1674755560
148000,3104,4.0,965459714
30197,5444,3.0,1592685107
73295,2968,3.0,1413238671
128847,103483,4.0,1675191681
192845,2688,3.0,1039665543
132267,6942,4.5,1670164714
192861,7153,3.5,1202603816
159130,61323,5.0,1453584092
187016,231,3.0,842636880
125727,168,5.0,920220504
94398,736,3.0,860249064
154750,2542,4.5,1120203627
88001,3176,5.0,1044883063
117674,2405,3.0,940071223
103925,2093,0.5,1617085908
14109,99007,3.5,1550796479
89502,51927,4.0,1614852301
66671,1265,4.5,1585895759
48892,6461,3.5,1114483566
153415,2377,4.0,996282335
33636,6548,3.5,1444394338
191303,7361,4.0,1321585579
124463,2858,4.0,1160567325
200226,8636,4.0,1457879288
98949,2716,4.0,1100934223
188703,8948,3.5,1532204238
90926,2396,4.0,1067637498
88915,34319,4.0,1253133600
115511,3623,2.0,1071172302
190458,60072,2.0,1584208896
65880,1801,4.0,1046141729
176481,68954,4.0,1512081783
24022,47,5.0,1452973588
16100,79139,3.5,1488538490
14278,1028,5.0,1083534425
149391,1172,5.0,985920843
151661,1291,5.0,978225735
56422,1347,4.0,1358892883
182892,91535,5.0,1570392276
28778,922,4.5,1295165923
200352,6934,3.5,1415415301
56969,377,4.0,1500241929
100365,1356,3.5,1362459235
10448,3160,3.5,1359447812
122884,60069,5.0,1544665387
124649,60069,4.0,1366494283
175325,157186,3.5,1535602374
196584,1214,3.5,1174662886
110373,5103,3.5,1441153467
197942,902,4.0,903750027
147018,435,2.0,1125180769
4784,851,4.5,1123030697
75350,37382,3.5,1649320217
161640,3624,4.0,1013393622
194720,4403,3.5,1627303331
30535,6014,3.0,1685433076
129311,1917,2.5,1197153361
43890,33794,3.5,1478763890
8087,27788,2.0,1501180366
47553,1608,3.0,1638215431
181497,798,3.0,865871318
98332,2686,5.0,1378599444
71251,2028,4.5,1577394262
125778,920,4.0,1496245658
129580,2805,5.0,950591962
187583,56367,3.5,1433578491
146219,5445,2.0,1150210742
21949,3489,2.0,974581511
92894,4683,3.0,1015191334
157190,135137,2.0,1485801279
20834,2571,4.5,1112737875
2012,1762,3.0,945816871
8158,1206,3.5,1489240082
198832,2822,4.0,1037613951
93794,2340,4.0,1145393779
163291,6539,3.5,1461978513
95040,1252,5.0,1629936194
8307,5481,1.5,1504405420
121564,73017,1.5,1439580203
25435,852,4.0,865600553
87597,551,5.0,840125885
127750,4886,4.5,1446300400
143103,1259,5.0,946345479
37245,90647,1.0,1681233877
21577,1378,3.0,859984584
108803,588,4.0,1245379500
167333,318,4.0,1373313117
97412,969,5.0,1482370129
34534,3249,2.0,1545447234
95550,5603,5.0,1037836257
73760,5669,2.0,1129160686
27432,800,5.0,941560612
56703,75805,2.0,1428935631
140624,2005,5.0,948408153
31321,185171,5.0,1554952444
111252,176801,4.0,1623994163
5029,168276,2.5,1505081881
149992,6,3.0,865444760
196991,592,3.0,844021006
60277,2140,4.0,1098349709
159759,49272,4.0,1519921013
8359,277864,3.0,1670901874
130620,7160,4.0,1110524416
1048,202383,2.5,1619382177
14562,421,3.0,851812363
77126,1673,5.0,1018576571
9778,106696,3.5,1558894054
127523,158813,3.5,1516158535
110772,5609,1.0,1052276074
74221,58297,3.5,1245317973
186200,7293,2.0,1225710190
41080,1690,3.0,1118417543
168515,8459,3.0,1126962595
199014,91500,2.5,1457179777
170530,3948,5.0,1200743957
197458,3858,5.0,1019613246
15122,911,3.0,941519432
81481,2919,4.0,956591192
93489,200820,3.5,1604614323
7854,500,3.0,834066614
27530,1219,4.5,1119270195
26070,780,3.0,856855609
196688,1217,4.5,1054058603
125292,1374,3.0,1547601357
184763,2571,4.5,1439488487
72272,524,4.0,941548965
190975,4321,3.5,1053403646
48339,2916,4.0,1616766799
109258,78635,3.0,1277320704
80632,208703,4.0,1603752839
194361,2628,5.0,1287661421
80367,3067,3.5,1099805715
196125,6,3.0,940593419
59411,1041,4.0,1231083863
129363,943,4.0,1114766445
98362,3438,4.0,1027830987
197278,838,3.0,949814767
171179,337,4.0,1100969313
43883,1015,2.0,1436252920
71000,42004,4.0,1150060314
107908,996,4.0,1139348105
154668,2409,1.5,1101831672
20542,3174,4.0,1322668749
38480,4062,2.0,1031759048
71275,2287,3.0,954214225
43615,52435,4.5,1424667325
115892,2081,4.0,1013490981
187622,1291,4.5,1148362528
36595,8376,3.0,1485551519
28972,3083,5.0,987702382
198901,1584,4.0,1197250206
30786,4034,3.0,1079692707
175552,62849,2.5,1477872891
58468,69406,3.5,1578041050
101820,42728,4.5,1355604345
189423,2502,5.0,994563727
34770,2003,3.0,1028641443
114687,45722,4.0,1286720312
168560,32,4.0,853624378
134541,2671,3.0,1632616678
51859,2918,5.0,1225235978
179550,56367,3.0,1495986330
141411,58559,5.0,1447344284
50610,1591,1.0,875994131
16121,1290,4.0,1432527952
47890,8167,4.5,1168801812
148074,2863,4.5,1443807143
188674,538,3.5,1166912894
76254,551,5.0,1237192468
44816,85414,4.0,1683122139
115035,3186,4.0,1266188427
180809,4993,4.5,1419369848
20316,2858,4.0,1108192679
118856,105731,0.5,1532876769
42607,97304,3.5,1479075846
97980,915,3.5,1605550239
56267,59315,3.0,1442309227
128851,44555,5.0,1443393377
97006,103984,4.5,1487966531
38062,107412,3.0,1614462160
155834,208747,3.0,1604785590
143962,122896,3.0,1529512141
107106,4995,3.5,1479766291
107728,1230,5.0,948856286
88489,5782,5.0,1206722449
41298,904,4.0,1014939889
180865,1500,3.0,1015715425
195991,5266,3.0,1595798754
116241,2701,4.0,1452876470
44780,54745,2.5,1445019295
7981,58559,4.0,1437390102
173425,5481,3.5,1381940603
60131,4849,3.0,1315807586
201,1198,5.0,1579440516
165854,494,2.0,1121041511
137105,3623,2.5,1531502175
102558,2019,4.0,862646441
136599,2496,4.0,947400942
94576,6849,1.5,1459191547
2163,7090,4.5,1086058650
167683,8464,3.5,1159386238
65120,1089,4.0,1007543938
91287,3362,0.5,1467438291
147181,3751,2.5,1123149425
50207,1503,3.0,979954384
126626,3578,5.0,1185403173
123465,27094,3.5,1291011984
138582,608,4.0,962594217
57212,1206,4.0,1470321032
67495,6708,2.5,1330103810
195624,1639,4.0,1102471580
141853,103249,3.0,1426993445
32147,134130,4.5,1632689558
115556,6541,0.5,1487930971
142346,3479,1.0,1112884320
157004,284111,2.5,1690703365
103312,71579,4.0,1541303108
188819,4503,3.5,1123176920
162242,96610,3.0,1361759004
31367,5995,4.5,1344822064
146005,3897,1.0,1049857406
111591,1126,3.0,1303322614
186672,6711,4.5,1461626060
124700,76210,2.5,1433241159
158060,3130,3.0,945132242
49031,4787,3.0,1120217224
128986,68554,2.0,1471808757
5320,7004,4.0,1205082499
139140,49822,4.0,1214918794
36938,91500,3.0,1368908634
95962,235,3.5,1292133665
125713,71156,5.0,1547498923
15877,442,3.5,1160640976
23798,3718,4.0,974847052
103894,3785,5.0,1253147810
200235,1086,5.0,939253458
59581,2918,5.0,1540000159
94287,209965,2.5,1644431865
182827,86882,5.0,1328020188
7087,2011,4.5,1490784802
175048,3983,4.0,993843738
176596,903,5.0,1165227388
154900,122882,0.5,1633571084
172846,45186,4.5,1247932969
95034,33166,4.5,1251633150
118218,2491,2.0,966310031
26007,2012,3.0,1045538433
95405,762,3.0,1039585664
197473,780,4.0,976755103
18890,8957,0.5,1599956691
111276,930,4.0,1030736303
12991,270,3.5,1068830390
161114,165551,5.0,1529886283
126616,3868,5.0,1159019231
127956,76093,5.0,1672261184
51005,102445,2.0,1673373763
48308,1947,5.0,945368060
194939,1371,3.0,866981310
30117,189957,4.5,1603022053
163375,2064,4.0,938949794
141071,2644,3.0,1323439258
51513,46723,3.5,1386900736
97258,1299,4.0,1021609997
118661,201340,3.5,1609603024
143994,45666,3.5,1427598544
31512,77866,3.0,1298066514
39741,6014,3.5,1566595915
168756,4792,4.0,1301264163
148758,2407,1.5,1104191835
77860,3093,3.0,1017856953
118180,91500,4.0,1358838499
79972,1961,4.0,1101019514
165666,21,5.0,966976037
49775,91134,3.0,1637361574
70226,90600,4.0,1681575882
95275,1213,4.0,974337693
131853,468,3.0,836577019
190224,1204,4.0,989343905
15651,105,4.0,1452413576
183098,33004,3.0,1132526666
27974,4643,2.5,1584645530
130677,3578,4.5,1344760403
6424,68135,2.0,1310850954
94446,34338,3.0,1147672168
81850,48304,4.0,1611250993
5549,1674,5.0,941232596
16355,1127,5.0,1425953182
143747,10,3.0,1503764917
53367,62,4.0,848996919
135286,1189,5.0,901548065
125740,8360,4.0,1303500517
157872,8689,3.5,1444497002
153229,6550,3.5,1159725660
46986,1073,3.5,1206128911
79981,4226,3.5,1336435553
69365,6539,1.5,1264533921
191944,2642,3.0,1018582933
91478,88140,4.0,1469552032
126318,29,1.0,1683928073
174487,88932,3.0,1633321070
106632,172,4.0,1047021432
180572,135536,1.0,1492926246
115905,90866,4.0,1343089670
136025,500,4.0,843763402
74542,3549,4.0,954716502
25073,122906,4.5,1554784387
186592,355,3.0,946188907
12679,6338,3.5,1233580661
75866,160,3.0,848676534
50669,4226,5.0,1219977951
71817,1732,4.5,1154590829
159398,6235,5.0,1334796340
161958,377,5.0,1629401560
99724,102993,3.5,1637539931
120602,3897,4.5,1055433718
80645,40815,3.5,1446872188
107920,76251,3.5,1655963420
59750,2628,5.0,1512164207
90341,1270,5.0,947117355
92103,50,5.0,1490106501
19487,1210,4.0,1587866979
129368,4993,5.0,1119796115
81481,26136,3.0,1206564169
57126,7451,5.0,1616462782
168198,4874,3.0,1043537167
187398,1573,4.0,956386564
114343,1285,4.0,863741259
133770,278980,4.0,1678163114
179791,5218,4.0,1500212100
149720,70599,4.5,1294693739
95030,139385,4.5,1578667987
21673,2116,3.0,973959547
151495,2997,3.5,1497410014
47625,1639,2.0,949710251
145743,7001,4.0,1610922699
63250,2987,2.5,1317508760
177126,163134,4.0,1562899289
156158,1299,4.0,1436936558
194555,1339,5.0,860368966
137086,1592,3.0,991852428
82445,168248,0.5,1619344407
73657,3156,3.5,1132539568
183744,55232,2.0,1575391353
37008,3967,4.0,1047054286
63065,318,5.0,1001369398
33598,5505,4.0,1033419731
106151,3347,4.0,1039392229
119371,246,5.0,857110864
183077,4993,4.0,1188408636
191662,95,5.0,836898924
70489,3481,4.0,1111478380
51148,2,2.5,1299972365
7861,2707,4.0,1118814771
154917,1047,3.0,863775114
6965,296,5.0,1025822175
167154,8860,3.0,1240122564
74613,3033,3.0,1279409927
64280,3471,4.5,1146675037
104531,410,3.0,844072225
142459,1220,3.0,941284050
37331,5015,3.5,1232843796
106442,2917,3.5,1217942502
102946,6711,5.0,1077046530
123807,97988,4.0,1630973780
172823,1721,3.0,938849893
23279,1073,3.5,1182916778
178660,26865,4.5,1245073383
174217,891,2.0,1031155868
9173,3996,4.0,1650659164
191639,104518,3.0,1660443743
127444,1130,1.0,967961528
118091,5206,3.0,1499346000
31618,1907,4.0,923338993
76336,151,3.5,1067566452
55485,66097,4.0,1639779687
91844,5446,4.5,1056557190
122854,90405,3.0,1460435683
179332,1223,0.5,1437781268
71634,2064,2.0,1107282846
152186,317,2.0,841673596
166955,224,3.0,941537153
5811,53464,0.5,1472491244
33360,69844,5.0,1317057254
162205,20,3.0,840810268
55729,4388,3.5,1668265007
149672,110,4.0,848170410
72410,1206,4.5,1516829096
100935,1960,4.0,1083964243
21994,1090,4.0,1458516242
46151,58559,2.0,1458874095
2501,33679,5.0,1350691385
130654,942,3.0,1484146806
195730,2121,0.5,1128405862
6587,8984,3.0,1694827030
154656,798,2.0,1035183153
169680,6290,3.0,1602722973
29608,115713,4.5,1435787895
5980,8360,3.5,1107369373
119559,60684,4.5,1638044012
131248,1291,4.0,1426480334
15153,72737,4.0,1464217469
133623,4231,3.0,1458257213
44080,79132,5.0,1439803273
111885,1029,5.0,879858116
24348,2700,3.0,1636701724
35684,8957,3.5,1240055145
112175,3578,5.0,1145185521
161333,27641,4.0,1312802251
7530,2150,2.0,942501255
194646,2174,5.0,947642062
12999,5952,5.0,1559563493
133747,1208,5.0,1591413060
123321,6380,5.0,1101394267
23815,1097,2.5,1295853608
57442,7169,3.5,1535640010
87150,3264,4.0,1468988807
13306,377,4.0,843980340
82587,587,5.0,845423507
71312,90531,3.5,1558848222
109342,116797,5.0,1439300010
38160,589,4.5,1170100430
36438,56788,3.5,1484587596
42679,50912,5.0,1299797581
141653,32296,2.0,1407427247
15084,116855,5.0,1510716032
47705,474,4.0,839098193
191755,2539,0.5,1169264430
161804,778,5.0,860004892
40698,46578,3.5,1690724625
77924,4678,3.0,1189824797
64204,2712,5.0,936981500
187346,44,5.0,1353176247
117728,3678,0.5,1225285650
130219,3247,3.0,1034118029
5313,380,3.0,1037354515
76401,1374,4.0,974593960
67110,8783,5.0,1546902271
70863,109673,1.0,1472424685
193966,1,3.5,1111665550
70632,2993,4.0,953380651
127561,48516,3.0,1205869576
174514,260,5.0,1145365944
64194,3328,4.0,1007718591
44347,1009,3.0,844267362
150012,54775,1.5,1457361896
77024,79553,4.0,1344360828
76855,3421,3.0,966314740
149529,8961,4.5,1547872335
165502,2371,3.5,1254963066
162803,43396,4.0,1215832841
125657,1345,3.0,974750354
21615,474,4.0,1104449470
130887,63082,4.0,1468353162
98599,31696,3.5,1487181307
141331,4234,4.0,995417994
1781,2710,3.0,963863635
91254,6783,4.5,1088187082
22469,1148,3.5,1054281158
155340,592,4.0,848782772
37413,3994,3.5,1557046005
149209,231,5.0,1409455520
166368,1291,3.0,1555185138
169431,236995,3.5,1626277084
113822,2470,4.0,956625723
119764,3783,4.0,1049652950
105457,40819,4.0,1194502811
68215,62,4.0,842609552
127901,3831,5.0,1196863874
135044,329,3.0,879785389
156737,36,5.0,1236781183
182024,3039,1.0,1512018839
167686,2335,3.0,978646190
102977,1378,5.0,1154200256
160810,6874,2.0,1491918506
172368,286355,3.0,1695839743
136430,688,4.0,1072916950
181460,5618,5.0,1073876456
100380,296,4.5,1470346540
140181,1234,5.0,942453836
92823,8961,3.5,1199874521
161560,86835,4.0,1332100395
161800,48774,3.5,1645606322
138084,196267,4.0,1681739258
56632,1094,3.0,1115047423
89884,8533,3.0,1497134111
142352,3980,2.5,1129642715
157740,81591,2.0,1355759891
13799,541,2.0,1655763606
137166,2009,4.0,1296869022
142999,204750,2.0,1618710381
193825,778,2.5,1207242981
43552,29,5.0,1169538693
145657,349,5.0,828292912
169056,1220,3.0,907531296
26261,3270,4.0,953353991
127315,1210,3.0,853406018
24700,1213,4.0,975518529
7219,30892,5.0,1300606770
7329,1247,3.5,1480072630
142453,3418,1.0,1529659680
45251,88125,4.0,1538036248
99633,6331,2.0,1508768270
64848,2628,2.0,1602377478
131761,5064,3.5,1251185773
73636,1282,2.0,957550995
50875,103444,2.5,1532294827
8341,3072,5.0,1177076705
147702,2273,4.0,1071083127
36906,7438,4.0,1525245501
43881,5995,4.5,1237542839
200034,500,3.0,845661187
98832,135569,3.5,1491373436
127767,1120,5.0,900826099
160669,253,3.5,1109421516
175695,1,5.0,1485290757
32828,5621,0.5,1112009475
130805,45517,2.0,1591729127
106251,247988,4.0,1643956659
44463,2000,3.0,1041474741
199648,127114,4.5,1487155333
60023,5509,4.5,1444176407
16325,95167,3.0,1660509111
90297,2617,3.0,1239076331
101479,3328,1.0,974565204
84204,33493,5.0,1280279433
153823,1610,5.0,941830517
119311,344,3.0,837625503
33962,159169,2.0,1484932018
138841,454,4.0,845718525
107352,81591,4.0,1446670753
126035,1950,5.0,1620240256
133029,98491,5.0,1460111863
59535,2944,5.0,956414512
188453,2932,0.5,1473593707
132632,2528,3.0,1098259397
142343,43838,1.5,1252613528
47057,33493,4.5,1216263138
162843,2541,3.0,1086810562
42829,112421,4.5,1611610414
124035,4974,2.0,1045947777
152103,50872,3.5,1529933274
109205,3104,4.5,1111684986
31985,3148,5.0,1225009921
1957,1291,5.0,1577986892
178504,920,3.0,945376536
3522,8622,4.5,1534784805
196804,1304,5.0,979765352
22018,51662,4.5,1337191704
103122,2683,4.0,982707280
138868,362,4.0,923765682
103220,1258,5.0,1625365306
49636,32031,3.0,1588562451
25552,2338,2.0,1111482351
149949,1610,3.5,1596006145
23079,173,4.0,839867658
183902,50872,5.0,1280862769
154419,2987,4.0,974685083
37656,2161,4.0,1111531796
118509,71535,4.0,1600536731
89708,27706,4.0,1117305648
79553,2948,1.5,1214842553
165364,276911,3.0,1666307893
105159,296,5.0,1221600183
127171,1792,2.0,1513496655
171788,648,5.0,868365463
188823,637,4.0,1469584606
95094,260,4.0,1211500161
163439,72720,4.0,1557389604
150309,780,3.5,1156733837
39733,198,4.0,965528988
123220,4855,5.0,1288327860
16711,80361,3.0,1662858920
456,4022,3.0,1092070480
51192,455,4.0,1129950572
35657,5941,2.5,1199830304
39634,103,3.0,856646503
152045,7003,4.0,1641534092
193102,7153,5.0,1461582614
34949,112852,4.5,1449533628
52599,168250,4.5,1631621040
11781,3684,4.0,1033452003
63451,2010,4.5,1457823481
160179,114662,5.0,1546434117
174158,4291,2.0,1028945544
141693,1682,5.0,1548603812
80406,788,3.0,862406164
87597,1206,5.0,851075652
55399,3052,3.0,1457892856
15143,2942,4.0,1326352275
52389,104,4.0,1259331298
195491,3362,4.0,1162152392
111412,1374,4.5,1137654572
145759,2571,3.0,1043804838
148235,2302,3.0,942489685
35100,780,4.0,1629535564
13706,8641,3.0,1489215268
154945,3624,3.0,1213300274
116175,1199,2.0,950359964
77076,30749,3.5,1169850433
193430,4027,4.0,1036621119
50282,969,3.0,1141887105
65746,3624,4.0,1008867392
45374,541,5.0,1514314288
112852,100326,2.0,1428878340
32182,3793,4.0,1037155031
89102,608,4.0,1181057385
77273,2918,4.0,1172180007
51124,2412,2.0,951055580
73535,529,5.0,938913137
197335,4963,4.0,1586483104
140550,150,3.5,1535494978
128942,492,5.0,1668023990
132824,8604,3.0,1297031084
23605,2023,5.0,938820047
175325,199696,2.5,1566672397
46700,2706,3.5,1410659077
5089,151,5.0,838995514
139690,91658,2.5,1545641638
100831,91500,3.0,1421112043
173629,1735,4.0,1018038385
154392,101088,5.0,1584768949
169064,5611,3.0,1133828724
183880,1550,3.0,975714583
96837,2805,2.0,947361953
114628,7199,4.0,1094270754
158553,2023,2.0,1623115564
136095,5618,5.0,1547856799
100592,137857,3.0,1486983449
180008,3535,4.0,1568877414
64755,1429,3.0,883214996
192230,3418,5.0,970764615
122974,788,3.0,858280980
197109,1250,4.0,1489509012
133978,466,3.5,1179664039
143499,595,1.5,1299348660
163830,2422,2.0,1113805690
193260,151113,4.0,1472209085
40191,474,4.0,946123567
190164,79702,4.0,1294985282
84083,1221,5.0,1454018855
163300,2617,3.5,1111814403
101585,3635,5.0,1337559090
129550,342,4.0,953062564
121922,1136,4.5,1285549775
143760,71246,4.5,1283702184
150998,6094,3.5,1056084133
3609,1721,4.5,1266824279
48893,2422,0.5,1086130291
92060,87869,3.0,1613512577
167871,296,2.0,1628533725
42248,514,5.0,833849589
181879,139644,4.0,1588962885
51333,95,2.0,1141942320
45134,260,4.0,1065624790
95291,21,5.0,846516015
50026,2858,4.0,1085429390
91691,1293,3.5,1390983849
176415,293,4.0,948177871
172020,74458,4.0,1480078819
190962,81591,0.5,1337549424
160535,3444,2.0,956451817
12361,47,4.5,1145500867
186459,6888,4.0,1621099240
150084,1643,4.0,1225704366
18704,102445,3.5,1551033493
159954,73854,3.5,1475367135
89132,260,2.0,960767431
31262,112552,3.5,1511517657
61651,593,5.0,940778818
115479,3101,4.5,1111549526
126742,26463,4.0,1492624849
28346,1340,4.0,991873732
66512,329,3.0,935978338
121905,778,1.0,858515281
137314,1663,4.0,1111702633
198075,134853,2.5,1474461559
133401,849,3.0,1076222606
181445,608,5.0,855150486
162494,34048,4.0,1263493537
153517,64497,5.0,1603740582
72590,52435,4.0,1582400970
15489,286355,2.5,1687982319
163115,1032,4.0,1090041658
106263,138036,4.5,1608839225
3174,2391,4.0,943800830
92736,2959,4.0,1100235973
54214,206857,5.0,1607287301
200578,3952,3.5,1544934694
116619,1073,4.0,862563095
82419,2324,4.0,1222360589
145891,647,3.0,945493150
30696,207,4.0,837081031
144915,83976,4.0,1635795205
89432,1301,4.0,1092538325
119234,26513,1.5,1153997226
126661,44665,3.5,1313337918
112709,2000,5.0,1438213860
27646,59615,4.0,1474830661
50311,1096,4.5,1139173633
177718,2291,3.0,920043136
34170,165,3.0,857402811
70366,480,2.0,1098787590
49305,8589,4.0,1169878434
82775,5945,3.5,1112521935
96765,190,4.5,1159306946
73444,1485,5.0,1115593796
25618,6870,3.5,1551559159
26957,924,5.0,965087834
92609,5679,3.0,1631768987
41924,71530,3.0,1491453001
111385,170745,4.5,1559712838
129167,1197,5.0,942169673
70618,588,3.0,1299552519
193768,2746,4.0,1063347262
125730,1240,5.0,1629543916
43022,106072,2.0,1470486232
152495,67197,3.5,1499084353
29588,6365,4.0,1466963127
7265,61352,3.0,1586823882
43726,858,4.5,1450667882
169186,7766,4.5,1180841482
159455,48,2.5,1166626748
143721,122882,3.5,1494819960
70453,1266,3.0,994627111
95082,1220,3.0,929580026
162817,2915,4.0,1101523386
97621,45517,2.5,1687998320
19134,1246,3.0,1115388198
190779,6958,2.0,1168023493
76883,1041,4.0,1094476674
108776,2427,2.0,1410629814
149533,788,3.0,848534512
67255,3745,4.0,1379032856
95028,766,4.0,866209392
118920,30793,3.0,1435601902
87377,2997,3.5,1616391353
6652,8636,2.0,1677521549
9625,500,5.0,847210529
149081,10,4.0,1106031087
77865,1186,4.0,1316981622
134431,40614,1.0,1451585163
146882,53121,1.5,1671197736
176318,1569,4.0,1159988623
188035,2716,2.5,1332538082
26767,101525,2.5,1635694857
7248,184399,3.0,1659008269
127556,315,3.5,1072504241
123606,104374,5.0,1693857142
128782,58559,3.0,1469148091
46755,85414,2.0,1518861824
123153,1704,3.5,1439821773
158023,2571,4.5,1246820591
192470,58803,3.0,1608006477
20825,1028,4.0,974770542
17856,5011,2.5,1586098017
181363,6934,3.0,1550845724
22958,367,3.0,838194428
42762,3148,3.0,956684796
89201,6333,3.0,1521437368
131558,27317,3.0,1293661683
188819,2600,2.5,1121787287
64150,5605,1.0,1139604929
34491,80489,3.5,1394538180
98589,48394,4.5,1173420112
126398,2431,4.0,991571088
43824,4047,3.5,1589761208
49272,858,4.0,1508901216
149702,1387,3.0,1001635267
197907,2916,3.0,1128035875
111045,188697,4.5,1635093481
78245,1641,4.0,940793341
187785,6979,4.5,1136903378
39871,6338,2.5,1133910332
33514,1373,4.5,1343880216
198956,2262,3.0,976202254
35680,104879,3.0,1511186055
160636,252,4.0,828838632
151829,1449,4.0,999947514
53211,181,3.0,839166718
133360,6,4.0,835463935
127541,31658,5.0,1469340840
117872,59369,4.5,1349674655
58245,72998,3.0,1602631200
180043,1580,2.0,997228470
135587,33639,4.0,1152056874
76058,2541,4.0,1046673427
15860,104841,4.5,1613876051
180199,2973,4.5,1267129051
185982,2641,3.5,1432522745
57142,6872,1.5,1083433976
144090,595,4.0,835189274
189366,60069,4.5,1451760618
104513,7143,2.0,1503965919
166308,1147,5.0,1334608920
140285,8259,4.0,1232354532
80183,27180,3.0,1296718069
75688,2628,4.0,1024190756
155976,589,3.0,839176266
58663,60684,2.0,1342392102
73475,69951,4.5,1604004342
133074,3623,2.5,1424249466
187622,5785,3.5,1148593252
33622,1209,5.0,1458014487
101512,8368,5.0,1251731136
104457,3019,5.0,1350521056
49908,4148,4.5,1468429527
29399,204534,2.5,1564667377
81905,172813,2.5,1578522528
117879,3994,4.0,1100533660
139580,6773,4.5,1287520209
153141,628,2.0,851082562
133392,34048,1.5,1193499688
190176,1307,5.0,942668775
14031,665,5.0,1513110415
15362,1667,3.0,963316747
51659,260,4.5,1291676255
199163,4896,4.0,1463337701
48481,3257,3.0,996331666
167933,61323,4.0,1285177408
93905,142827,5.0,1617467885
96164,5254,4.0,1421182644
2810,31420,3.0,1257320408
92646,2710,1.0,945565479
105628,7439,4.0,1089781654
196695,8529,2.0,1436866976
17875,212461,2.5,1618347523
3862,50,5.0,1694921652
72899,292,4.0,835556732
80956,47518,4.5,1215725711
46847,30905,2.5,1339713934
41730,788,4.0,965105717
6979,594,4.0,836953798
107343,912,4.0,1228483010
32081,54259,3.5,1543537506
38706,596,3.5,1058545583
83730,3868,4.5,1203910622
136771,539,3.0,847247249
82884,88744,3.0,1465818336
176820,2571,4.5,1538853053
90079,2810,4.0,1113599910
139305,3,4.0,1111475280
179493,1266,4.5,1206550919
178826,2439,4.0,1024689888
142998,2354,1.5,1057291354
9949,4235,4.5,1318529464
43205,5364,3.5,1445284090
5462,1911,2.0,1305355806
85435,71057,3.5,1618110139
196347,78469,3.0,1480890473
128239,27660,4.5,1619077673
63585,4246,5.0,1226450063
64857,1394,4.0,1621249416
59270,77561,4.0,1679789876
20024,3515,3.0,963766692
135553,104998,4.0,1512688308
100108,36401,3.5,1177060524
81165,2761,4.5,1525546897
67242,1840,3.5,1432293948
98506,91542,3.5,1525335207
106674,1956,4.5,1112406598
100024,2918,4.0,1053656894
49872,3301,3.0,1455408276
63935,41571,4.0,1162760169
10500,3357,5.0,975508265
49407,349,5.0,948925947
109762,121372,3.5,1430335892
56980,4881,4.0,1126313475
80075,4878,3.5,1285165047
180076,2002,3.0,1578322022
94182,293,5.0,990573721
129262,158783,5.0,1473856403
75300,78499,5.0,1397022418
167271,762,2.5,1272019272
16307,126548,1.5,1497922013
119866,648,4.0,1493302389
124844,27397,5.0,1333304901
28269,4993,5.0,1424048960
1411,4558,3.0,1351025116
26149,745,4.0,994217115
98305,362,4.0,1392060654
66775,228717,3.0,1605115597
36674,4848,4.5,1109967788
53766,802,3.0,857645774
5573,2836,4.0,952725175
64487,1091,2.5,1216378502
18199,168366,4.0,1689614396
127930,2467,3.0,1440884709
191977,1732,5.0,1262266499
139864,269146,3.5,1661633755
130543,158972,5.0,1545834454
188876,58559,4.0,1261194179
26360,55276,3.5,1238993779
197496,1979,1.0,1426946231
176308,588,5.0,1365154894
131470,6331,4.5,1155683485
149651,1653,5.0,1540783485
118289,1240,4.0,1579762361
56899,1196,4.0,1565918829
99843,30883,1.0,1494298667
172296,736,2.0,942250226
151585,3984,3.5,1141681678
57131,7153,5.0,1461706996
44463,4675,3.0,1041475456
175325,190783,3.5,1566672249
187199,1661,4.0,974633767
50814,265,4.0,844173466
126808,2617,3.0,1446634532
67544,1804,2.0,972422280
5304,34,5.0,1036913577
26606,4246,2.0,1048796053
104063,4701,3.0,1047397186
12906,113453,5.0,1475694792
84589,1291,5.0,1611701255
17797,183445,4.0,1678801828
140618,524,3.0,837620692
32587,5772,5.0,1043269995
193864,256,3.0,848770871
38896,3081,3.0,1453559405
165961,2840,4.0,1096865086
19175,3053,3.0,1042746627
11278,1350,3.0,1438710035
82865,87430,0.5,1433947507
39835,3994,3.5,1341379099
56101,207313,4.0,1584720860
157127,6539,5.0,1585382480
81484,2266,3.0,997939666
76400,6858,4.5,1522382231
21305,1210,4.5,1410686940
5448,1221,3.0,1281306955
65846,5046,2.0,1517501144
16188,4318,4.0,1023791081
155197,5690,4.0,1465246442
30438,80463,4.0,1607928154
191519,706,1.0,837238760
139904,3,0.5,1100568315
73517,784,1.0,857834971
148,5254,1.0,1471832787
114723,508,3.0,1609274675
26752,2571,4.0,1586255507
147821,6123,4.5,1222222763
33389,2423,3.0,1607050029
136340,272,4.0,845662848
139994,1307,5.0,1136169054
864,3959,4.0,1223880482
30372,6401,3.0,1433188073
51801,45186,2.5,1464298460
93789,4576,1.0,1270130099
124328,2952,4.0,1062426569
52767,2253,3.0,978417178
26382,1148,4.0,1129561946
132293,53125,1.5,1315169282
133381,589,4.0,1488827135
119395,1555,3.0,891478161
31871,6676,5.0,1293188528
55403,112552,3.5,1646595272
163813,89774,4.5,1481661185
188092,2997,5.0,974604547
127765,782,3.0,877386927
19164,7293,2.5,1123991029
4392,1267,4.0,1655152706
53920,1,4.0,850210239
176058,1408,3.0,1039906463
110889,79224,2.5,1519576865
12682,2400,2.0,944165159
168048,1032,4.0,1497742686
148984,117529,5.0,1460421006
91016,1301,4.0,1044747853
48473,49286,4.0,1482733676
164287,164179,5.0,1485844366
167023,6711,0.5,1204244154
92650,52722,3.5,1181177077
41420,152081,4.0,1567235565
134465,1213,5.0,992948562
154730,67695,3.0,1463107760
34198,858,4.0,1568975929
159555,2389,1.5,1497121203
177221,603,3.0,993151350
115644,1517,3.5,1555497133
84507,80860,3.5,1424803592
22472,58998,4.0,1213370238
136996,8947,4.0,1694010997
81226,1407,4.0,1235209453
157576,3683,4.0,1101194680
197177,4878,4.5,1519841671
104339,96691,4.0,1479863825
89197,1240,3.5,1520799884
85260,2232,4.5,1471365126
5724,72641,4.5,1471787857
70520,162082,4.0,1483042623
112570,1277,4.0,1638060188
150040,63082,4.5,1677656915
180136,35,3.0,861803764
46201,2384,1.0,1111476018
115748,101577,3.5,1382289582
130321,1292,4.5,1362393042
167556,161131,3.5,1498322581
59741,114662,4.0,1660902058
33946,43396,3.5,1226338408
153358,10,3.0,844406506
84854,3441,3.0,954390763
114287,1943,3.0,1010354542
24758,61132,4.5,1551338042
27044,3793,4.5,1450668800
168439,2,4.0,1610332159
63328,45666,4.5,1543853125
33704,2859,3.0,1002590461
42734,910,5.0,879774178
141408,160,1.5,1117103683
45990,5449,1.5,1471906868
36656,81845,4.5,1514539978
18927,173145,4.0,1521459221
126954,2390,1.0,985992813
82498,1962,3.0,1449295868
97966,74458,4.0,1464775317
155488,147,5.0,976126062
129213,1221,2.0,1352038878
77419,4014,4.5,1477769572
142340,172,3.0,1454871037
169083,6157,0.5,1483334228
77778,1196,4.0,1354049014
165952,7367,3.5,1147203672
143749,1193,4.5,1599635745
33082,605,4.0,944903842
183046,106920,3.5,1646318438
24087,44199,4.0,1672779151
75907,3235,2.0,965966391
9380,55280,2.5,1236183398
49129,91529,4.5,1561815677
29923,115713,4.0,1681488717
196358,514,3.0,844162623
198295,55820,5.0,1691459346
119234,180325,3.0,1524179389
99843,34405,3.0,1485995215
158403,913,5.0,941400552
136791,575,3.5,1609997837
73415,44555,5.0,1234740502
101870,832,3.0,1024035630
81162,6538,3.0,1165026743
175140,2881,2.0,1156053605
49093,140956,2.5,1657215870
8588,3763,3.0,1466833002
111641,1204,1.0,1094171594
65720,51662,4.0,1457831772
131862,8784,2.5,1207785180
130702,134130,4.5,1585919258
7802,260,5.0,976979023
155323,198,4.0,1049755951
126453,5218,3.0,1441082972
158453,778,3.0,1013401819
58673,2987,3.5,1201089823
72718,2463,4.5,1308956251
134925,2716,5.0,992674033
58929,102407,2.5,1454513379
11306,62434,3.5,1598681425
111126,3448,3.0,1000373583
22744,104518,3.0,1575297425
46373,152031,2.5,1600833860
192845,6205,3.0,1058214852
15623,150,5.0,1563108972
28218,2916,1.0,1218465298
34308,2720,2.0,1006072319
113654,170957,2.5,1649095057
176842,922,4.0,994291830
112570,80463,4.0,1668165990
94314,2141,5.0,1269977704
147887,111364,3.5,1458743496
5689,1032,4.5,1094164672
76430,5015,4.0,1034705669
21188,2987,5.0,1129400534
153047,3260,3.0,998541633
98491,5669,4.5,1129559880
162731,270526,4.0,1656874481
114750,3101,2.0,980909175
107846,1208,4.0,1451404461
42633,457,4.0,1049757857
30772,2073,3.0,945537214
93239,648,1.0,1111671137
13324,432,3.0,1386035181
46942,3897,4.0,1138828370
47320,5378,3.0,1600787858
161852,286897,2.0,1685740537
118820,300,3.0,848673440
164099,59369,4.0,1374509587
148899,1,3.0,1390379204
189165,51540,3.5,1200188800
157336,1909,4.0,1143349532
173927,3529,3.0,1127246443
13589,69844,3.5,1540702249
19415,4541,3.0,1021598390
37585,3246,4.0,1095288743
60153,3275,5.0,1062912351
66544,288571,3.0,1695222743
190857,7438,4.0,1649297340
144078,1203,4.0,1117537794
179802,353,0.5,1578612870
74241,2352,5.0,949950914
120236,2672,4.0,1139418708
2194,88140,3.0,1320590201
196859,72998,3.5,1408739106
180107,912,4.0,1330571792
114971,457,3.0,955248898
34383,3726,3.0,1001374856
195589,1207,4.0,1113255153
194454,1545,4.5,1345738950
144143,172,4.0,850338735
87675,31225,2.5,1294176451
92296,858,4.5,1642047634
160511,6934,2.5,1505595362
68486,55250,4.5,1602400098
91195,141688,3.0,1463305929
33745,3238,1.0,986188117
127271,97921,3.5,1530761791
37649,260,4.0,1550440927
97006,90405,4.5,1487778455
11765,152772,3.5,1492958033
25826,8633,4.5,1247626289
152381,2882,1.0,944213238
102200,904,3.0,984821729
228,201773,3.0,1588786293
197052,490,3.0,1217165764
3274,2916,3.0,974713713
35033,2496,3.0,976981597
163684,90717,2.0,1464824668
116527,3481,4.0,1696048267
193028,39444,3.5,1474607150
27504,216,2.5,1593725939
92502,1131,4.0,1228012651
27701,134853,5.0,1443845863
45539,2108,4.0,975935058
150310,3198,4.5,1180017621
103192,30793,4.0,1139780897
145376,1198,4.0,1039348695
125889,1206,4.5,1653515854
134844,906,5.0,1047392889
123771,4973,4.5,1056384863
162217,3697,3.0,1203593994
77581,122926,5.0,1663105758
98865,7792,4.0,1238005759
58402,3030,5.0,1438917920
145829,4306,3.0,1604955883
86027,2746,3.0,955740815
6669,217465,5.0,1660513243
134867,91535,3.0,1650787807
191943,2105,3.0,905014860
17591,2355,3.5,1181584111
90593,3861,3.5,1240244255
171182,1270,4.0,974142325
115202,67197,3.5,1586199406
190462,1354,5.0,991706282
134651,64,3.0,860089989
102299,19,3.0,849134744
68761,6426,4.0,1580628331
163710,1407,4.0,869637486
130289,111759,3.5,1658953253
111331,87485,2.5,1318587559
22059,55442,4.0,1302730025
16929,552,3.0,832528374
186616,85414,3.5,1586106134
57514,1704,5.0,1169586863
188115,1148,5.0,938893842
148116,1923,4.5,1220378318
182972,31148,3.0,1421531219
34632,150,0.5,1308616880
165607,27711,3.0,1460617939
75607,7164,1.0,1617686588
94077,49280,3.0,1179074363
143501,158418,3.5,1525654765
37795,1961,3.5,1133160258
144574,434,4.0,836724501
26496,1061,2.0,974969301
170437,1610,3.0,992117133
106064,780,2.0,1477165711
162521,87232,4.0,1315915247
2728,27706,4.0,1595730913
134969,55999,2.0,1521330429
127521,1812,3.5,1695087788
57930,6936,4.0,1522659393
36017,742,2.0,1017926038
43281,105197,4.0,1675032709
108247,413,4.0,976071002
128572,5502,3.5,1086980775
148394,2329,3.5,1437879019
87211,904,3.0,1372273760
139871,99114,4.0,1547925802
60043,4700,3.0,1020604601
92334,45186,3.0,1454448106
99908,270698,5.0,1668367838
123464,65682,4.0,1470106644
33721,2315,2.0,1051331065
4759,55247,5.0,1501280325
186087,339,4.0,840143242
50935,788,5.0,842294600
65431,1198,4.5,1231207733
182069,2428,4.0,1540274932
24069,2378,2.5,1351727472
54621,6874,4.0,1472237015
146343,2628,2.0,1450141330
53205,203218,2.5,1593714439
170226,788,2.0,958180579
20921,31410,4.0,1598189787
114192,4979,2.0,1130833337
153884,27721,5.0,1167922792
47505,733,4.0,850331401
128603,2241,2.0,938805450
124948,239484,3.5,1667832675
156846,2692,2.0,1126703490
153883,3996,4.5,1485786104
125778,1485,2.0,1496258925
129431,2572,5.0,1610899711
121215,1263,5.0,993832813
157795,104944,5.0,1551522235
6979,316,3.0,836953033
170902,2716,3.5,1230227696
81413,186,3.0,865761752
54798,4754,4.0,1485641943
57912,3481,4.0,1007168372
144758,259647,2.5,1655874168
180344,112852,5.0,1488756700
176904,4002,4.0,1020899807
53328,3882,5.0,1445256064
178045,597,3.0,846854360
137264,112852,0.5,1496200248
57532,6897,4.0,1096666822
168391,1,4.0,853801363
103013,135133,4.0,1682285244
18533,4306,5.0,1439792556
14197,53318,3.5,1197498535
168256,3977,2.0,1637868913
55928,44191,3.0,1457274484
132046,278702,4.0,1673286964
141965,76093,4.0,1447374436
100549,33493,4.5,1118678981
111498,356,5.0,839949499
114435,45499,3.0,1506369780
38675,3461,2.0,1030580957
161968,7361,5.0,1108369056
143684,434,3.0,830094365
14951,4053,0.5,1067403848
152494,318,4.0,1289093776
168862,59315,5.0,1428427903
55653,72552,3.0,1260238848
186672,55820,4.0,1461620194
39629,2011,5.0,996593537
170669,293,4.5,1208243092
168847,2571,4.5,1586053040
10173,185,4.0,830108909
173505,80549,3.0,1306511022
119476,4748,3.0,1230621608
59786,39183,3.0,1230229335
126175,165,1.0,1199092080
188542,39292,4.0,1648474559
96430,252,3.5,1130843987
56205,3948,4.0,1673774626
186215,1042,2.0,944228853
65054,231,1.0,923164745
179123,2081,5.0,1076996403
194992,1200,4.0,1244407296
179685,102123,4.5,1372197195
178524,82452,3.5,1361621970
52625,16,4.0,840537689
145250,296,4.5,1591764649
72521,7280,0.5,1192582137
25021,589,4.5,1200955767
169816,1136,5.0,1117135917
172776,9,3.0,860229395
151727,5739,0.5,1059195032
57236,2628,1.0,1108289904
192732,1320,4.0,1135883822
83359,1556,3.5,1111509135
166586,122904,3.5,1657591157
65503,2802,4.0,959620941
147411,225,3.0,857736478
45004,196,3.0,832582548
17841,540,3.0,840006060
133685,296,4.0,1447101248
152045,3708,3.0,1652472683
9107,1198,3.0,941523820
73860,33794,3.5,1119285894
171228,1721,4.5,1148798924
18240,156025,2.0,1459360404
158941,6006,4.5,1498442001
182415,778,3.0,1051571436
45277,4014,4.0,1229338479
95483,282649,3.0,1689028207
164852,4993,3.5,1525519232
161442,282,5.0,847493299
70893,1,4.5,1480171328
131675,174815,1.0,1621383202
182368,50,4.5,1575744044
200137,368,2.0,1454176212
170736,125,4.5,1161291165
36418,90249,3.0,1509190963
17440,8767,4.0,1486735280
14525,1291,5.0,1290636859
49330,45517,0.5,1253973438
121522,2028,3.5,1283744563
54587,5502,3.0,1157837602
12656,53322,3.0,1596635382
85119,1285,3.0,950949916
143916,173,2.5,1105585521
20823,1207,4.0,1185083133
92139,1183,4.0,855242743
166939,296,4.5,1187598928
25914,1250,4.0,944607992
183049,101415,5.0,1495083085
33081,41566,2.5,1546035927
70767,7361,4.0,1435839316
142316,2327,2.0,939047553
177125,3755,3.0,1494772258
165773,1288,4.5,1107999065
36277,7165,4.5,1092020972
149949,220380,3.5,1633933531
187256,5010,4.0,1111474345
106322,918,1.5,1145387838
65744,265460,4.0,1670439320
21613,2329,3.5,1231152519
112141,4616,4.0,1175351492
86841,72998,4.5,1522708297
178470,103137,3.0,1385915645
11641,3793,2.5,1617979576
105886,50872,3.5,1315329221
114274,55363,3.0,1295820767
112516,3147,3.5,1141797483
141731,4306,3.5,1497642501
31276,31685,4.0,1524278770
150485,47099,4.0,1450691658
41728,2490,3.5,1125240106
54804,592,3.5,1462698831
137810,1234,3.0,1112220188
133503,1772,3.0,942626520
31542,1223,3.0,899970875
184814,2607,5.0,1089730469
129506,3176,4.0,1439801156
122622,1449,3.0,953146690
116789,1649,4.0,947095004
94737,4518,3.5,1230931983
49824,261,4.0,845459150
26180,186,3.0,838217044
26777,71530,4.0,1451670143
9171,1210,3.5,1456457304
83063,272,4.0,845456628
41019,229,3.0,834165404
176543,1225,4.0,944237649
10515,3176,4.0,1399430720
99080,1285,3.0,1212884777
126688,1644,4.0,917623994
24975,2571,4.5,1458957512
19210,8542,2.5,1616193598
4868,2571,5.0,1455125081
186941,527,4.0,838904026
1713,933,4.5,1596589811
26564,306,1.0,975451140
195687,3301,4.0,1069179157
28240,112421,4.5,1489496967
149873,647,3.0,945039522
57065,2355,1.0,1500147535
192712,4757,2.5,1083430288
155187,2779,2.0,1152316319
7458,1253,3.0,1035247882
5029,4011,3.5,1500232411
200694,4308,5.0,1132896948
97193,1641,3.0,1033726365
85773,8961,4.0,1593210200
74287,2083,4.0,1069386029
132353,33493,3.5,1313620340
20280,4308,3.0,1584417188
188330,103141,3.0,1590708928
42756,133798,2.5,1438135912
165077,1682,3.0,945456035
110158,6879,3.0,1498521966
110082,98961,4.5,1569084443
57534,5954,4.5,1339071031
100743,103335,3.0,1629325993
156569,81834,2.0,1427481611
98795,4995,3.5,1228288056
147370,67799,3.0,1587411400
142732,5247,3.0,1044334615
104760,168252,4.0,1490731104
29569,552,4.0,835792049
16768,308,4.0,832314886
54287,1635,5.0,958144180
143779,2628,2.5,1570925726
168167,4321,3.5,1090380073
59276,1784,4.0,1467517283
102027,8873,4.0,1097713224
79329,4973,5.0,1032133991
47465,2469,4.0,945053198
33869,432,5.0,964985496
15708,108932,4.5,1463288666
164377,6365,3.5,1289887465
37935,858,5.0,1225607166
132004,143385,4.0,1519074793
45692,30825,3.5,1460893570
106580,49530,4.0,1520802972
74658,79293,3.0,1514103395
12399,2455,2.5,1076791645
111303,205156,4.0,1657217639
158634,46974,4.5,1157075826
49243,2858,4.0,1449307606
91328,245004,3.0,1644189695
27721,68954,4.5,1387920801
150233,3355,3.5,1109750234
164135,4128,4.5,1590359723
23998,1717,4.0,1249764718
168291,32031,4.0,1225272844
120288,2716,4.5,1461217493
96352,41997,4.5,1616521966
80819,196,4.0,1275134583
108153,71057,1.5,1456928092
116244,4678,4.0,1037055036
14337,1,3.0,861283658
68087,49961,5.0,1300148840
64701,3438,1.5,1131939225
151368,6942,4.0,1550956551
174601,6932,3.0,1198297955
19682,1262,4.0,1326395196
42756,148172,2.5,1465781256
138674,4424,1.0,863364473
85650,1591,3.0,965558276
94808,3728,5.0,960397419
32927,85414,4.0,1672066914
136522,59333,4.0,1430223639
149584,1090,4.5,1344664310
197017,1721,1.5,1225262416
140365,2528,4.0,965874821
37207,112183,4.5,1599437550
200536,364,4.0,833981911
66035,42009,0.5,1153277118
198632,1991,3.0,977134883
93234,77561,3.5,1504571350
114637,2167,3.0,1207409040
161341,589,5.0,1362345876
72261,8464,2.5,1465564352
153685,113604,0.5,1500146407
42006,1276,3.5,1245598659
113276,3301,3.0,974766342
61921,58559,4.0,1561422095
110594,4255,0.5,1172532278
152460,2078,4.0,1579098694
61281,357,3.0,974497021
98045,5378,3.5,1083263598
129605,115569,4.0,1441201865
46048,7,3.0,957902935
36841,2001,1.5,1476840884
157602,5943,4.0,1489801965
119737,54503,4.0,1417609500
23852,26680,4.0,1508882294
181436,594,3.5,1465082028
188505,4678,2.0,1036606302
41340,344,5.0,845314280
45935,608,5.0,939032985
171164,1333,3.0,1584119903
61803,50,4.5,1476418267
167399,5309,1.0,1024418335
111014,48780,4.0,1203669159
148547,89774,4.5,1379609572
143605,3814,4.0,1176841704
145963,68358,5.0,1623104627
36636,111759,4.0,1492860707
48063,79091,4.0,1294211266
60338,273,3.0,828793959
58145,51255,3.0,1483189972
26087,1208,4.5,1466555083
102232,96941,0.5,1602806627
41758,1673,4.5,1511755748
157917,2291,2.0,1373150992
187901,1265,4.0,1180559745
21914,1355,4.0,1042315268
174255,349,4.0,839955415
9619,8907,0.5,1525965441
33398,204542,3.0,1619407842
65814,327,3.5,1151114618
31429,6377,3.0,1180020616
143719,2791,4.5,1472553061
189976,113394,2.5,1462188545
119087,1597,3.0,1091385750
23574,308,4.0,1146688658
109330,1262,3.5,1340381077
156155,80463,3.5,1617817266
124907,6863,4.5,1207790012
68890,110,3.0,1078088975
35357,266,4.0,848704390
155645,2712,3.5,1232587775
90467,92507,4.0,1562279402
9204,112,3.5,1472861557
159912,30793,1.5,1270925164
199936,88140,3.5,1496275814
6328,3285,5.0,1516198297
43904,45499,4.0,1453578809
16223,2918,4.0,981781287
161783,5943,3.5,1091730869
133940,60684,3.0,1465926151
30302,112552,4.0,1600619487
176983,471,4.5,1370227906
151852,2600,3.5,1075373894
10256,5417,2.5,1112340261
102302,39,5.0,851933674
106417,474,4.0,853248860
120646,5103,3.0,1112027538
101685,76093,5.0,1439775221
68366,5026,4.0,1102095163
87439,1438,4.0,1054527116
186976,226202,4.5,1641676125
13303,924,4.0,976222466
74587,188833,3.5,1643190504
11359,3732,3.0,1113346737
2962,45186,3.5,1571592433
109410,3565,2.5,1064791158
87502,104925,5.0,1530037725
195882,183843,3.5,1615868557
140297,969,5.0,1498889516
43806,209,4.0,832976623
120004,2700,3.0,945845770
14372,1129,3.0,853330293
172754,139417,3.0,1595318107
144678,1207,5.0,987857987
103362,3578,4.0,1154198879
73783,122912,3.5,1555197425
172989,520,3.5,1253319110
35745,1256,0.5,1535864682
105202,6502,3.0,1092111700
155924,6539,5.0,1068481216
28904,2379,4.0,1368387071
39274,1267,5.0,952137221
7364,45672,2.0,1457565266
53648,737,2.0,955034689
50764,32,4.0,840042236
115103,5989,4.5,1391394873
143294,3107,3.0,965763533
75952,2890,4.0,945849097
111935,2570,4.0,955460954
71540,2471,3.0,1344618480
180840,54881,4.5,1559616950
17744,47239,3.0,1681039116
130444,2762,5.0,1444528256
136969,4226,5.0,1180039075
62950,105844,4.5,1609558881
145146,3088,4.0,944917816
19213,1197,3.0,1570877155
163927,150,3.5,1335452477
142966,527,5.0,848496097
152426,296,4.0,1492214134
38144,3448,3.5,1073663708
32666,143355,5.0,1501817323
82599,377,3.0,1594674462
75163,33493,2.0,1623234015
192884,1608,3.0,972506953
44821,6264,3.0,1105825453
23026,2366,5.0,971263681
158864,4748,2.5,1288995441
124867,839,4.0,867043173
22223,1923,2.5,1173737110
135747,296,5.0,1009826728
148227,166643,4.0,1612464949
110098,1214,4.0,1408205086
179994,5299,4.5,1439855795
98294,3481,4.5,1064031075
195454,19,1.0,845720247
110756,457,2.0,868971701
123668,1513,3.5,1081318856
191876,4975,4.0,1125942855
117867,2371,3.0,933327232
153081,3175,4.0,1042211172
66103,1240,2.0,945888856
194605,1256,3.5,1091630415
75602,5502,4.0,1569600907
37717,7569,4.0,1097948679
15805,1367,5.0,849963847
184362,79132,4.5,1549970529
48481,3578,4.0,996189622
108323,736,2.5,1197410890
112457,780,1.0,845133560
89347,58559,3.5,1473937233
143122,1206,3.0,860319761
47511,1270,3.5,1107384410
112432,2365,1.0,1134996723
22228,596,5.0,849167320
140016,3614,3.0,957916646
163211,101362,4.0,1570475804
115723,256,3.0,835360862
139366,2688,4.0,950463301
43913,78209,3.0,1474021434
16897,177593,4.5,1632934207
156095,6062,4.5,1168327139
176235,329,3.0,842135434
73527,1196,4.0,1450544453
22990,2080,3.5,1151624228
138311,208,4.0,901727423
176246,3301,2.0,1003173728
37291,86911,1.0,1432637294
178058,4226,3.5,1614052082
115717,91658,4.0,1447255608
50860,201646,4.5,1660254829
143100,364,4.0,846540549
169856,115569,3.0,1440673190
136294,95,1.0,849458895
119139,5419,4.0,1037066177
35563,3037,3.0,1013478065
161003,2657,3.5,1141678386
19098,139644,3.0,1469422242
86506,121231,3.5,1532553898
33885,1387,3.0,1483776973
1825,350,4.0,847284291
31988,3306,4.0,1007692508
45250,218,1.0,955392263
48103,4803,3.5,1617481250
114258,36517,4.0,1332547127
51039,51084,3.5,1473050520
178258,1101,3.0,851189147
22787,537,5.0,837388707
37794,1968,5.0,1006288130
193190,6936,4.0,1217877969
133113,58103,3.5,1604353474
74000,132549,3.5,1442398006
125787,1222,3.0,957871709
169238,73,3.0,938894618
37477,2022,4.0,939778682
44098,1260,5.0,974708207
61115,6787,3.5,1329630449
10810,3704,3.0,1564786319
155815,1211,2.5,1167874033
177684,39,5.0,854148201
145301,72226,4.0,1449562470
164449,4979,3.0,1119776536
92476,2406,3.0,951953466
121476,1194,3.0,974958655
171645,5952,3.5,1304210561
150142,1218,4.5,1596359660
95567,170287,2.5,1568520426
181357,3949,4.0,1485667803
14900,2571,2.0,1456862915
191510,4467,3.5,1075941599
94329,150868,3.0,1453059471
45673,3578,4.0,1426454392
198706,5816,5.0,1039065854
199425,58559,4.0,1532394398
29499,27368,4.0,1641247685
58177,371,3.0,834199393
196685,3105,4.0,1505076004
5189,508,4.0,838126609
116716,3081,3.0,1124393124
104370,6,3.0,868293237
159062,542,3.0,852501943
40055,1721,3.0,1496461187
133685,2115,5.0,1447102425
31201,3301,1.0,957508679
102409,7099,4.0,1518457992
68293,35957,3.0,1126070404
31627,1317,4.0,937885346
141128,61240,0.5,1303155939
188987,8684,5.0,1211730790
20212,296,4.0,1127405438
36938,1907,4.0,1203290503
104254,8638,4.5,1182415669
54600,4012,1.0,1014610761
87447,52722,3.0,1452571456
25092,540,1.0,974739228
41305,5574,2.0,1599490818
60326,213319,1.0,1584402759
110628,148078,3.0,1448912509
194454,1732,0.5,1345737854
8166,435,3.0,1097977733
164683,4011,3.0,1668632981
162709,122922,4.5,1527026742
147301,45501,3.0,1657820096
124363,4308,4.0,1101099645
6892,83134,4.0,1628964754
89161,80693,3.5,1368037119
21919,58559,4.5,1241643657
36630,2871,4.0,939840325
101793,2174,2.0,1071497531
188283,135143,3.5,1590443336
44349,53322,4.5,1593488761
135229,553,3.0,837768404
70141,122904,3.0,1462202999
27188,661,4.0,1060236033
191043,892,3.0,981592404
160659,6534,3.0,1546536833
67099,115713,4.0,1621963161
193877,250968,3.0,1696511382
130192,5810,5.0,1506506726
34543,307,3.0,855679843
25502,4329,4.0,1030731443
6796,293,4.0,1416650174
41180,594,5.0,941561250
123928,6331,3.5,1208198425
162705,88125,4.0,1647403088
39025,3198,4.5,1168034239
97362,799,2.0,860669404
170749,7373,2.0,1620277251
43205,32596,1.0,1445284148
132721,141918,3.0,1501468042
155071,2291,3.0,1088562638
147405,3275,4.5,1592287715
119725,1089,4.0,1458938158
75946,4027,3.0,984612910
166021,76093,4.0,1487425034
196403,1580,4.0,993242131
76645,1260,5.0,946006795
28698,3101,3.0,945098851
81256,1210,5.0,947117094
63742,6857,2.5,1225376842
49457,3798,4.0,985311638
56868,2959,5.0,1486781479
126453,95441,4.0,1441084155
59185,1688,5.0,879441469
59340,2625,1.0,940453935
183824,274971,3.5,1657788231
184658,7454,2.5,1326604174
60581,4056,3.5,1171639910
195986,2771,2.5,1136159319
184076,60069,4.0,1440838940
2819,2296,1.0,914261921
35759,1230,5.0,1062272904
80669,207313,4.0,1590265556
70881,1196,4.0,1555518484
111636,1136,4.5,1480260248
106647,897,5.0,842897687
200839,181315,5.0,1525566429
112185,87306,4.0,1456730993
171578,2420,3.5,1189383624
3572,59,3.0,962885239
121618,1136,3.0,1143264953
118047,35836,4.5,1335657846
103804,5449,3.0,1307312391
154240,673,3.0,942255926
47136,4039,3.0,1112757778
162804,102720,2.5,1547783228
71397,69844,4.0,1260357442
176158,4246,3.0,1097076015
162058,2560,5.0,974842655
101454,4299,1.0,1494658852
45777,168,3.0,998879204
4611,338,3.0,830860115
118585,4015,2.5,1217759870
34874,57526,3.0,1215071050
108031,289,4.0,993811340
118678,2890,3.0,1223982512
105380,5679,3.5,1418826395
188131,78499,4.0,1377000083
107304,1513,2.5,1205988971
118163,7143,4.0,1528682396
190257,59709,3.5,1431763231
153036,69406,2.0,1257082947
92179,3752,4.0,1429929198
109457,148626,5.0,1629625701
61896,2952,1.5,1257448825
119666,122882,3.5,1465757469
28336,71670,3.0,1344924160
84744,60,4.0,847832202
56692,59615,3.0,1434700365
69932,589,4.0,1002197774
151117,765,3.5,1214157158
188888,2329,4.5,1309305374
185686,90345,4.0,1543075885
179914,133867,2.5,1538167901
42756,140115,3.0,1438456360
105549,256,1.0,954995597
44230,23,3.0,1444046408
112551,145,3.0,1222630514
148672,2005,5.0,1234966548
108406,108932,5.0,1411410663
156097,750,4.0,1045379017
165803,2959,4.5,1246071285
8588,6063,4.5,1466954078
23027,151,3.0,940683307
120274,8183,3.5,1548191610
124084,4299,2.0,1024090099
22904,2463,4.0,1054920139
155987,85414,4.0,1412067282
106392,2712,1.0,1074114580
156786,446,4.0,843063018
103887,171253,3.5,1514831293
47695,1921,4.0,903734065
146178,223,5.0,978552824
137109,4161,4.0,1074989734
193185,4878,3.5,1600118293
127283,2502,4.0,1289572313
50577,202103,4.5,1577850681
25207,586,2.5,1533411007
34362,586,5.0,839973076
76030,48780,3.5,1323558423
169132,2709,3.0,1121212496
127867,52321,3.5,1226868621
135596,356,3.5,1485997212
102939,2023,4.0,1296252921
81258,3153,3.0,953768248
121280,45447,4.5,1627161270
76796,73017,4.0,1496983639
161232,110,4.0,1122144664
198925,912,2.5,1136684036
106760,6281,3.5,1173025477
96278,3639,3.0,1652223673
30250,72605,3.0,1317311036
43864,4641,5.0,1016942008
47751,79553,4.0,1442097559
112848,1682,4.0,1474135654
14876,7143,4.0,1227761921
195516,356,5.0,967389691
67263,3948,3.5,1112275535
87049,142422,3.0,1532632751
45960,44191,4.0,1145633658
156794,56671,5.0,1280518999
162682,3256,4.0,955120875
161569,116797,5.0,1552862669
183462,7101,3.0,1074120011
53437,5989,4.0,1204086837
178355,500,2.0,1090361044
170122,83134,3.0,1574577288
116225,1408,4.0,974751041
86205,1266,4.0,944958984
122198,515,4.0,1298836087
57570,2423,4.0,967364189
129359,1020,4.0,850140862
158851,3700,5.0,1113271253
94186,52,3.0,967910078
26196,555,3.0,875011047
34138,163985,4.0,1525740068
96308,70286,4.0,1278041992
148063,35836,5.0,1492149737
33467,34405,4.0,1570864591
62503,4887,4.0,1342687170
139695,1588,2.0,978393990
41105,8638,3.5,1231411797
90628,497,5.0,1378506512
64366,190939,3.0,1604015541
93816,95088,3.5,1362174919
128221,5956,3.5,1068491940
57816,74458,3.5,1451570770
54417,287699,3.0,1693597541
120538,2188,3.0,1020350213
36226,1193,5.0,1672604761
115310,6936,1.0,1584824296
95484,1573,4.0,1688579629
148709,4823,3.0,1046233345
174817,344,3.0,1245595051
39604,1608,4.5,1167400672
81357,19,2.0,1057007731
123526,1968,4.0,901657962
156731,592,4.0,835020509
169432,1275,3.0,1074622059
77859,1298,5.0,1321752082
86779,46976,3.5,1225298994
160531,77307,4.0,1687304716
178636,480,3.0,1621990134
85273,4270,5.0,991964900
51906,2418,4.0,938776339
60284,79293,4.0,1295053587
180516,71535,3.5,1586279102
27748,27821,4.0,1163908404
68878,236,4.5,1103075552
57010,1270,2.0,965490027
145230,541,4.0,949717033
161465,296,3.0,842137143
43353,1172,5.0,891676683
79019,524,3.0,945237886
94921,110,3.5,1482002554
84373,480,2.0,979170157
197930,532,3.5,1190265665
65032,111,3.0,1269669955
131116,1197,4.5,1216337952
123489,1221,4.5,1434383936
26267,111443,5.0,1458254788
195455,122926,5.0,1500820783
173785,3793,3.0,1142810529
146977,139385,3.0,1641370948
137236,2268,4.0,928993807
59029,2640,2.0,950210327
2699,106782,4.0,1594528688
158801,98809,5.0,1440802952
79099,1228,3.0,946146345
125941,1370,4.5,1134056189
52943,26554,3.0,1201995995
185915,5989,4.0,1465227217
84802,80693,3.0,1582035490
95481,167162,0.5,1498906030
163298,1754,1.0,1207191936
25227,2587,4.0,982386682
118677,4874,4.0,1226731735
33317,6725,3.5,1064776493
153910,48385,4.0,1672588900
111644,541,5.0,1654547249
23963,208703,4.0,1594969671
36281,140174,4.0,1608389629
126713,2352,4.0,1354676494
2800,4701,3.0,1063202736
17578,8937,3.5,1181045673
85023,4902,3.5,1285104970
16914,55282,3.5,1629008576
164033,780,1.0,1499612585
52064,4976,5.0,1042839833
39599,442,4.0,1089844878
62193,6373,3.5,1521485159
95990,166528,4.0,1598619007
131835,1200,5.0,1446790862
29843,1777,3.5,1649168871
4695,109487,3.0,1518299111
82612,2987,3.0,969650233
91870,6333,5.0,1201301199
136758,204698,4.5,1604354417
51619,120799,3.0,1579853846
159685,188773,4.0,1682982214
125698,1625,3.5,1068052605
37543,39,5.0,840407669
103576,719,3.5,1107225985
16032,96610,3.0,1447156085
76295,5060,5.0,1147112622
50099,6,5.0,990478766
199782,3142,1.0,990757574
110961,84152,4.5,1511228669
114287,3016,3.0,1007664785
60203,60,4.0,864903206
157030,1276,5.0,979685463
66537,193065,3.0,1550391854
83425,108945,2.0,1419201676
94685,3793,2.5,1118844717
95481,96969,2.5,1594041676
106528,92058,0.5,1440722457
9973,3176,3.5,1111757215
11026,45499,2.5,1416467144
106109,2193,2.5,1144613834
27646,3892,3.0,1474837296
43853,1721,1.5,1110400053
186045,1683,4.0,978682197
200163,39183,2.0,1241997234
155834,3751,1.0,1553878401
186328,3161,1.0,979055288
16459,73321,2.0,1344222255
108247,1124,4.0,976122572
104302,1079,4.0,1169095516
109301,3793,2.5,1621652654
2338,3751,3.5,1108485571
84169,6942,1.0,1440967298
142378,5945,4.5,1107339991
182132,2028,3.5,1663632433
195224,3624,5.0,961458863
15232,62081,4.0,1246233934
106479,1580,3.5,1054244671
25974,1,4.0,1199472367
179505,89745,3.5,1425559748
110477,112552,3.0,1561931229
138798,6002,3.0,1296507366
23084,194016,3.5,1550185466
192640,8949,3.5,1642406768
122563,108188,2.0,1390021038
124130,3728,4.5,1056770603
21688,529,3.0,952827549
117383,1584,4.0,1117029403
172251,44199,5.0,1570672071
187,3511,2.5,1074617069
39266,163,2.0,1161291473
8972,6378,4.0,1159293977
148824,3275,5.0,1214704196
34393,33164,3.5,1487569155
127637,6660,4.5,1668296153
114766,168252,3.5,1612099384
3346,2094,4.0,986875273
30250,7325,3.0,1131446669
65676,1371,3.5,1144313971
66043,4369,3.5,1513100202
97097,246,2.0,834079027
25792,2376,5.0,1238426154
137187,6373,3.5,1172912902
51070,5349,4.0,1320432481
152684,64614,4.0,1588643994
98396,923,4.5,1473706861
13941,135133,3.0,1546188673
162894,1717,3.5,1154468883
12572,653,4.0,967969879
180435,1,4.0,1268545787
32825,86880,3.0,1591996008
120804,4878,4.0,1429413858
71306,3052,4.5,1115514373
160171,281,3.0,829410376
14341,2036,3.0,1049123907
151993,2693,4.0,1136461699
24069,1620,4.0,1351877159
148915,1222,5.0,1462003178
14017,106782,2.0,1595274754
99084,87485,2.0,1683547074
141955,2075,4.0,1057776704
125214,1411,0.5,1282754671
81841,6440,5.0,1472343683
100670,187,2.0,915725501
64494,1210,3.0,919136953
1803,1590,2.0,916673262
76646,213397,5.0,1684611637
39597,541,5.0,1446214785
136349,778,3.5,1597015837
99348,8132,3.0,1142906853
8140,173,4.0,849033610
127614,2384,5.0,965513500
150866,4995,3.5,1609694670
169632,593,4.0,1446976073
30638,365,3.0,1115927032
85906,55290,3.5,1261972860
103678,357,3.0,836766110
84004,300,5.0,833003102
109978,3081,1.0,968952662
133963,170,4.5,1120154610
163743,48780,5.0,1540934627
75137,4084,2.5,1139043739
86152,97913,3.0,1573261596
153014,50,4.0,1079879144
71251,60069,5.0,1577392395
143022,66156,3.5,1264950591
95779,6709,3.0,1078516744
147652,63082,5.0,1592577936
132167,145,3.0,1147329916
131593,230,3.0,834609971
170302,5989,4.5,1504367288
15791,25,4.0,850804773
119397,112852,3.5,1494197276
44015,80463,4.5,1606545106
104964,5693,2.0,1111496972
136926,357,3.5,1320688973
198015,68954,4.0,1293035635
149884,22,5.0,830326999
193717,2858,4.5,1076974249
96947,2571,4.0,1523528741
47876,2762,3.5,1368861100
39008,3175,2.0,1205128560
60356,63540,5.0,1307275086
158061,58559,2.0,1442755041
183941,1961,4.5,1243712305
116907,171759,2.0,1524244993
122850,1212,4.0,974149479
93105,8981,3.5,1537144860
106730,173,2.0,830362977
168426,47,4.5,1281715966
87767,2918,4.5,1382250723
18379,26662,4.0,1497155147
103308,6287,3.5,1565904700
188303,3774,3.0,1236102609
152915,97923,4.5,1438956866
25411,6764,3.5,1137534574
86525,168250,4.5,1677762860
111159,1036,3.0,1282443282
119758,2571,4.0,1198786247
120053,76093,5.0,1567106341
157831,4781,1.0,1329093458
187398,140,3.0,956388547
20645,2096,5.0,1459157408
115405,2010,5.0,974654820
71366,4270,4.5,1068524662
133145,118696,4.0,1477776688
96673,2011,3.0,1468025445
55307,1500,3.5,1126489849
177399,45442,4.0,1562952758
104795,3996,5.0,1288452861
26066,6662,4.0,1388857245
167994,3981,5.0,974642209
74914,88,3.0,860363774
44336,1080,0.5,1293926629
125317,71535,5.0,1486246779
199747,1012,1.0,943118256
64527,83067,2.5,1295260736
22341,1408,4.0,1454909292
190641,1721,2.0,1243445385
62977,205383,5.0,1605324198
73043,164179,4.0,1506618908
125565,2858,3.0,1141992410
197234,6874,5.0,1506188364
77790,6996,0.5,1171158513
181581,2953,2.5,1153134717
45834,8360,4.5,1103422163
140704,106062,4.0,1439776437
80090,4995,4.0,1248392135
119350,500,3.0,1486055727
73241,142488,4.0,1459535281
117864,3361,4.0,1360204967
21637,647,3.0,1431814663
158437,161131,3.5,1546233917
5081,2858,4.5,1112714661
150888,1704,3.5,1550524613
159505,585,2.0,844626935
159124,1036,5.0,939455007
67298,4105,4.5,1133708292
51897,103042,5.0,1612303417
22764,2723,1.5,1181690068
194714,420,3.5,1673228459
1220,1252,5.0,1509076182
132558,76251,5.0,1359502096
78145,4878,4.0,1560803860
16339,143385,4.5,1695963177
13643,1345,3.0,1172855473
25830,103372,2.5,1478487881
77114,77561,3.0,1489728876
26499,109374,5.0,1472249060
2771,736,3.0,1107880124
45902,3959,4.0,996074759
171163,1372,4.0,1574554815
158493,6356,4.0,1270147446
112870,1197,4.0,953002322
195448,25759,3.0,1606927909
92758,59615,4.0,1446574123
158238,69844,4.5,1568991808
168969,49272,3.5,1451034096
60187,31658,4.5,1513610452
187703,51927,5.0,1610757950
24673,588,3.0,1111556519
173305,34319,1.0,1541041847
30977,6027,3.0,1090386358
61104,72998,3.0,1455308013
23305,2959,4.5,1324282597
137012,73321,5.0,1492909479
97608,272,3.0,836486859
187387,344,4.5,1358293113
124609,2403,4.0,1543679896
177704,2959,3.0,997731674
144870,788,1.0,865034248
11063,5445,4.0,1117220096
182365,356,3.5,1237062255
70078,2691,3.0,982196040
92380,76173,3.5,1455638627
35198,4639,1.0,1438581924
198340,79132,4.5,1522690574
187070,87306,3.0,1351373002
45498,179819,4.0,1514794211
114981,923,5.0,1178670325
100198,4226,4.0,1305359080
178884,122916,4.0,1553993700
121158,780,0.5,1274713506
118252,1727,0.5,1115004384
178001,2918,2.5,1118283743
44313,56367,3.5,1282557667
199835,350,2.5,1626251060
105657,2947,3.0,1111490504
117031,5445,3.5,1397229112
90801,1687,2.5,1138239474
77590,34271,4.0,1143871621
91254,3652,3.5,1080573039
158693,1213,4.0,1118031626
146876,1378,3.0,1080662335
84425,2541,3.5,1539694859
36864,586,1.0,1181047776
151381,30793,3.0,1471709955
148468,551,4.5,1437437178
37717,85056,3.0,1313330493
165098,33679,2.0,1383701196
52098,39435,2.0,1357228851
60945,608,5.0,1459493949
54718,2288,3.5,1486822562
94737,2808,2.5,1230930262
36938,190555,2.5,1646000477
125507,111375,3.5,1486061396
54360,1610,1.0,1274804974
165659,81,4.0,849735055
135417,2115,4.0,1289249167
99426,100390,1.0,1439772099
137025,508,5.0,852575573
159449,912,4.5,1439275455
28936,76077,3.0,1285361430
125649,8368,3.5,1657495561
130012,8949,4.0,1233428702
51289,94777,3.0,1377047374
174071,54503,3.0,1490770278
76922,442,5.0,837874879
124069,6373,2.5,1610753872
129338,4886,3.0,1516225321
170048,104841,4.5,1568741057
148674,8865,3.5,1109298850
84349,1625,3.0,1517022919
176190,1611,4.0,1458900048
48655,93510,5.0,1501659496
68459,3081,4.0,1604601814
125004,134853,4.5,1601234874
44658,1371,2.0,1039492825
91621,2761,0.5,1483921014
94287,68522,4.0,1500222452
28239,344,3.5,1077046246
66213,2020,3.0,1424606124
145494,300,3.0,848422027
118832,81782,4.5,1565502414
35411,7937,2.5,1332115589
164112,875,2.0,1052899267
815,34271,1.5,1128615515
195115,480,3.5,1512509189
170578,1517,3.0,1080352349
14693,2075,3.0,956593560
86169,2581,4.0,1088198775
15679,90531,4.0,1557450432
127348,29,3.5,1150278724
12306,49274,4.5,1637302687
27724,159415,3.0,1569688207
50900,2488,5.0,947200938
44488,2805,1.5,1118471788
62141,2648,3.5,1117109992
138783,1013,5.0,945369295
40350,2797,5.0,944910329
165717,2302,2.5,1364704068
59757,1094,4.0,969784971
74082,56775,3.0,1499686451
139705,1210,4.5,1461362188
59435,1732,4.5,1618863579
157595,31698,1.5,1436281304
190099,281,4.5,1198909570
26576,201743,3.0,1627698790
80266,120877,4.0,1632270158
159527,3869,3.0,1147064739
12824,913,5.0,976138370
31436,305,3.0,956675416
52058,2054,3.0,996673802
126383,152081,3.5,1625113834
129594,88744,4.0,1532843307
99713,62,4.0,842102850
136379,1219,3.0,947287925
127907,1979,3.0,988648404
116400,103341,3.0,1573439878
54870,182847,1.5,1514075739
73214,3988,4.0,995039349
24647,3545,4.0,968110817
22566,1221,4.0,1039990966
166450,910,5.0,1042587113
124148,216,4.5,1113886221
7322,3114,3.5,1114172010
176198,55805,4.5,1200642853
32513,3977,1.5,1159783161
171943,6378,2.0,1118215801
47581,89321,3.0,1489859803
133675,45720,4.0,1664405018
12066,91630,5.0,1677278468
90428,176371,3.0,1569769656
131672,58559,4.5,1593958685
40820,4133,1.0,1213094556
39284,924,4.5,1423432692
137762,122892,0.5,1486507476
127998,500,2.5,1073920547
103013,184135,4.0,1682371488
138560,6565,1.5,1127605746
162330,1010,4.0,851273453
146078,2394,4.5,1360062907
137027,2797,2.0,1161989218
9931,2918,3.5,1584237487
187655,842,3.0,867326620
25523,2959,5.0,973632475
171169,5630,4.0,1565457095
158165,2028,5.0,1619178562
87212,3147,4.0,1393163868
177389,2877,3.0,996973897
22096,4246,1.5,1519044006
99774,2081,3.0,1487989127
62106,2723,1.5,1259956236
8789,318,4.0,1095425341
140741,4069,4.0,1548122298
42854,5485,4.0,1031253743
193962,780,4.5,1436617320
76305,3255,3.0,958306963
155912,70286,4.0,1438479746
101718,2772,4.0,1042671626
31935,71520,3.5,1472149637
120805,592,3.5,1123703986
178962,3504,4.0,1018826572
107608,79132,3.0,1521946543
3273,648,4.0,1100404263
160812,2762,4.0,1438476026
147857,432,1.0,1139696162
177693,6874,4.0,1194867072
3899,1784,4.0,1074134591
52125,70293,3.5,1599317081
153792,356,4.5,1506364794
47258,7153,5.0,1476132758
183730,4616,4.5,1147826424
169810,4876,2.0,1566928528
151955,2628,5.0,1444793839
179914,68319,3.5,1496013599
12802,169220,4.5,1542798588
105682,292,3.0,1028893493
109298,49272,4.0,1502642118
163298,2059,2.5,1180314708
70226,86911,2.5,1681525193
104279,44199,4.0,1150659392
133512,256,3.0,845548659
183812,3578,5.0,1467607470
37169,1580,4.0,1449292102
112389,49772,3.5,1403988921
89281,170,3.5,1448250834
86296,232,5.0,942424810
30571,34405,5.0,1477180432
83179,608,4.0,914002882
12669,2232,5.0,945305326
51576,466,3.0,836056595
39463,122882,4.0,1522096022
62771,5941,2.5,1522257500
165995,1527,4.0,947175718
124648,1198,3.0,1489654385
193065,593,4.0,838711283
78894,923,3.0,850140830
200323,16,4.5,1642031577
35617,8961,5.0,1436503259
104147,1687,2.5,1111529905
26292,164179,4.0,1633336802
113629,6586,2.0,1467644111
41170,104211,4.0,1559766869
96586,1214,3.5,1081222155
49738,6942,5.0,1240700755
32964,2710,3.5,1173266407
152873,4963,4.0,1233074177
11415,78,1.0,864845794
17778,356,4.0,1547253277
178902,969,3.0,948389267
198580,2423,2.0,1155068910
189089,34,0.5,1521928492
57770,124873,3.5,1664238044
99770,43460,4.0,1331953891
7993,4638,2.5,1071196899
193163,76,2.0,864140426
89811,4993,5.0,1489475921
7507,94677,1.5,1422001250
19734,116797,3.5,1558876188
176376,4031,4.0,1030851523
18116,93040,5.0,1476682070
91478,3825,3.0,1492652694
44311,48,3.0,992888720
143361,107314,0.5,1654547766
171229,362,1.5,1601927730
91531,1580,3.0,951106230
93868,3751,4.0,976313979
132431,195159,5.0,1556780276
92655,68157,4.5,1295494947
174413,3578,4.0,1315595854
32303,112556,0.5,1659815243
93699,924,3.0,1176427762
94505,6377,2.5,1464169425
180130,1260,4.0,1170641506
132106,104879,4.0,1531438066
86560,2431,2.5,1302228725
173894,177593,3.5,1623020907
118131,4993,4.5,1446998477
88645,41566,3.0,1548616812
88982,2571,4.0,1615049295
60401,68954,5.0,1592530845
173881,8644,3.5,1497973025
110304,63859,2.5,1494744588
182445,69757,3.0,1451107674
131225,788,3.0,965190396
16023,2671,2.0,1043953342
198721,87876,2.0,1554657658
54798,89761,3.5,1485557866
108640,4878,5.0,1277568442
151206,4226,1.0,1316839571
25913,120807,4.5,1615775490
100510,152081,4.0,1609667180
39693,206419,5.0,1599458318
139854,5418,3.5,1053488383
150427,432,3.0,1111831725
92234,71823,4.0,1439776811
87615,100,4.0,866179813
34185,35836,3.5,1520791402
130261,7044,2.5,1070468849
85584,8793,3.5,1496679585
6465,50442,3.0,1291178075
142672,2521,1.5,1296410585
125801,212833,4.0,1645408547
40951,27815,4.5,1630653092
150569,193243,3.5,1605357561
55978,106696,2.5,1675461778
45582,30707,4.0,1504778079
65389,1378,4.0,1341172229
90954,1135,4.0,1007015911
187798,73,1.0,1409530058
33306,106002,5.0,1515030599
42854,3706,4.0,1019678302
109683,76093,3.5,1431612613
103098,2078,4.0,940533290
174256,3851,4.0,1257296288
68927,948,3.0,976422702
60042,73413,3.0,1616206008
140179,16,5.0,1217971224
125555,7833,3.0,1122430145
199890,2424,4.5,1585681443
36217,1213,4.0,1453392044
192882,5991,4.0,1541870026
134783,3091,4.0,1203631126
26013,67193,3.5,1249902908
116122,608,5.0,953683523
125324,7982,4.0,1190417440
80166,5135,4.0,1020428415
6563,62394,2.5,1421785329
115030,94663,4.0,1522784703
159421,377,3.0,835264363
164350,72407,1.0,1512931578
79911,26299,4.0,1660673870
168623,1997,4.0,1475759073
56773,3507,4.0,1075615232
13013,99149,4.0,1500816115
83623,3753,4.0,1139041391
63234,2352,3.0,1027997570
108744,2710,4.0,1693731262
147809,356,4.5,1597541201
84946,115617,4.0,1619918011
52156,8337,2.5,1510809871
158270,3578,4.0,1134076502
66747,457,4.0,1665538167
90723,5218,2.5,1673642925
87074,5816,3.5,1196696380
199814,1265,4.0,1400772802
183143,3504,5.0,1444563404
145796,1100,4.0,945132839
123301,2605,3.0,966317973
112480,1663,3.0,1337236829
32088,2600,4.0,1583711488
187279,72998,4.0,1654393788
49484,3452,1.0,1268002764
59548,5679,4.5,1516227633
128879,5618,4.5,1404035551
68068,107406,5.0,1618916666
53398,68358,4.0,1684055707
83988,114795,3.0,1416687601
94216,82167,2.5,1462815722
100497,162600,4.0,1665189761
32987,182,4.0,965021616
169066,49824,4.5,1169240125
137617,1284,5.0,880111593
160100,208,3.0,833805612
1462,5816,3.5,1661273984
153926,778,4.5,1401363487
20013,5163,4.0,1626023947
25267,337,5.0,1015271521
8591,1597,2.0,938831864
19326,849,2.0,898118534
90938,2915,3.0,1562621681
89874,5349,4.0,1495401107
140719,1213,2.0,1603494163
94435,593,4.0,1472510937
8359,279000,3.5,1693963620
185309,55577,3.0,1508405749
177267,78349,3.0,1578091655
86185,1198,3.5,1112315127
151275,748,3.0,855328653
6508,2986,1.5,1124225692
74126,255335,2.5,1692817194
81690,494,3.0,850765863
116282,300,4.0,1020164722
194827,368,4.0,847745666
127170,3020,4.0,1226482227
59772,3527,3.0,1052482068
68388,48780,4.0,1502020143
89398,364,3.0,947808961
95297,87194,1.0,1422222342
20275,968,4.0,1230446817
1617,6713,0.5,1479004370
30639,34319,2.5,1456346239
38894,97701,3.0,1439912664
148412,68954,4.0,1247218100
121949,1019,4.0,1288946481
158941,5363,4.5,1500786524
100502,204,4.0,838659073
161726,590,3.0,833135930
144863,281,4.0,831540551
134969,60074,3.0,1521340799
87997,64280,3.5,1655734598
42649,58559,5.0,1417398349
61624,1479,4.5,1278515629
28515,8961,4.5,1570727559
19097,1265,1.5,1285701830
162854,4502,0.5,1062711424
98428,1208,5.0,1139602540
169154,135141,2.5,1599225795
81447,1617,5.0,1132696868
101032,52973,3.5,1218628309
177767,380,3.5,1159810660
190530,33794,5.0,1163100000
182935,55442,5.0,1581723087
57524,4023,5.0,978447021
38985,3253,2.0,962332666
176551,19,2.5,1146009180
100185,67869,3.5,1329071188
105116,34,3.0,995078899
83910,597,3.0,1296498334
29406,146656,3.5,1479283450
99361,6816,3.0,1585963620
4451,2804,4.5,1306120166
147128,6957,3.5,1193719287
96483,100138,4.0,1562626420
199753,1079,3.5,1180988821
103358,527,5.0,939987891
189119,7043,4.0,1534879769
98714,133798,3.0,1504540553
146046,8947,3.0,1132554543
60239,111659,2.5,1517394140
2915,1792,4.0,945821092
10615,1562,2.0,1471121660
70107,1829,4.0,1005016667
31723,2683,2.0,1549822923
192170,3578,4.0,1536691438
9420,72733,4.5,1687613767
199058,72226,3.0,1439759018
98991,1197,5.0,1165351552
195283,115617,3.5,1553752181
31959,5952,2.0,1191943718
16857,1278,4.5,1057503943
192222,86880,1.0,1464036799
85396,6874,3.5,1360183093
51459,106782,5.0,1459460951
84369,157318,4.5,1638050526
179292,1784,4.0,981136244
153183,1777,1.5,1521380591
81360,77800,4.0,1443149000
59412,490,3.0,867345735
182255,46062,3.0,1617756042
150538,7451,5.0,1499031763
20908,2918,4.0,1357774331
122012,6013,2.5,1361766737
196910,412,2.0,842686949
179521,176371,5.0,1664488504
144483,8,4.0,918377156
86719,3911,4.5,1569107513
160695,90405,3.5,1566587424
60720,2959,4.0,1694216512
74587,48385,2.5,1643190517
55114,5218,3.5,1372903420
192555,3000,5.0,1210765016
145799,5816,3.0,1321160977
176192,648,3.5,1173414791
45606,158813,3.5,1559080790
33191,165103,4.0,1618682425
17019,156369,5.0,1495583886
195220,31658,5.0,1668118571
50444,2906,4.5,1662554876
56017,3996,2.5,1232899843
110252,56367,4.0,1438182541
42586,1464,3.0,1049699726
2320,266,3.0,835708714
9098,1912,3.0,955852733
52326,168,3.0,832684842
164048,480,4.5,1440975225
118256,551,1.5,1587497912
32487,158958,3.0,1500122977
48931,316,2.5,1673528346
90917,374,3.0,912407542
179153,2803,3.5,1288243189
19892,150,3.5,1493576188
113553,5013,4.0,1305034796
79734,750,4.0,1080711689
99481,337,3.0,1169950683
108444,608,4.0,1112684762
106742,6863,3.0,1147182382
63616,6377,3.0,1148254953
96355,6188,4.0,1060400908
131145,2460,1.0,1186478817
152243,750,5.0,1267933398
65778,3034,5.0,1523593234
125434,2054,2.0,1015892986
152148,2505,3.0,1515973786
42363,1198,5.0,1544740158
26664,2054,2.5,1231768593
23784,47518,2.5,1176133526
150991,34528,2.5,1366654190
161487,6581,3.5,1227528319
75060,904,4.5,1644957524
113864,85788,3.5,1494080504
181336,128093,4.5,1552806041
105900,899,3.0,945030262
11485,1097,5.0,1036455847
12875,4971,3.0,1058811160
166231,2078,4.0,1276401457
22993,122920,5.0,1595703262
141034,4941,5.0,1439958788
95955,5797,2.5,1174696286
156214,168366,2.5,1555586279
122455,1210,5.0,1275702309
42836,455,3.0,997767878
111543,122912,5.0,1616954266
56941,49272,2.5,1603783013
69690,1198,4.0,976655105
128720,2791,5.0,974737817
37554,2706,3.0,1302262412
5764,465,3.0,994342962
185899,5267,3.5,1055740080
142041,1101,4.5,1174797697
128725,1198,4.5,1177010470
127280,2431,4.0,1338862443
2952,2485,4.0,1287837062
162170,57669,4.0,1262136974
36584,75389,1.0,1269581304
41538,47099,4.5,1232140324
137034,6517,3.0,1232050239
47980,81591,4.0,1638751261
56421,4974,3.0,1042710445
174665,3578,4.0,1172069637
42545,2312,4.0,1446742721
133963,2012,3.5,1120582597
181047,2291,4.0,1245806827
66065,6,4.0,855343020
80909,1726,1.0,1070993593
100422,10,3.0,1203328458
137741,1220,2.5,1160573579
27552,181497,5.0,1549715065
6154,5218,4.0,1458857367
10328,3095,4.5,1130541074
3973,4979,5.0,1674783904
123549,733,5.0,965950257
169250,356,5.0,1682498723
194626,50794,4.0,1437795066
61354,91630,4.5,1682367170
161100,31878,3.0,1413744714
86571,2391,4.0,939120745
146509,2427,3.0,1305397291
164097,47,4.5,1482921738
178139,2987,4.5,1325452889
9568,6157,0.5,1171408601
84080,85414,4.0,1366512749
162854,4559,1.5,1062711256
197336,2117,2.0,975249084
177516,1060,3.0,953506177
151753,1513,3.0,937185510
134894,3563,4.0,1034564872
180815,3967,5.0,1476095162
154566,4018,4.0,1044126822
48456,1240,4.0,868214481
102352,8132,4.0,1226175516
89477,4002,4.0,1008026503
191616,1222,3.5,1635602888
28392,98809,3.5,1356889417
37794,3258,2.0,1006292035
84689,673,3.5,1167979395
38848,2959,5.0,1424829234
100949,135133,4.0,1603048373
20664,277,4.0,858380238
83164,2858,4.5,1337673685
78706,2571,4.0,1517252693
168277,1639,5.0,1010085542
58562,6373,0.5,1641931091
49056,1580,4.0,1238117599
71751,1810,2.5,1232900634
66108,1953,3.0,1446578513
111515,162606,2.5,1501816838
24932,36401,2.0,1153746807
46729,5995,4.5,1461448774
183048,329,4.0,891332189
101490,1247,3.5,1080059598
92226,931,5.0,947356332
8264,3606,4.0,963871372
28144,53435,3.0,1605180549
96982,1213,4.5,1111555656
47446,597,4.0,996362004
87211,278702,3.5,1678359623
98150,87430,3.0,1324758677
147307,2028,3.0,1419674494
196115,150954,3.0,1514178603
78477,87270,3.0,1463455125
197108,187541,4.5,1545204437
32526,6539,3.0,1635863234
197735,132906,1.0,1575193972
198515,4226,4.0,1025846889
40341,47518,2.0,1239587097
29611,7626,2.5,1112408374
133035,231,4.0,856792019
181335,27922,4.0,1434668737
34327,4102,4.0,1122347048
160155,367,3.0,841871273
141299,1036,5.0,940959005
107987,1373,1.0,942176521
21853,3745,4.0,1093805247
77029,97188,5.0,1451673089
148475,141,2.0,987087526
23452,4973,5.0,1282000852
105257,6440,3.5,1077918190
84757,3578,3.0,1449320982
7855,6565,5.0,1059877180
126202,1223,4.0,1191102993
23002,266,3.0,836510145
131256,1222,5.0,1308343047
175684,84772,3.5,1649096590
51289,137319,3.5,1578560993
86995,3105,4.0,956867636
94839,102903,2.0,1551643312
62564,2683,3.0,942161963
23476,5944,2.0,1239804315
72358,55232,3.0,1301482490
179429,8958,3.0,1165053478
135448,157296,3.5,1661333890
2832,3181,4.0,993577079
162216,344,3.5,1120838342
152481,507,4.0,955236965
101542,2571,3.0,1449284099
32018,3791,4.0,965710593
12326,2396,4.0,1201846458
191229,750,4.0,1495037345
15288,3176,3.0,986071624
164887,353,4.0,1086186103
83430,111360,4.0,1486214232
30000,778,4.0,1080557201
42940,134368,2.0,1509615192
141297,494,4.0,854479453
122343,1909,3.0,1201949369
34268,2961,1.0,940251900
169257,4016,4.0,1470204088
44322,1124,5.0,946578962
133523,8965,4.0,1415750112
41754,44199,4.0,1273239994
100359,45720,4.0,1552104841
5111,3114,3.0,1496303918
133468,5298,3.0,1085503717
91793,1948,5.0,978227130
59267,1208,3.0,1089729255
157174,590,3.0,838604313
60101,4878,5.0,1117659063
52178,337,5.0,952659107
152827,481,1.0,1026932953
47703,2617,1.5,1435303660
92351,595,3.5,1582398288
76843,161580,4.0,1564282928
3889,5989,3.5,1606538812
179887,2599,4.0,953907869
67809,1339,4.0,994107955
174868,589,3.0,970507081
117446,91500,4.5,1520741497
112147,420,5.0,1135320263
183233,76077,2.0,1345958504
126091,1260,5.0,1517436650
142169,4121,3.0,1025748541
149303,48780,3.5,1639904151
141530,50,4.5,1434038526
147603,7636,2.0,1084908524
174106,193599,3.5,1657862480
62615,32,4.0,853858649
199143,150322,3.5,1615541768
120635,5644,4.0,1145513439
189300,3079,3.0,946669892
12869,1089,4.0,1471954892
135908,1270,5.0,1420424022
19825,640,3.0,862532138
140838,114795,2.5,1581764060
174514,240338,4.0,1613627985
9117,8810,3.5,1158794895
182385,2096,3.0,971189124
51226,454,3.0,847324668
158679,3948,3.5,1468941414
118649,1,5.0,1476459240
116563,1258,4.5,1595920927
158426,45722,3.0,1185559598
117587,1302,4.0,1421812696
16343,94959,2.0,1440973689
185701,5446,4.0,1456595424
12483,1084,4.0,1338034712
91097,8798,2.5,1408772062
68890,3081,3.5,1078088678
165611,39,4.0,835887160
11402,4915,2.0,1016771286
19348,48319,3.0,1205265345
144433,3400,3.0,1271648395
178613,5015,4.0,1496891121
153759,3948,3.0,1482948165
88886,31878,4.5,1226436581
34071,7136,4.0,1510501605
96268,1061,4.0,1403455094
73577,3129,3.0,964650917
154741,4158,1.0,1107148504
109291,69122,4.0,1321123742
34824,8949,3.5,1432322720
166171,548,3.0,1262724147
176533,1025,3.0,986159826
34831,2719,5.0,944900758
86057,344,3.0,1278249465
89200,80549,3.5,1464986058
62352,60074,3.0,1471569725
71650,14,4.0,839915193
15598,31225,2.0,1598235491
135458,3911,2.5,1081180923
163140,318,3.0,841507160
146215,5591,2.5,1155045314
187820,183869,5.0,1586025556
157991,364,4.0,1497032720
25015,920,5.0,973827591
76675,829,3.0,858342542
6210,2297,1.0,943374965
120244,148626,5.0,1451839217
15189,253,3.0,835383705
186708,543,2.0,1039835012
104803,47610,3.0,1528498027
29839,364,4.0,1225456842
137825,112138,4.5,1669123468
184562,144620,3.0,1625085700
99298,516,2.0,979939668
52730,2300,4.0,1176873041
121568,1997,5.0,1462685873
39085,19,3.0,834265213
56975,7325,1.5,1081681960
195569,1193,0.5,1441140337
191495,1035,0.5,1326131582
9781,2580,4.0,945221797
131761,2445,0.5,1251177943
124072,3033,1.0,1275133655
169723,355,1.0,1178583462
16224,3973,1.0,1141369361
191434,527,0.5,1436748429
99384,25947,3.5,1126745659
172675,117895,3.0,1585492436
30672,2959,5.0,1469813999
197610,5952,4.5,1644911152
95524,1080,4.5,1104973055
190170,52885,3.0,1465656616
144254,272525,3.5,1685033160
8009,2028,5.0,1440404020
68014,96737,3.5,1531808939
72458,2094,2.0,957398266
22355,2527,3.0,953846642
43251,260,5.0,1211429298
178001,34048,4.5,1122504796
177145,95756,2.5,1343146533
76249,78499,4.0,1629806892
63571,3998,4.0,1079013789
52631,153,3.0,838452684
136071,115231,3.0,1427469233
132562,731,3.0,851000778
185313,6593,3.5,1568891132
99022,6,3.0,884561468
120466,5553,3.5,1457146157
85551,781,4.0,956585282
175321,376,3.0,850978764
125955,258575,4.0,1690625269
48727,30707,5.0,1200747208
199524,3697,5.0,974630065
142458,670,5.0,987538178
98882,231,3.5,1254402700
22270,1380,3.0,1677765169
108727,4351,3.0,1353790083
12280,750,5.0,946416295
63751,307,5.0,837598429
140615,51935,3.5,1676301063
83398,1653,4.0,965337276
74000,86882,4.0,1306823259
179794,6669,5.0,1085893726
78558,104,4.0,1162207495
5895,3753,2.5,1120702491
18305,296,4.0,1449287362
23791,2322,3.0,1009840999
92971,63072,4.0,1504263263
139949,89837,4.5,1422966732
1812,109673,0.5,1546170157
55083,196,3.0,837610344
138476,2289,4.5,1120363244
34460,47610,3.5,1347946083
20443,1377,2.0,1475047640
71681,72733,3.0,1610895482
27398,3639,3.0,1048106349
66803,120635,1.0,1469483393
18748,265,4.0,861460515
35980,72980,3.0,1438618716
86553,5349,4.5,1270087170
120818,67087,4.0,1254143166
199221,18,3.0,852685723
166007,364,3.0,1668085336
93433,164179,4.5,1607154803
12966,2109,4.0,1335845351
131729,6380,2.0,1087535369
166755,72998,4.0,1265567258
92292,2764,4.0,940192981
51922,3897,4.0,1399354979
24610,1200,3.5,1679447839
62382,81847,4.0,1508008610
35849,198,1.5,1510559082
139146,1073,4.0,1220567135
130311,91542,4.5,1489402696
102692,3075,4.0,1472847799
128773,527,2.0,1108978921
76140,4025,3.0,1435974819
17022,1974,3.0,1638734555
157851,2000,5.0,1588126250
165190,252,2.5,1345694094
26649,1080,3.0,1171991783
19216,1748,4.0,1445205429
97139,82854,4.0,1507572169
197373,1025,3.0,946870348
74688,1359,3.0,860147964
177931,72226,3.5,1667528448
170526,6947,4.0,1117069700
39325,115210,1.5,1680536009
102880,833,3.0,909480794
29768,2633,3.0,941937341
81486,7438,2.0,1540891546
88964,51091,3.5,1435237990
53648,2334,2.0,955398139
123723,5200,3.0,1057763339
11190,190183,2.0,1575317649
6157,6,4.0,939721688
123104,2468,4.0,1512597897
27783,1676,5.0,996174473
21450,1259,4.5,1144006799
39876,8865,3.0,1352211226
139952,6333,4.0,1479394077
58132,1210,3.0,974762683
98024,46578,3.5,1204298981
122323,2302,5.0,966448719
50595,1882,3.0,913132065
193150,92694,3.0,1474904964
117242,55995,4.0,1471578239
166539,3614,3.0,974876607
45486,1291,4.0,1339385654
63018,164179,4.5,1606874422
150976,569,1.0,947536692
160132,1376,4.0,944941203
161232,2700,4.0,1147553376
11766,62644,3.5,1661315744
145287,4022,4.5,1476511743
62349,4333,3.0,997816885
91336,245816,3.0,1642401738
67268,3897,3.0,1020446689
190249,1883,3.5,1284951968
200095,82461,3.0,1467588269
141389,48385,4.5,1460881970
60100,95,1.0,863356472
188497,79132,5.0,1585656300
134559,527,5.0,1197158800
142119,1090,4.0,951822818
24325,551,4.0,1002315676
198947,3264,1.5,1293626885
17925,33493,1.0,1159792205
90741,1945,5.0,1177948464
41259,2110,4.5,1669255873
187015,50,5.0,943465365
44458,94959,3.0,1486494946
139972,2028,4.0,1456357869
109223,3134,4.0,1359219496
129403,337,2.0,834596976
117678,5171,4.0,1285713602
128477,2571,4.0,1278849898
146788,608,4.0,1133472744
72772,5991,4.5,1609797718
178256,63082,3.0,1687541864
93698,60941,2.5,1313606652
29606,3405,5.0,1014688924
153690,5669,4.0,1114623693
93283,2571,4.5,1671665680
30843,4896,4.0,1226798735
166428,4638,2.0,1097721897
124667,78174,4.0,1287692285
165506,45503,5.0,1559195241
60990,103688,3.0,1470013876
143371,96829,4.0,1365101071
130192,155509,2.0,1507702453
137599,45672,4.0,1588006525
42314,122926,3.5,1630895707
37815,1266,4.0,850208229
50403,4041,4.0,977970786
120573,357,3.0,834031717
34055,80549,4.0,1472758658
9869,551,2.0,1008087918
48415,256,3.0,864574087
87505,45517,2.0,1592253673
37397,4720,2.5,1334618677
170947,2907,2.5,1198097499
38152,3019,5.0,970528919
136119,2959,5.0,1479156020
28914,48516,3.0,1610229411
57251,2096,4.0,1361406299
169188,8961,3.5,1161236805
148525,2628,2.0,953504873
141289,2471,3.0,1200446485
168124,36,3.5,1378138300
162285,6773,3.5,1391804736
26137,2917,5.0,1083267364
37141,2770,4.0,1000210599
56365,47382,5.0,1446570935
184256,4973,5.0,1325361251
54694,158,4.0,847045620
87572,4886,3.5,1126973593
106473,1213,2.5,1470627732
137440,377,4.0,833647539
85049,2699,2.5,1138010094
45486,6333,3.5,1339385524
133990,48394,3.0,1589111586
187715,5816,2.5,1113259324
190956,661,4.5,1261261345
2697,908,5.0,1148510913
136221,77561,4.0,1420442195
161547,999,3.0,862475030
127335,7241,3.0,1564229817
117050,4526,3.5,1077023518
129660,111113,1.5,1421174587
62536,64993,4.0,1347310684
52208,46530,2.5,1373668168
95690,2701,0.5,1063253906
178052,4700,2.0,1012836501
82892,112552,5.0,1460135413
187347,3578,1.5,1650578815
168198,136204,2.5,1689126352
52094,122910,3.0,1655356006
95481,132660,2.5,1583602578
150310,6966,4.0,1192636095
162198,3998,3.0,1464321971
73657,2004,2.0,1133320807
99938,6378,5.0,1495548186
142488,367,3.0,843935706
95389,4981,3.0,1459159045
158441,3176,4.0,1217266683
82061,3459,1.0,963013416
139016,374,2.0,1005327067
190065,115309,2.5,1500757288
63728,1099,5.0,860188235
113415,1722,3.5,1296040599
149013,4545,2.5,1114759277
68873,149334,5.0,1524855116
142621,81591,5.0,1388897937
184965,1784,4.0,900593018
41171,3160,2.0,1420434664
48606,3751,3.5,1607745441
120991,3076,3.0,1006180789
91128,1682,3.0,1284968872
97354,5324,3.5,1096898157
89916,1779,3.5,1407868522
187917,1101,3.5,1098796760
80941,2877,1.0,1120800594
129676,5507,4.0,1522098810
55267,1269,4.0,1382401147
118243,56174,3.5,1464065713
9381,380,3.5,1260194172
120635,7294,2.0,1415294714
10159,2701,1.0,1017900341
151470,590,4.0,945140704
89224,114180,3.0,1560370997
137145,112552,3.5,1431966132
79767,8781,4.0,1111373676
153052,1089,4.0,1580075315
170711,944,5.0,938588941
59335,168252,4.0,1489356376
144469,27801,4.0,1135680333
105065,68954,4.0,1546244904
35895,3578,4.0,1115589791
139352,105,4.0,1221966649
100875,6350,4.0,1199579816
37854,1682,4.5,1393829010
4170,531,3.5,1575063646
3367,44731,2.0,1531911016
153809,4085,3.5,1108062438
58193,2791,4.0,1457659897
7915,4705,4.0,1006666539
160187,275245,3.0,1687626350
59192,973,5.0,906152747
199583,6333,3.5,1115414082
116951,694,4.0,844001723
40232,7099,4.0,1279297670
94446,6793,3.0,1064332378
25430,3300,4.5,1661444179
106121,1610,3.5,1125000376
8340,3769,3.0,974835066
129539,1690,2.0,901743783
43138,87222,4.0,1683000294
144923,4886,4.0,1612216931
152931,1104,5.0,1114441065
53902,50,4.0,1151429173
4958,4121,3.0,1004107755
15052,454,3.0,850746766
11442,5294,3.0,1190207648
130552,72998,4.0,1360558339
158156,736,3.5,1290714512
37346,76251,3.0,1636840509
16528,2065,5.0,944346329
173087,1653,4.0,1111558359
149817,2617,3.0,1111562166
107315,63082,4.5,1232857577
17697,6874,5.0,1440304023
46481,1552,2.5,1123974753
168245,3996,2.0,992278724
188128,541,4.0,1225641889
167057,2948,3.5,1055110803
13450,131457,3.0,1431644893
198719,48780,4.0,1173381073
136342,122900,4.5,1557217071
196676,2862,3.0,1343236201
111696,3831,4.0,994232405
75304,225,1.0,1112565295
143623,2863,4.0,963472042
133491,186,3.0,852203070
6298,134130,4.0,1542990414
41106,159415,4.0,1665255979
126035,122936,4.0,1620240269
83837,1201,4.5,1645165406
76746,514,4.0,837020014
9870,4361,5.0,1611356781
164028,55269,3.5,1542340086
113309,903,4.0,1595851005
67057,164179,3.0,1635337885
121290,471,3.0,1049545349
10241,6947,2.5,1165424513
111262,1136,3.0,1491474231
183130,377,3.5,1588437674
36297,26713,3.5,1404950300
43990,480,2.0,1122305336
94622,8914,4.0,1441543908
67895,2688,3.0,976280630
45718,68952,1.0,1447201138
12312,2353,3.5,1217179517
169743,1997,5.0,1488253897
109895,8798,4.0,1470624874
49032,122910,3.0,1609516268
127326,2858,4.0,1511774455
124228,47,4.0,1503858769
160345,5014,4.0,1211226671
119263,200540,0.5,1626312240
116942,2686,5.0,981272880
54338,2672,4.0,1642679793
25607,2841,1.0,966435493
60901,278586,3.0,1671178466
109827,457,4.5,1137659942
1794,3751,3.5,1217533174
8307,2413,3.5,1504219768
49305,8257,4.0,1190888202
30250,26776,3.5,1249322947
52383,608,3.0,1295158040
65967,173,2.5,1157696543
81571,49651,3.0,1462506051
145466,2020,4.0,1125986161
91562,198185,0.5,1587000039
86720,1645,3.5,1116644510
158243,1219,5.0,962730608
151597,382,4.0,835869040
47046,58975,3.5,1479858673
120203,256,2.0,1254374486
111225,90471,3.5,1452076728
106307,54732,2.5,1480102598
59634,1682,3.0,1413103760
153445,1961,2.0,1145386262
33639,2134,3.0,940729632
152774,2917,3.5,1494735984
140507,592,4.5,1238319892
87739,1431,2.0,1127797282
21535,1035,5.0,940892824
57304,130684,3.0,1526188677
48267,4638,3.0,1461515261
17157,82854,3.0,1487868776
94187,91529,4.0,1545242935
25225,2761,3.5,1495886065
139292,2713,2.5,1112251713
77188,1097,4.0,1121441794
88362,39,4.0,1011553093
154002,81147,2.5,1356645036
112964,1408,2.0,1494464145
117976,2716,5.0,938964634
132839,55282,2.0,1571161148
30977,5377,2.0,1090264269
100130,97921,4.0,1579545024
43654,1079,2.0,938738373
169920,4890,4.0,1118536695
135717,52722,3.0,1264164492
87977,72998,4.0,1619367483
92242,866,2.5,1198906887
192384,1204,5.0,924281225
3821,3033,4.5,1052984287
3231,104,3.0,1437254911
123058,36,3.5,1245239083
176356,68954,4.0,1552830808
30862,3578,4.0,1579692517
57790,527,4.5,1569434800
159849,1263,3.5,1295438389
82031,608,4.0,1408296548
149923,2842,4.0,991881256
33174,5672,1.0,1077417898
124154,5735,2.0,1186260174
121362,333,3.0,975521302
23157,27592,5.0,1502084984
134025,2502,4.0,958434738
183585,1,2.5,1115521659
158902,552,3.0,837610153
156281,1089,4.0,1297557279
187797,160563,3.0,1486909332
167277,2288,3.5,1120240907
51360,41997,3.0,1165810436
9317,362,1.0,974838803
149147,1721,3.0,1242567826
26025,8947,4.5,1217781488
178203,79132,4.0,1298684845
147873,205072,0.5,1592188412
128712,1566,3.5,1461946403
39370,8969,3.0,1219282880
39647,1101,4.0,916418079
79258,1183,5.0,909103283
141618,1909,5.0,1199806247
31159,904,5.0,1649769787
7808,4043,3.0,1124820904
176284,40819,3.0,1228107460
196076,4161,3.0,997620483
160355,45722,4.0,1303192948
124261,4270,2.0,993945563
183381,4446,2.0,1050850468
72734,4022,4.0,1004034567
189069,46578,3.0,1186517964
107116,87232,4.0,1490429494
64086,5618,5.0,1387239015
1779,17,3.5,1058542284
7143,3452,3.0,982335563
140922,4023,4.5,1144886304
61197,1366,3.0,1014098397
175358,2161,4.0,1111552266
119384,318,5.0,846149878
115255,417,3.0,994612428
139952,96821,4.0,1479394685
22405,64839,2.0,1442516163
79492,206419,4.5,1606529813
130926,6539,5.0,1310314637
49048,7352,3.5,1212992406
128696,30812,3.0,1605822056
95288,4966,5.0,1181428444
3135,177563,3.0,1696296941
32956,912,3.0,943001340
32466,191497,4.5,1579843456
133842,7218,5.0,1357537348
54798,115216,3.0,1485975034
122165,3363,3.0,975694150
180401,5459,4.0,1236347951
97308,52722,4.0,1500959919
111661,169,2.0,1146035903
55960,1388,2.0,1100890610
133236,2641,4.0,1486914721
166812,59369,3.0,1652408156
165295,54001,4.0,1443284351
60855,2706,3.0,1113893822
7255,55908,5.0,1682215498
8135,184835,3.0,1580836510
162428,112556,4.5,1611722793
92055,10,3.0,914445185
178839,457,4.0,919077501
11511,123244,2.0,1422195319
156643,333,4.0,1086466042
84594,2355,3.5,1514946536
503,197879,1.0,1599616412
102206,2294,3.0,945033909
26395,2359,3.0,980622468
166230,88405,2.5,1453161539
111466,3213,5.0,969578004
46310,34,3.5,1211782526
154108,3972,5.0,1077467075
88673,204,1.0,884902203
74228,2174,3.0,1500896393
112555,474,4.0,849390948
68142,48698,4.5,1424398593
64627,440,3.0,848991652
134804,3753,2.5,1644937343
179540,372,3.0,1000101667
144811,4254,2.5,1167970351
67423,4306,4.0,1576193071
51289,84262,1.0,1331524722
138948,271631,4.0,1656259456
191828,4886,4.5,1469967669
161873,2278,2.5,1172101937
187874,96417,3.0,1428554126
102524,4776,3.5,1386426235
12802,3245,4.0,1296742592
133168,8948,3.5,1234264080
94499,4886,4.0,1646508149
104188,8376,2.5,1586742677
140633,8,1.0,844767385
181021,780,3.5,1304748764
194287,115824,3.5,1435326755
160086,1127,4.0,975120229
178603,3481,5.0,1040177168
3614,1189,3.0,899289530
62994,78499,4.0,1697128417
59844,1968,4.5,1448651524
76793,94864,3.5,1377576884
159396,111443,3.5,1484938079
41086,1222,3.5,1459277423
179937,2872,4.0,945110698
167023,316,4.5,1202852646
44319,8950,3.5,1444683113
29522,45210,4.0,1431097790
5018,371,3.0,845849199
67061,1552,3.0,866812606
152054,4993,5.0,1102979277
142389,1,4.0,1483119108
63898,119145,3.5,1465271846
80264,597,3.0,847188372
107923,1544,3.0,1169502599
77902,2617,4.0,1272090839
128831,1289,3.5,1230783580
86074,68319,2.5,1438182817
9643,293,5.0,938760916
80425,54503,4.0,1311519795
51012,107771,4.0,1467809150
65442,1179,4.0,1125532577
152491,5296,2.5,1119467095
36120,1835,4.0,1486483606
90297,3246,4.5,1253220995
147054,1748,4.5,1446576573
38844,7451,3.5,1505352139
133686,377,3.0,836680125
127387,48,3.5,1137580767
70980,70208,2.0,1483732095
11008,1,2.0,1097072626
15849,593,3.5,1608770134
183070,5952,4.5,1474153069
76092,8958,3.5,1486760640
38912,8493,2.5,1217409424
182414,195159,4.5,1681741475
152448,3147,4.5,1657950134
85541,7009,4.0,1262063342
126007,45550,2.5,1474080662
157699,1945,4.0,1442096550
117407,5377,4.0,1360666548
56980,3355,4.0,1126825396
191092,68954,4.0,1480245333
55653,3539,3.0,1000751388
71952,53322,3.5,1668523159
90067,34,3.5,1541458805
90857,318,5.0,1405741044
58406,55269,5.0,1501699713
51058,3948,3.0,1106042576
68854,122918,3.5,1565082741
31080,105844,4.0,1605835811
129930,1653,4.0,1422996443
42786,119145,4.0,1610237779
119218,1032,5.0,1011093900
169848,110,3.5,1361901725
157312,2115,4.0,987894055
89464,51662,3.5,1287915701
85984,4979,4.0,1438717243
119878,106782,4.0,1613806983
189162,25,3.0,879620163
13697,2657,4.0,983508449
104477,63082,3.0,1589511687
157779,1197,4.5,1452822443
37579,7153,4.0,1556737762
189134,2390,3.0,975275906
178554,3431,1.0,997039618
182405,2810,4.5,1290105862
6471,329,3.0,1459975956
192420,5378,4.0,1023825955
6850,4467,5.0,1326812160
1163,71530,4.0,1312566357
148205,296,5.0,1019437381
109620,201921,5.0,1661654114
163829,8865,2.0,1137128060
191337,55820,2.5,1392503574
26191,2709,1.0,938962544
89265,7153,5.0,1536401234
16121,4802,4.0,1433670794
139018,907,1.0,1465192385
18517,5618,4.0,1437847587
24637,87483,3.0,1662857922
26335,79242,2.0,1292551574
29834,33880,4.5,1509736532
47610,163,3.5,1216358860
29896,37853,2.5,1375902255
124444,527,4.0,1559569977
81831,2581,2.5,1113323755
139527,130520,4.0,1543730558
98014,2028,4.0,1346499937
33962,2329,4.5,1481768262
43248,1727,1.5,1088117963
152919,241272,3.5,1645149116
32812,3111,5.0,945305353
84130,116797,5.0,1624624303
64757,136469,5.0,1565373620
84366,4901,4.0,1463222043
67173,6711,4.0,1190817224
47383,1269,4.5,1526027223
162056,165603,3.0,1489234417
147300,2858,4.0,1577903925
31497,5349,4.0,1540814755
183572,86345,5.0,1458781260
73625,480,5.0,1191282473
120822,3176,2.0,966353859
168198,127204,3.0,1454256315
49122,1250,4.0,1008036175
96332,177593,4.5,1575881153
30729,6539,4.0,1588725308
188439,51255,2.5,1341496919
131575,6377,4.0,1629192882
97880,457,4.0,940153458
102148,786,3.0,1188855547
187901,3751,3.0,1180559864
54600,3066,3.0,956548888
176111,2396,5.0,940274485
84477,1784,1.0,916750305
50918,4734,4.5,1182996471
105462,4246,3.5,1514565811
138396,64969,3.0,1483795719
51041,1249,5.0,1046853693
5689,141,4.0,1094148997
192649,2094,3.0,1111548982
44370,8961,2.5,1436397122
187359,27636,3.0,1481733758
155701,3104,5.0,1665433215
148211,1036,4.0,1139597812
12335,2496,3.0,1634269475
127778,90469,2.5,1613451107
44244,122916,5.0,1667397844
77778,251086,4.0,1693852059
41742,1136,4.5,1310697992
174601,35836,3.0,1198049943
111039,1207,4.0,1045087151
142711,58,5.0,861218233
45635,5528,2.5,1127608331
136267,88140,3.5,1629458792
100879,520,2.0,837615073
102200,2107,2.0,981797141
159784,253,4.5,1509388808
86045,93840,3.0,1453261941
77393,150,4.0,836935483
199023,174055,4.0,1503259966
91958,3947,2.5,1620454367
117973,4886,3.5,1617287143
71076,586,3.0,1291578244
70340,1918,4.0,1101962149
130298,1148,5.0,1468009843
195113,6807,4.5,1227580544
139594,2291,4.0,1194392491
46550,307,5.0,867770892
182164,587,2.0,951170358
183993,1580,3.5,1451440188
52591,120104,3.5,1639895372
106322,93510,2.5,1373752856
19425,2506,4.0,939421658
68833,103883,3.0,1455776338
6843,8957,1.0,1191019971
55855,1130,2.5,1168198983
119953,186,3.0,837182236
123613,2318,4.0,1158125655
100291,4018,3.0,1443219077
80501,1947,3.0,1417981183
107106,1025,4.5,1479827374
98467,1245,4.5,1510430114
42915,117881,4.0,1431662445
60447,4406,5.0,1141761127
27813,608,4.0,942910630
160375,4973,4.5,1190874322
35934,7318,3.5,1081717259
192092,260,4.0,942873703
108062,54272,3.5,1239154428
99972,5,4.0,839846803
192004,6503,2.0,1057156467
23303,3129,3.0,970887019
138473,6350,3.5,1465457740
2511,783,3.0,862233745
128086,45880,4.0,1455451435
105283,173,2.0,955083932
31422,46578,3.5,1174857933
86221,2427,1.0,992074281
62424,55820,4.5,1203571216
24181,485,2.0,1208902625
57844,5060,4.0,981055025
48541,3476,2.0,1184635839
82017,282,3.0,1024139273
37955,5816,5.0,1522573138
3606,6502,5.0,1058495653
98031,111360,3.5,1613512733
115200,91658,4.5,1350531670
185570,203,2.0,1276721207
156668,30812,4.0,1593073064
155433,457,4.5,1118263141
7941,6016,4.0,1674010083
99789,53460,1.0,1606079725
183823,50872,4.0,1541569825
192718,202429,4.0,1638137650
179016,608,4.0,1114352568
150888,197177,3.0,1601070530
18171,97938,5.0,1448963647
93490,104841,2.5,1603031093
176415,1094,4.0,948175869
151127,2456,2.0,975014534
73212,69524,3.5,1450252214
174413,8861,2.5,1315586796
101802,55820,4.0,1654660027
2799,2467,4.5,1252730076
71936,5816,1.0,1107547055
94926,506,4.0,989122889
107658,520,3.0,848987514
165337,7360,4.5,1471373404
76189,2456,2.0,974758115
64326,2028,4.0,1598388167
74290,2,2.0,844628611
147300,5464,5.0,1577903397
61148,1722,3.5,1204566989
12454,1196,4.0,958058979
5062,333,3.0,1296083310
66491,902,5.0,1298087373
125270,4016,3.5,1113100660
152588,1094,4.0,938810042
48775,349,4.0,836843376
53474,912,2.5,1199272340
46640,140174,4.5,1480745072
125333,7293,4.0,1452542711
54707,87232,3.0,1440230203
2730,1374,3.5,1292788309
120788,948,1.0,1059698775
75155,296,5.0,1232224884
192315,4643,2.5,1162928009
161803,1270,4.0,1431237972
18192,2725,4.0,1290934726
110772,44022,3.0,1159727718
108563,133782,2.0,1620605131
27117,541,2.0,1608516656
54233,915,5.0,991858469
68124,55820,4.5,1486445915
30724,68358,4.0,1301787540
34320,103755,2.0,1493957256
36287,3802,1.0,1518834570
171179,4876,4.0,1099606121
144855,2300,5.0,1012595912
184932,3148,2.0,951770680
90599,71579,4.5,1678040881
55664,1569,4.0,887741444
192315,204,1.5,1155221780
36160,4886,3.5,1336502083
7402,1673,5.0,975442233
7536,165603,2.5,1617390866
155673,44694,4.0,1338909262
31646,84954,5.0,1477641382
32918,88954,4.5,1670204834
138820,5989,4.5,1524278931
192927,2347,3.0,943579604
185764,7153,4.0,1091631765
69293,5991,4.0,1046874521
122869,27808,4.0,1118007459
109618,5970,4.0,1115178035
135054,7318,4.0,1490853027
69051,2744,4.0,945381184
54170,34534,3.5,1439932743
55776,410,5.0,833130266
70993,219161,3.0,1593304044
169761,40815,3.5,1696115839
79795,2318,2.0,1051129558
105648,193697,3.5,1623063730
51758,1259,4.0,942842099
47080,1197,4.5,1111483430
49389,1625,4.0,1519774223
33535,70293,2.0,1453083816
122868,189033,4.0,1625824706
190895,7099,4.0,1170024455
188042,79132,4.0,1329996965
111594,653,3.0,1047225106
48484,3006,3.0,1076797689
134984,5618,5.0,1120852260
178225,44,3.5,1073370669
126772,55830,3.5,1463979260
109025,4552,4.0,1035425672
89688,1210,4.0,1281921551
54643,4758,4.5,1261887462
72831,1394,3.0,944952390
38266,34148,4.0,1498915686
73759,30749,3.0,1592430230
110910,2671,2.0,1158711493
134251,51662,5.0,1512952659
82573,1172,5.0,942841288
72964,69644,4.0,1522624879
81752,99114,4.0,1586362149
156257,551,3.0,847998608
98602,57669,4.0,1416685017
197696,2321,4.0,1236031539
75890,7158,4.0,1456510809
126907,2232,3.5,1117390901
200164,7896,3.0,1126558116
127886,56367,3.5,1471204782
130875,2002,4.0,1205958420
6621,2115,4.5,1585294231
183565,122918,4.0,1588010316
114389,1214,4.0,1410131767
150469,1485,3.5,1234137382
5085,1259,4.0,962362333
106853,3802,3.0,966732211
192664,1136,4.0,1092710895
72964,2771,2.5,1365040017
141058,255335,2.5,1637289927
53995,34048,4.0,1131561098
117407,97921,3.0,1360584975
140670,1250,3.0,991535780
79371,6238,3.0,1129336635
162554,2,2.5,1085145070
28806,36363,5.0,1522752016
50472,2259,4.0,997887500
8657,70286,5.0,1313871923
159782,3005,3.0,974784179
149551,50,5.0,989634515
90928,116897,4.0,1594528162
50225,60072,3.5,1450154512
178439,2083,3.0,1385697569
7930,104,5.0,1112065552
156196,278586,3.5,1667578924
116492,480,4.0,1086782883
67152,2953,1.0,1092547343
128634,364,4.5,1149821044
102553,671,5.0,1058992565
81510,195159,4.0,1691312339
172001,3949,5.0,1024513457
181914,4226,4.0,1269221513
9238,2311,3.0,1498924270
56422,4344,3.5,1343954140
45346,3949,3.5,1552743079
161237,7361,4.5,1135793387
40442,202934,4.0,1619718216
20988,1230,4.0,1013463507
67832,4973,4.0,1261226620
50339,345,2.5,1110320842
23398,1726,4.0,1099842281
99121,2421,1.0,1209911495
66254,58025,3.0,1483341114
88876,2791,2.0,966120678
168259,166918,1.5,1648916987
166718,2013,3.5,1358035568
27895,2881,3.0,997708369
147544,256,3.0,847526263
3826,10,3.5,1178460699
155225,68954,5.0,1281335860
49243,136564,3.0,1463688175
31119,1587,3.0,945496964
165318,49272,4.0,1175998201
159517,3078,4.0,1455072053
128215,2617,3.5,1112287556
109662,58303,4.5,1359002253
129191,91976,3.5,1621600653
111716,1468,0.5,1086385249
24075,152077,3.5,1663551367
168472,380,4.5,1502017328
82151,79293,3.0,1651311887
136215,5102,2.5,1117314046
51161,155968,3.0,1514570596
185488,87483,1.0,1459624484
162741,2265,1.0,999883342
155880,442,3.0,831561296
73513,268642,4.0,1667757378
141415,47610,4.0,1446676755
134653,1073,2.5,1289697651
13171,68073,3.5,1304889589
37387,2324,5.0,1633726406
136137,762,1.0,1014041112
45740,5443,0.5,1092907650
199883,4886,5.0,1446611280
30966,471,2.0,954515670
153720,2329,4.0,1083676006
119869,1196,4.0,1178318541
137606,1198,4.5,1537634067
179191,376,3.0,852770003
110596,783,1.0,866410649
129909,183421,4.0,1630352154
190337,40614,3.5,1163645510
164804,2662,4.0,958882227
120726,5444,5.0,1487025655
198417,95543,2.5,1566349689
108717,1345,2.0,851344067
114936,5051,5.0,1086764985
8076,933,5.0,1135980108
145608,1994,2.0,1110332422
12294,135135,3.5,1460577643
34508,1235,5.0,1501811349
34324,4978,3.5,1354310653
136136,253,2.0,845566743
135309,66371,4.5,1619377670
80632,539,3.0,1603753401
55574,220380,4.5,1632697516
149491,93766,0.5,1438571013
108013,833,3.0,868189392
101286,34150,3.0,1218384349
128228,8183,4.0,1111756178
24711,383,3.0,835514729
149377,319,1.0,839989001
62918,2194,4.0,1435941525
119678,194,3.0,1003418285
177326,138208,3.5,1635387406
77428,1249,4.5,1455199678
21341,367,2.5,1170432189
118869,44191,3.5,1337543816
170746,3268,1.5,1182368643
150593,1,4.0,852470286
156708,3125,4.0,965679017
177734,589,3.0,945110456
175473,44555,5.0,1512325577
193652,1080,4.0,1656781530
151756,8636,2.5,1137465483
183965,2106,4.0,1026684722
165888,46803,4.0,1169187598
18288,7451,4.0,1548454866
11690,780,5.0,847275714
62536,109848,4.5,1409496831
114085,2723,3.0,949933160
29783,133771,4.0,1508015241
101946,6970,3.5,1198867635
151091,186,4.0,841875410
174192,367,3.5,1299346862
42978,1968,4.0,947388835
110197,76,3.0,1086006470
67072,104854,2.0,1638743056
36114,105213,5.0,1473031405
104179,2132,5.0,998419944
179394,1968,3.0,1049905409
156623,4246,4.0,1454612037
28713,61132,4.0,1518068330
79086,262,4.0,835683295
63328,4865,3.5,1060240079
168292,858,3.0,1097692053
11950,170,5.0,1020718849
25388,1247,3.0,847835602
2622,1219,4.0,1206839070
4351,4499,4.5,1180569101
79027,628,3.0,1619802393
39071,1092,4.0,1123519469
189108,410,4.0,1244838174
152446,72378,5.0,1547122936
176347,457,4.5,1160655269
31954,480,5.0,956949800
143070,350,3.0,851588677
140374,8807,3.5,1115354429
20128,953,5.0,970362209
9973,7701,3.0,1111745798
125448,51255,4.0,1234267119
119152,77455,1.5,1332946360
120077,47,5.0,945059702
97995,2324,3.0,1451974567
178454,32,3.0,1038068282
55573,145,3.0,1267039607
116641,140,1.0,850236201
145753,122900,4.0,1568873030
129528,3949,4.0,1266361667
166143,226270,4.0,1614052921
134843,4641,4.0,1136859788
15599,5445,3.0,1159243037
51000,303,3.0,1132151001
160379,2953,2.5,1153945457
60142,412,4.0,1006151515
98512,5,3.0,1067982921
2268,53000,3.0,1498286343
159271,280,5.0,1042864875
87085,3114,4.0,1132260327
95567,3826,3.0,1568520408
131732,5555,2.0,1043018405
22779,1032,3.5,1244013245
30532,2105,2.0,996864718
33146,122470,3.0,1461354603
35460,1517,4.5,1155831587
4278,1580,3.5,1322500478
123182,8985,2.5,1327600662
141638,3911,5.0,1001277803
192657,1673,3.5,1591938600
74930,6756,3.5,1179322118
12154,4901,1.0,1025917349
132289,736,3.5,1183849253
117183,76,3.0,854970226
29063,3261,3.5,1120689214
94007,53996,3.5,1545008339
69188,1113,4.0,939080427
72801,485,1.0,1062278877
136160,5064,4.5,1591585916
16378,538,3.0,832916627
79996,315,1.0,1002819092
176089,1228,4.0,1114711284
195220,93855,5.0,1671906274
22770,1246,2.0,1233269190
189613,2273,3.0,1563926827
173852,5816,4.0,1607105072
157167,148626,2.5,1452634650
148376,6952,3.0,1094487775
188239,88744,3.0,1606853916
107536,2571,3.0,1618598180
83431,1680,4.0,1461595047
131846,587,3.0,847758664
16359,4246,4.0,1049945870
149839,79132,3.5,1500398266
200105,996,1.0,956604008
81267,105197,4.5,1479102076
26194,3617,3.5,1505710021
148076,179819,4.0,1520362140
31651,2115,4.0,1150033622
192657,58559,3.5,1591937378
170509,7036,3.5,1139333939
62327,8368,4.0,1417267689
51428,47,4.5,1226850418
27040,59315,4.0,1530385622
149435,4973,5.0,1490337698
33763,1,4.0,1434248301
54328,53121,3.0,1201190892
94122,2947,2.0,1090045435
165970,356,5.0,1472485419
118063,6874,1.5,1270485832
3561,51255,4.5,1284593795
191509,7361,4.5,1292568747
81042,7669,2.0,1339280618
76751,3683,4.0,1004896041
87485,587,2.5,1369944378
155382,252,4.0,838637366
28102,1387,3.5,1652965913
90885,79091,4.0,1376398537
162137,1784,2.0,1003958591
833,47,4.5,1147868832
37717,3062,4.0,1107876882
181053,1266,4.0,1133598677
75060,53464,1.5,1644957525
109644,81591,3.5,1503522878
86066,31,4.0,835181816
83332,5954,4.5,1221169049
89292,60069,1.0,1465391502
165963,5872,3.5,1351933405
32401,3317,1.0,1356860204
67106,21,3.0,1173736499
94830,3534,3.0,1131529707
26926,133771,3.0,1506075194
34126,3697,3.0,1102684398
34052,8404,2.5,1286921194
50579,151,4.0,900710786
102085,27899,0.5,1144685561
25387,60397,2.5,1546809141
163380,4006,4.0,874811733
121798,82095,1.0,1294794506
8397,356,4.0,1331432172
105532,4306,4.5,1591575681
107305,3755,2.5,1176120835
78044,38061,4.0,1397409142
189059,4390,1.0,1134778612
84838,5952,4.5,1545420908
181556,7782,4.0,1280360287
188544,2840,4.0,995170507
192421,1973,1.0,995030938
80173,1704,4.5,1481449814
199266,48394,3.5,1446781859
170283,58559,5.0,1378290453
103857,79702,3.0,1480731031
71812,7361,5.0,1470263164
127935,8984,2.5,1419350700
55503,112852,4.5,1452367219
60556,2078,4.0,1026774497
127154,2881,4.0,1093209486
173782,4993,5.0,1043781708
169970,6297,5.0,1051468930
43472,192803,1.5,1554062630
27917,79132,3.0,1559610040
98256,49793,4.0,1612834464
190652,1061,4.0,1118942934
155418,30793,3.0,1575246198
191661,553,3.0,834499168
48517,540,3.0,840413149
17303,33725,5.0,1290638333
38423,111,5.0,869504825
157167,89904,4.0,1330218390
130112,3961,3.0,976311362
65107,6,3.0,1065092374
73194,1198,4.0,1455427128
159485,1722,3.0,1092337332
133610,47,4.5,1585201827
157024,1271,5.0,1085091950
18761,3949,4.0,1621644877
55575,2353,4.0,1499142142
140115,53322,3.0,1427916640
20252,543,4.0,833043192
37245,1968,3.5,1678040440
182024,128852,2.5,1513154783
70918,1792,4.0,989702713
1423,4447,3.0,1009928029
24670,1161,4.0,949968153
84379,8636,2.5,1439068562
24941,5574,4.0,1619088572
35843,105844,3.5,1599547263
92412,2360,5.0,968215401
199118,450,4.5,1053026096
76700,32,3.0,901100827
68148,2427,4.5,1108858427
92125,6218,2.5,1623220402
122083,61073,3.0,1235247268
56900,1080,4.0,1142964474
106204,7361,4.0,1331006309
92088,8965,1.5,1691686753
96559,2160,5.0,1605733285
69406,207313,4.5,1601241408
31259,497,3.0,1112499006
157802,3535,3.0,1269847516
3050,2282,3.0,1009827216
16812,6166,5.0,1678671157
15875,26565,4.0,1445670070
89263,72226,4.5,1561411571
156170,70,3.5,1170653813
116332,55768,3.0,1245653469
128902,2087,4.0,1288977739
84222,6709,4.0,1453993782
120848,527,4.0,941539977
120997,165,4.0,849282506
36664,465,2.0,940285582
175751,4867,4.5,1250085009
179360,31437,3.5,1455247559
168607,608,5.0,1067493339
157795,3020,4.0,1228859192
9596,367,4.0,1484527866
182687,5315,1.0,1024954902
73942,2502,1.5,1128720267
93143,58293,1.5,1342004997
724,300,2.0,847016236
133722,364,3.0,1115615630
41134,3984,2.5,1180145769
59169,4179,4.0,989623122
16754,161916,3.5,1600689168
124012,277,3.0,846241345
94438,5445,3.0,1112072613
110309,97225,5.0,1501041236
10241,266,4.0,1165422168
50352,272199,0.5,1689994785
112940,3844,3.0,1116059931
193732,475,5.0,898010599
125337,71264,4.0,1450992842
53547,115569,3.0,1546636978
191641,106920,3.5,1515855072
168100,66198,3.0,1239500552
199119,47,1.0,836524940
35742,329,4.0,1207431345
197926,4214,3.0,1085110864
192208,5989,2.5,1204611073
110660,507,3.0,917024933
46679,783,5.0,850983781
179327,59315,4.0,1543269808
56689,95201,3.5,1545394912
123648,1196,4.5,1052999149
59659,5945,4.0,1047565253
146514,306,4.0,962140356
69896,2804,5.0,1236553035
66720,180,5.0,1066009800
18295,85412,4.5,1309968573
25877,356,5.0,849078970
23635,1951,3.5,1314850915
56337,4519,4.0,1540907461
33018,1188,4.0,854581405
134755,1356,4.0,848749363
151058,1270,4.0,1276126585
23783,1244,4.5,1580447323
89106,58559,3.5,1335443290
40456,1374,3.5,1215213656
134870,3996,3.0,1177812971
122544,108932,4.0,1508756041
33911,22,3.0,1208787210
49711,122904,5.0,1487886900
91407,1527,4.0,867961860
146764,587,4.0,834129713
147769,2022,3.5,1653967345
143696,20,3.0,852305254
116927,48385,2.5,1440201268
121574,593,4.5,1227645066
2338,3269,2.5,1108488706
69611,4015,2.5,1578368141
182069,105468,2.0,1540272116
105711,3450,3.5,1107557082
173804,3719,3.0,984317124
93634,2194,4.0,966601409
131789,5903,4.5,1239895023
141173,105585,1.0,1566655789
115939,106489,4.5,1416521929
135654,1918,5.0,965942037
102110,535,4.0,833397881
80919,1280,4.0,1174357102
97003,33679,5.0,1642797811
159814,2888,1.0,1195076411
53319,4343,1.0,1633379686
153361,1163,4.0,983242478
162452,58559,5.0,1627524009
172319,1228,2.5,1416697042
194049,348,4.0,958587990
2287,2841,2.0,1016403242
81129,1682,4.5,1061631792
29499,143859,2.5,1641247369
122349,91658,4.5,1446691858
94838,1608,4.0,1006294995
189814,4886,4.0,1642820184
108027,5620,3.0,1118884380
138236,1219,2.0,1073609436
83166,4993,5.0,1460372550
34075,2683,2.5,1111475101
53467,5881,5.0,1553406224
69802,367,3.0,992214896
19539,164179,5.0,1532996186
165374,586,2.0,849105837
66825,590,3.0,1273409571
91184,1210,5.0,1647128181
74991,1208,4.0,1037148938
33518,157699,4.0,1488306553
106910,714,4.0,1253390943
150917,60126,1.0,1361831545
23419,1653,5.0,1439798384
45806,16,1.0,1170529327
163525,50,4.0,1632051117
153663,103141,3.0,1471283915
173031,252,3.0,836141375
163528,101112,2.5,1606161746
70983,96610,5.0,1507048521
110265,6870,3.5,1072896443
86530,85414,4.5,1388964791
52049,106766,4.0,1437772051
78888,2193,4.0,960713088
164855,1242,3.0,1436789739
10374,3489,4.0,1065587774
160163,51662,4.0,1454202412
155468,1997,5.0,900990814
156531,1032,4.0,847463612
108208,168,3.0,840012530
110542,94959,3.5,1607909299
29141,1721,3.5,1162500839
66449,4246,3.0,994555836
163313,3408,4.0,1049604524
125603,2338,1.5,1620181999
88858,2288,5.0,909745704
114544,527,4.0,834410376
163712,6793,3.0,1620912691
58222,77800,3.5,1430726502
57386,1419,3.5,1136196762
160347,938,3.0,862502382
166846,1625,4.5,1529366819
140506,70,2.0,946657905
172042,442,4.0,846564763
180048,3251,4.0,980308753
131709,339,1.0,1109327916
11833,102686,3.0,1422788203
97325,587,4.5,1359149115
111770,1396,3.0,941751027
94135,3967,5.0,974504817
13530,750,4.0,1111086957
121433,968,4.0,1087153338
63514,5130,3.0,1103336359
123034,2541,3.5,1443269794
133935,112,3.0,852117513
132226,162082,4.0,1578989627
71520,4019,3.5,1098478617
117194,3844,3.5,1451788376
123010,910,4.0,944339644
86167,5593,3.5,1175650053
3957,4306,5.0,996087845
169853,4011,4.5,1616938589
182043,60311,3.5,1592537439
15901,65088,3.0,1507164532
95690,4025,4.5,1063153350
77304,44199,5.0,1233706463
195539,924,5.0,1144938834
152841,2710,3.5,1081076576
61799,3418,4.5,1057429979
27196,166534,5.0,1641692622
40085,67408,3.0,1466427682
156852,3082,4.0,1406467470
53104,76251,4.0,1329154277
48015,590,4.0,838997216
116635,661,4.0,939048093
42238,208,2.0,1059435029
15497,1882,2.5,1216653268
166173,3494,5.0,986869509
46503,56757,3.0,1564860540
196752,1201,2.5,1606028564
195782,6025,1.0,1117521822
128035,1240,4.0,1604726313
186516,2231,5.0,1129324181
26201,91500,0.5,1600138527
160071,235,4.0,953322658
101373,36401,3.5,1145299607
124176,2581,3.0,1238879098
103129,780,2.0,1049842131
92679,5140,2.5,1523761339
38689,104,2.0,1225152466
63070,4310,0.5,1504479541
122185,54503,4.0,1611254527
140726,3175,5.0,1443195324
14272,555,4.0,856153828
66120,933,3.5,1072576836
99199,5418,4.0,1547802591
37745,76729,2.0,1513181138
170449,62,1.0,850137568
66306,2048,4.0,1252622858
165332,106782,4.5,1644128000
20478,110,4.0,855089633
198366,90376,5.0,1551295642
84547,3098,4.5,1342641986
65623,4866,4.0,1066133635
39871,2949,4.0,1133904129
181118,2355,4.0,1017593270
147187,1196,5.0,1147306305
68823,69275,1.0,1676419436
103976,3578,3.5,1446616555
115604,1610,4.0,1382730158
199479,103249,3.0,1582441838
5088,2112,4.0,959971959
51743,33794,3.5,1457893741
197493,176371,4.5,1526790500
111178,300,5.0,836782054
724,236,3.0,847016389
87029,61024,4.0,1523591416
138957,48394,4.5,1616774058
115681,2350,3.0,1049749966
152114,42011,3.5,1137858223
181005,49272,4.0,1336688911
182024,90866,1.5,1512020444
99361,6349,3.0,1585963623
148757,2712,3.0,1399253582
144589,542,1.0,864510822
88128,1206,5.0,1078171648
8223,281912,3.5,1693870413
37603,6711,5.0,1501401740
121214,1291,5.0,1044811151
158597,243,4.0,859638113
160228,60941,3.5,1288713849
173258,39,5.0,977562898
3881,2571,4.0,1600962439
100719,1676,4.0,1108782469
32331,1206,3.5,1157181475
84946,98154,3.5,1619918300
99818,2762,3.5,1059435340
10012,2729,3.5,1577412272
170502,2078,2.0,1323125548
11513,123200,4.0,1627572294
85461,1270,5.0,1575106236
113513,122914,4.0,1610688694
165740,3386,1.0,1404336396
178313,24,3.0,860226858
152675,2997,4.0,1035873418
175439,17,4.0,851173042
111842,73321,4.0,1446462873
115075,54286,3.5,1550525488
905,33817,5.0,1222646650
126419,6155,2.5,1491101283
68289,2278,3.0,1019742521
26209,193065,3.5,1585321592
167484,2336,5.0,1107900315
168549,113348,3.5,1446378372
164193,197883,4.0,1580720689
146749,485,1.5,1509586766
79966,4370,4.0,1284743530
54641,2,3.0,1460764880
50788,2194,4.0,938824368
169755,260,5.0,1453227754
6157,1233,4.0,939803327
74769,1086,4.5,1336383670
127923,1278,5.0,1140116873
37123,1527,4.5,1488299104
14028,1997,5.0,1445216401
156293,480,3.5,1494133176
121113,6709,2.5,1304305119
73604,2367,1.0,1043728040
47066,2297,4.0,941567527
193755,296,5.0,838956446
16678,316,4.0,837877211
43871,5106,4.5,1440272217
13232,924,4.0,1073076715
187010,70286,4.0,1499192805
56703,293,3.5,1506274006
171620,1954,5.0,1411307603
185977,7367,3.0,1470716098
21426,51935,5.0,1604866168
143227,58299,4.0,1483382615
113188,1203,4.0,1373851848
144654,2710,2.0,945544302
80100,5630,1.5,1614535452
154680,40278,4.0,1169828556
125694,1356,3.5,1446501453
179431,608,5.0,1171023888
58066,2571,4.5,1366537697
190209,36537,3.0,1419810153
99967,45183,4.0,1262217827
180599,555,3.5,1473039294
13100,5952,4.0,1463933106
191861,1198,5.0,944937679
198515,51246,3.0,1657324027
76,56367,3.5,1549659489
15612,177593,3.5,1649366610
21590,1283,3.5,1053498255
74617,3980,4.0,1681839003
20147,2761,4.5,1595298995
101946,4595,2.5,1199119500
120805,6874,3.5,1123705507
14645,3703,5.0,974609502
48423,1580,3.0,953826058
115018,1042,4.0,979767024
50361,112175,4.0,1626123738
195448,1200,3.0,1606857021
159838,68237,4.0,1458672149
191899,34153,4.0,1129311262
23956,4023,3.0,1149176139
198337,3948,3.5,1223762835
52068,149410,0.5,1651373246
10810,33158,3.0,1562919935
101482,94,3.0,858350046
16977,376,4.0,861054033
199798,116797,4.0,1471900934
67495,58559,3.5,1329843271
93105,82667,5.0,1544991417
19682,127140,3.5,1450137606
186361,1258,4.0,1076595696
19015,4085,3.0,1535996991
151929,111235,4.0,1449149530
42940,64839,3.5,1509615384
17831,5435,4.0,1024172088
166043,1672,4.5,1151810663
87888,2329,4.5,1452539258
185668,356,5.0,859366293
28527,783,2.5,1177788494
25235,2058,3.0,1689952076
96881,3578,2.5,1569813056
22194,3697,4.0,1595269900
150584,2330,3.5,1073277574
136379,1104,5.0,1017087286
22770,2402,3.0,1233247242
107550,4701,3.0,1009695087
10712,74458,5.0,1678284967
10202,195805,2.5,1548639703
81054,736,3.0,857068200
49791,4378,3.0,1484479375
39216,6290,2.5,1179166044
84259,136020,3.5,1470814913
170524,56176,2.5,1303506656
179794,4878,4.0,1047035840
131181,527,5.0,847987336
127103,90651,4.0,1323881349
140549,1222,4.0,1155853272
160740,6754,3.0,1502750446
10352,60069,3.5,1445283384
72337,1041,4.0,865011439
58626,2381,2.0,1004546153
337,8947,3.0,1567910508
93789,383,3.0,1269502303
171990,90866,4.0,1689160351
185931,3160,5.0,975358512
108370,1,4.0,910387317
23099,60684,4.0,1310601708
59423,231,2.0,832994029
162579,587,4.0,836270999
99510,69757,3.0,1513395470
115634,134853,4.0,1439422673
91195,483,3.0,989841687
70825,736,4.0,1504542612
69806,6281,4.0,1572656621
157937,105504,4.0,1542772830
157796,3146,4.0,1393891272
134427,1233,4.0,866529255
23930,7361,2.5,1263591541
160730,83585,0.5,1353061389
88039,149354,1.0,1463339568
36213,112552,1.5,1689435977
159405,6942,3.0,1417685742
165759,90958,3.5,1624761093
199346,6970,3.0,1282826957
123465,56515,2.0,1290979982
1015,86377,4.5,1415718704
197118,84944,2.5,1531164180
153785,380,3.0,1206647795
47314,7,3.0,838369265
95285,4639,1.0,996458931
39862,3793,4.0,976494338
88663,1777,3.5,1121268793
133602,65,1.0,918900288
97294,1907,4.5,1113446970
8223,110127,3.5,1568031512
17394,2687,3.0,966196373
137480,293,3.0,1445278843
177639,4226,4.0,1153086507
69925,8974,4.0,1179018186
197991,98809,5.0,1503065884
149460,4246,3.0,1466247616
93249,122920,1.5,1640999439
199143,1859,2.5,1615541766
147751,4343,3.0,1286194274
182919,6188,5.0,1566499294
151121,288,3.5,1137967747
93664,87192,3.5,1639288309
57717,2080,3.0,1453889776
34824,32587,3.5,1432319388
189134,50651,4.5,1319503488
162217,32737,3.0,1231400671
111147,34,4.5,1438052859
53017,1246,3.0,860851064
50430,2330,5.0,994892502
110754,173823,0.5,1651786997
47829,3761,4.0,1306605728
25936,286131,2.5,1686362038
159159,2394,4.0,983032182
88443,593,4.5,1170998063
169164,135,3.5,1199500533
54284,1042,3.0,1307818660
3844,78499,5.0,1448215130
125842,2599,4.0,1082315858
86910,36,3.0,851344074
42846,6377,5.0,1121823509
18515,34,4.0,1260312805
134705,122906,3.5,1614051437
130839,6711,5.0,1095456685
1715,1020,4.0,1172038513
158560,1028,3.0,1578105179
140856,77561,3.5,1528487192
187766,3287,4.0,988309077
124296,39,3.0,1425267585
62379,6942,3.5,1493240926
192893,5060,3.5,1209448330
113058,1320,2.0,1432728022
151087,47,3.0,843729299
13413,5956,4.5,1109191291
125902,539,4.5,1053710297
90166,161788,1.5,1520220122
83475,1385,4.5,1063629414
135946,33679,4.0,1150390540
146804,3555,3.5,1176150565
26818,81782,3.5,1511721755
124664,3447,1.0,955471087
128183,59315,5.0,1628911002
90215,3634,5.0,966571809
34388,87232,5.0,1433984723
166442,2555,0.5,1333777600
64294,185,0.5,1088199099
182175,47,5.0,1055101525
181382,527,3.5,1159037195
23366,2301,2.0,1078971977
78707,176567,5.0,1676684348
88247,2107,4.0,947273717
2192,2125,4.0,1015721996
114922,4299,2.0,1651189408
4161,8644,3.5,1534640684
43480,237,3.0,842441719
93696,57669,3.0,1639224608
102554,4239,4.0,1227213424
79158,551,5.0,967977795
65625,2746,2.0,962592304
48155,2369,3.0,949552896
175834,1090,4.5,1155928999
52380,1282,5.0,1389706016
193843,4973,4.5,1449225094
150240,2959,5.0,1578693010
82526,4014,3.5,1434151367
139318,288167,3.5,1688131267
43772,80463,4.0,1431284255
55156,1721,3.5,1533286703
105440,4039,5.0,1052496909
176606,3793,2.0,1068475992
49545,1084,3.0,965333903
118762,434,3.0,834971839
183130,4007,4.0,1588641102
180866,68157,1.0,1467671766
176168,33493,0.5,1438038136
185930,2541,1.5,1221632075
33146,829,3.0,1498555901
51267,2916,4.5,1211393689
95546,260,4.5,1646483492
191352,140725,3.0,1445270870
156887,1302,5.0,1012758601
153818,5952,4.5,1619964442
34164,205327,2.5,1601898196
123239,53125,3.5,1586754686
156679,1777,0.5,1366832229
22261,5952,3.5,1222220888
116413,4039,1.0,1112460399
200301,3456,4.0,965086684
35198,56782,5.0,1438581809
178771,117438,3.5,1668369783
5980,377,3.0,1083086479
108074,30894,2.0,1180569971
133237,742,0.5,1146455667
65323,1127,4.0,940713995
199930,1464,4.0,1243008750
36372,1721,4.0,1008809096
47240,2076,4.0,1136766632
177081,95,4.0,905524056
3319,4262,1.5,1690735898
157669,3751,1.5,1103687741
157644,57274,4.0,1587034382
51854,3504,3.5,1115621039
115183,56367,3.5,1605554447
54120,4545,5.0,1580677196
118139,339,4.0,845243119
37637,5060,3.0,1017863934
130496,2324,2.5,1682991611
178201,158238,3.5,1498961900
163810,2539,5.0,975911879
28806,188243,4.0,1542057046
98790,892,5.0,1042249095
119918,6502,4.0,1415395597
27761,1299,5.0,1230586708
190895,6188,3.5,1169766929
123927,243,1.0,842185097
194595,1300,4.0,941472592
21120,852,3.0,1290904023
151633,2355,4.0,1574530913
193829,50,4.5,1315205108
133115,47099,4.5,1695163501
3334,778,5.0,840317366
87300,3264,3.0,964328788
115405,2950,3.0,974658518
126126,1408,4.0,981018129
148661,260,5.0,1301467532
197496,4511,3.0,1401310218
193741,70,3.0,1137512775
60742,4369,4.0,1417472737
135978,6561,3.0,1121957188
99359,5040,4.0,1020460739
191338,267,4.0,835690470
67922,3397,3.0,965684802
139042,2150,3.5,1302407335
14538,8783,3.5,1418602453
199833,106766,3.5,1647223434
195022,49286,4.5,1424226776
6212,46578,4.0,1195785425
8901,226758,1.0,1605443836
73226,97938,4.0,1464605669
28912,142997,3.5,1514681019
154575,593,5.0,837043957
24613,111443,3.5,1446627233
44137,926,4.0,1092935298
154012,60950,4.0,1329091924
74892,80350,3.0,1616497293
44863,37731,5.0,1271844449
111728,48780,5.0,1582743300
172356,858,5.0,1581584931
146458,114180,3.0,1533046667
200835,5507,3.5,1159885094
139878,104841,4.0,1663617634
13506,2944,5.0,1031323556
139905,6857,4.5,1155760971
17744,26750,2.5,1687435608
59152,1073,5.0,1074718549
58170,1210,5.0,964848735
142860,33493,3.0,1133773922
121898,27722,4.0,1121098385
186328,2100,4.0,980524904
30238,292,5.0,834481648
171566,79091,4.0,1430733797
59,5499,2.0,1030396268
117971,111921,5.0,1535926753
77186,11,2.0,843568857
38040,1148,4.5,1256113901
130310,1291,3.5,1376297113
88264,1653,4.0,1225902634
187489,63072,4.5,1584672304
92779,2600,3.0,945063312
144985,2519,3.0,978737597
77787,112911,3.0,1655064995
141605,47099,4.0,1668613993
6826,329,3.0,962852641
195750,2424,2.0,1386158150
43794,104879,2.0,1559325665
48627,858,4.5,1323691580
119411,2700,3.0,974732872
95481,114007,4.0,1583677137
190637,185,0.5,1127126650
70719,71500,3.0,1654496517
27592,45672,2.0,1249008894
34317,2080,5.0,925132837
96908,1610,4.0,973807179
185787,59684,3.5,1276030561
90716,344,1.0,1552699209
523,33794,5.0,1628266254
88247,1526,2.0,947269460
3216,431,5.0,844019888
18026,919,3.0,1558708928
6607,8531,1.0,1145627140
95429,6539,3.0,1515880986
102548,6870,4.5,1481477338
70918,3986,3.0,987436104
178880,80549,4.0,1558452264
139594,2174,3.0,1194392425
100754,5222,5.0,1227913139
76985,2598,4.0,1023473783
59405,22,3.0,954049694
180516,208703,3.5,1586234508
23419,3578,5.0,1439798361
115000,115569,3.5,1695490346
43302,52241,3.0,1678225719
119940,208939,3.5,1640987717
138177,1246,3.0,850210446
94059,67267,4.5,1491248786
33223,1206,5.0,1141726109
158697,2825,3.0,1025659916
29465,2160,4.0,1036347196
31158,37733,4.0,1426920585
79641,5092,1.5,1556364233
115127,920,4.0,1106361936
31861,5943,4.0,1583928804
164536,1639,4.5,1247322509
16611,1704,3.5,1313809866
4267,4322,4.0,1060662213
149183,1101,5.0,945640501
4629,32289,3.5,1234814550
54184,1584,4.5,1135672246
138143,858,4.5,1271711939
121473,3,4.0,1109551645
62613,8644,3.5,1482957470
117050,292,2.5,1077112241
124213,5445,5.0,1037810021
119873,63113,3.0,1436840441
37465,2916,3.5,1173718798
144163,46578,4.0,1550323974
72212,176751,3.5,1551440685
165796,2366,4.0,1183587334
129726,179901,3.0,1514315483
437,4565,4.0,1038864505
77392,3255,3.0,1318544291
89071,454,4.0,836598342
182346,3051,4.0,1043783407
41078,34,3.0,847622061
118973,3948,5.0,1011713350
174299,1645,3.0,1451293528
170554,56152,1.0,1203338482
161538,45728,3.0,1537613300
171024,54503,4.0,1592654992
17856,187541,3.0,1584377702
189665,74228,4.0,1333478864
45310,1387,5.0,945878992
67173,5952,5.0,1190816717
149465,3017,3.5,1597276173
53445,2012,1.0,1677093086
66041,122910,4.0,1564158474
81089,54503,4.5,1337547694
12770,122922,4.0,1689872658
189665,59715,3.5,1231831471
80183,216,2.5,1192784454
153826,5483,3.5,1135285718
148356,292,1.5,1182985279
176927,170,3.0,1256352676
166121,122912,3.5,1618636138
41182,3671,4.0,1013338900
13946,144734,2.5,1467114685
21459,1213,5.0,1142145074
94966,1220,4.0,913836130
149475,275245,3.5,1670864666
134922,1485,4.0,1286774467
69838,49272,4.5,1386665944
6607,8985,2.0,1147787506
168016,95875,3.5,1463606398
168671,293,4.0,1129496996
35617,74553,3.5,1436550037
166629,2572,4.0,1375679841
10028,4993,4.5,1106963397
70739,364,5.0,1425595019
147519,3916,3.5,1062406903
14284,44199,4.5,1342463078
139600,2405,3.5,1125494750
200722,7154,3.5,1139234474
12626,114662,4.0,1467515189
146901,2410,2.0,999575605
120035,1208,5.0,1453540481
165382,1210,5.0,1684849747
48748,112,5.0,849617149
128504,3052,4.0,1414964586
48111,1254,3.0,1165173674
192066,5349,4.5,1071200314
68890,3396,4.0,1110597137
110940,505,2.5,1133830900
156396,480,2.5,1134019511
21285,595,5.0,1694349754
154684,96821,5.0,1519821969
175563,64622,1.0,1549212322
159391,103315,2.5,1425274085
152259,1407,3.0,867753809
9329,5690,5.0,1221138477
23569,5618,4.5,1540162626
13089,48780,4.0,1205154666
15502,95199,3.0,1468088389
20874,2712,5.0,939607078
136641,2707,3.5,1461733587
133848,225173,5.0,1626627555
153642,5308,1.5,1164058944
139805,143385,4.0,1612317207
43010,4642,4.5,1258588477
155571,2150,1.0,1248178338
101693,1729,4.0,942967017
21059,111,3.5,1104678151
127081,81591,3.5,1596477000
109881,594,3.5,1497537515
76711,344,2.5,1182828565
64710,75985,1.5,1675540796
106908,1088,2.0,1195242377
61273,117881,3.5,1537450127
144408,3599,3.5,1589147826
55575,171925,4.5,1499138246
98410,5508,4.5,1436767437
200322,96737,3.5,1357999067
151336,5151,1.5,1229401447
108926,210863,3.0,1591718355
196842,5296,5.0,1046793639
14465,1682,4.5,1560121667
6645,6783,5.0,1627182447
55336,201811,3.5,1568976587
200792,40815,4.5,1471031835
34883,86880,3.0,1462570986
884,143355,2.0,1676211502
26662,1917,4.0,1566102419
80563,3545,2.5,1552499555
105495,2177,4.0,939104116
123400,2804,1.0,997148217
170138,1479,3.0,1245690571
21717,109487,4.5,1457927864
52888,4713,3.5,1188086561
110632,5110,4.0,1223779472
2880,97913,4.0,1617991743
1766,5955,3.0,1233766924
179917,410,4.0,834327065
192221,68157,3.5,1495916436
124651,8783,4.0,1156937246
147241,56775,3.5,1486102252
119055,45517,4.5,1451099228
88705,1729,1.0,945125819
156429,136469,3.0,1502414927
129043,1584,4.0,881383348
191815,102123,3.0,1682779601
110857,72998,4.0,1423160025
69286,1,3.0,865366329
158238,2706,3.5,1568992574
24849,3005,4.0,958605848
171997,2395,4.0,949605857
116794,592,3.0,839486304
129523,750,5.0,956183466
108112,88744,4.5,1571328736
90386,316,4.0,831800507
158411,8464,4.0,1441709832
123365,140110,3.0,1464651841
148561,63876,4.0,1241734011
21961,1172,3.5,1448746791
74651,2671,4.0,963010074
183898,1625,4.0,1179371055
104237,1214,4.0,1489230803
29181,412,5.0,841752754
174601,3326,2.5,1198837460
75339,5247,3.5,1511648240
136000,1307,3.0,1645173201
181667,2746,1.0,1132976585
188599,106920,5.0,1513591089
13467,82667,3.0,1310908154
187709,21,3.0,1062082380
32568,861,3.0,863680276
141812,4642,5.0,1070375602
166611,1722,3.5,1112069334
157896,2023,3.5,1214086345
53439,175661,3.5,1614619493
105796,588,1.5,1278399799
91721,3763,3.0,962990532
89230,3249,4.0,1015445300
178868,168248,3.5,1681636900
144822,98154,4.5,1407081214
75620,93766,2.0,1451521575
178886,157296,4.0,1562924774
144779,143355,1.0,1511629712
43589,7361,4.5,1285644528
84645,3247,4.0,1040564655
143030,1263,3.0,1589700251
128409,2,3.0,1322953320
41183,1258,4.0,1617740163
98680,48780,4.5,1273038044
58243,2395,3.0,1618860172
34861,185,3.0,1097981699
186783,1441,5.0,985272540
54565,420,3.0,843830092
140315,153,0.5,1284838188
34724,5673,3.5,1304158194
183186,1940,4.0,1001599080
105891,94,4.0,860669793
140660,1981,0.5,1224697827
132161,96606,3.5,1442206219
138035,1221,5.0,940434686
136868,1240,3.0,965522132
153053,3040,3.0,987616470
191429,4757,2.5,1080008519
95406,3994,3.5,1331563039
42339,41566,2.0,1297906950
22724,277798,5.0,1660812935
121643,2245,4.0,944946985
133135,553,4.0,831058177
136472,31225,4.0,1252712621
91029,3996,4.0,1554864410
83625,177651,4.0,1660934664
117465,7360,3.5,1130046186
92678,1223,5.0,955148597
91496,116797,5.0,1497532587
54927,48,5.0,1139508898
197117,1544,2.0,978047301
193648,11,4.0,1099940382
191432,6539,2.5,1428466797
17722,898,5.0,1092715473
125599,3255,3.5,1112263193
196755,2011,3.0,1217708059
157282,79132,4.5,1516427267
196113,546,1.0,1251838884
188078,86642,4.0,1505621509
94555,587,4.0,939607499
143721,1682,3.0,1494821444
70708,180031,4.0,1594325050
104645,88125,3.5,1560116112
34534,177879,3.5,1626259692
136803,2792,4.0,953765371
20999,164179,4.0,1486913298
35671,4498,2.0,994033812
69851,106782,3.5,1641572827
38223,150,4.0,976281203
81171,3552,4.5,1276115661
159624,1287,5.0,945287835
113640,2700,4.0,994905459
110316,638,3.0,941242901
198515,6699,3.0,1341716821
180707,3535,5.0,1357008376
118308,592,4.0,1508623816
200352,50798,1.0,1346758371
30654,3753,4.0,994645531
16842,109487,4.0,1579455779
139807,5782,4.5,1371963433
127786,2804,0.5,1672012247
165118,785,3.0,839626813
150569,6534,3.5,1606594241
190758,2692,3.5,1422640787
104096,84152,5.0,1489530609
21103,1218,4.5,1124793676
190295,199223,2.0,1589049866
163406,227,1.0,833978897
39363,858,4.0,954029665
52488,4979,4.5,1453940698
133211,2971,4.0,940184964
71829,1544,4.0,1011664169
2827,68157,4.5,1543141627
168796,102445,3.0,1473919383
184814,1509,5.0,1073667881
46348,85414,4.5,1682368528
199816,782,3.0,1619444954
82886,4974,3.0,1462647811
55473,7171,3.5,1654831962
48597,2628,3.5,1324299639
196329,8119,4.5,1155003778
70489,2142,3.0,1111552161
101490,2416,3.0,1230781236
194629,187231,5.0,1657700216
79646,112175,3.5,1639154398
146882,8464,3.0,1671145362
5205,303,1.0,942164421
49197,553,3.0,850553568
164421,54503,3.5,1560625380
131949,2762,5.0,967088427
191149,58998,2.0,1586059397
90140,2629,1.5,1045668879
20724,4855,3.0,1588971531
57043,79132,5.0,1379678075
57618,40583,3.5,1568118176
110598,5523,2.0,1185136855
76106,181315,2.5,1604685350
54333,55247,3.5,1224182669
23074,72998,5.0,1421321123
73947,577,4.0,975784972
193114,5349,2.5,1589667780
148732,51412,0.5,1493161919
131748,4447,3.5,1489204367
102159,58047,5.0,1533851351
121509,6628,2.5,1112341353
87167,3791,3.0,1263895424
18240,205329,3.0,1609598271
183219,2423,1.0,1331949541
91595,73572,3.0,1278285950
38113,3994,3.5,1645130713
138173,539,4.0,1448074095
114730,861,3.0,840791036
155122,410,4.0,1098943389
159742,2028,3.5,1546464087
120552,63082,3.5,1233217268
97667,3454,3.0,1009478640
179708,227000,4.0,1642385078
56317,62662,4.0,1640336393
93711,4254,4.0,994518150
37534,70293,3.0,1425103553
38266,48043,5.0,1498915685
116427,1079,4.0,1111547100
37316,1213,4.0,1182189715
152114,3980,4.5,1108416901
37585,55276,4.5,1240866878
88942,150,3.0,840054501
26717,64575,3.5,1256345891
96849,3409,4.0,1650596142
1168,97225,1.5,1650510561
159469,257553,2.5,1641199433
42924,1213,4.5,1107629539
29840,647,3.0,861304594
112155,44199,3.5,1652120692
17072,3916,4.0,1095780081
121579,110591,5.0,1633242993
156369,46335,2.5,1479057730
117108,2371,5.0,1354402950
68294,1136,2.0,992231510
100037,128944,4.0,1521664166
57233,5944,5.0,1484444771
48111,7215,4.0,1225578631
6208,3753,3.5,1172736783
58227,1682,4.0,1495368714
114756,319,4.5,1067433994
18945,8636,3.0,1178052904
50497,784,3.0,966369227
22958,590,3.0,838194230
6862,3359,4.0,1563507305
41746,60074,4.0,1530989365
33317,1909,4.0,1022306900
181134,5508,3.0,1326194613
33174,917,3.5,1077317872
137201,50912,4.0,1255303504
65477,1380,4.0,1227147719
136896,3510,3.0,1043853812
19943,87232,3.5,1428669171
11453,92507,3.5,1474983789
9569,42217,4.5,1484957783
194343,2797,5.0,1502154027
59629,4995,3.5,1492270652
22774,6870,3.5,1239513451
187995,112552,4.0,1493361989
115449,3036,4.0,976327222
19101,4681,3.0,1056038600
195823,135,5.0,965280811
24587,494,3.0,839958323
155671,31696,3.5,1149293853
122915,3034,5.0,1439939110
194422,2028,3.0,1016480703
70721,56174,2.0,1325562234
90036,158872,1.5,1516586680
113494,466,2.0,1224854973
21992,91529,3.5,1409993936
164565,485,3.0,944976447
76634,59315,3.0,1228094350
150721,115149,3.5,1497720521
164481,281,3.0,846003581
37008,26712,4.0,1238350273
31973,3175,4.0,1624225697
165493,68554,3.5,1676073987
79027,4930,3.0,1619802425
53559,4878,4.0,1609544642
149991,6537,3.0,1435002565
147050,2959,5.0,1514588189
181351,45728,3.5,1487532991
192709,541,4.5,1449413109
196994,508,3.0,995516494
143888,2294,0.5,1443683884
94670,3440,0.5,1622827062
89,175,4.0,840551373
159167,11,3.5,1465010060
181523,588,5.0,1490984510
73909,56757,4.0,1211229098
21389,27773,5.0,1319744207
49110,7361,4.0,1513745972
37302,2324,5.0,1147895490
73905,529,4.0,862767413
112679,2717,3.0,1164394912
109977,7293,4.5,1456992074
131527,2329,3.0,1682750764
86782,4426,4.0,1135749858
144767,733,4.0,1054412035
115505,260,3.5,1129562800
188095,2762,3.5,1156159520
183848,345,4.0,1099357139
105420,2706,5.0,1019054167
149236,589,1.0,1115115080
174689,2542,4.5,1588972590
108381,1616,3.0,1397963761
154367,3793,4.0,1322063109
116907,3994,4.0,1047062129
43445,8961,4.0,1215657230
117329,539,5.0,838066189
145717,226202,3.0,1632072361
37814,1080,5.0,1610122847
97557,1408,4.5,1487473907
70668,93510,5.0,1570947699
51283,1090,3.5,1284674405
121502,235,4.0,842620187
10454,2455,3.0,940440463
97372,5612,3.0,1273552577
152437,71535,4.5,1447013301
187412,367,3.0,1191448345
5431,1573,3.0,945125603
191632,2968,2.0,972142824
132488,380,4.5,1156572941
13883,2067,4.0,1046430936
99277,4291,1.0,1017815827
174246,555,3.0,1141344256
81466,79006,4.0,1289422242
135159,344,3.0,1162275782
122558,475,4.0,942753114
195810,3551,4.0,1225324831
875,108932,4.0,1464968056
136244,31410,5.0,1378250905
182689,588,5.0,1181595715
2725,79132,4.5,1325597038
44315,26350,4.5,1148106918
125029,68157,4.0,1451764871
100135,2539,3.0,1111618986
151559,2268,4.5,1213820905
193465,3418,2.0,965504456
7536,204698,4.0,1608039719
64957,90866,4.5,1618235064
91422,48394,4.0,1227116331
169524,106062,3.5,1577079699
41484,474,3.5,1124343614
26776,31221,3.5,1117837219
5844,1387,4.0,998253320
87686,4306,4.0,1686767443
86745,8861,3.0,1107818234
46370,4246,3.0,1432080618
27918,3633,4.0,1038218032
76073,3623,3.5,1504394493
137756,2872,4.0,957905706
199034,1091,3.0,1244937963
162562,4034,3.5,1139534493
153210,54001,5.0,1287528957
130197,2617,3.5,1335558888
38816,49822,3.5,1239246513
85254,103042,5.0,1446575185
151563,3300,3.0,976393997
180660,1678,5.0,901670157
104760,31547,3.5,1470490392
53388,52644,3.5,1405209637
96058,65261,3.5,1457460148
32728,170875,3.0,1584104911
13728,48780,3.0,1449760059
158133,1917,5.0,1006299493
33157,5349,3.0,1072561727
150464,86833,4.0,1564373325
189059,70,3.5,1162074070
102956,861,3.0,962686995
161469,36509,3.0,1196530716
79027,4405,4.0,1619802399
35628,2403,3.0,1006478897
30103,91529,4.0,1351453167
9223,457,4.5,1173950937
155633,1124,4.0,882597403
141180,737,3.0,946868154
16829,5010,3.0,1028662326
111942,63876,4.0,1357146470
86525,42738,4.0,1677762857
54640,5171,2.0,1242831602
80593,647,3.0,944925107
50335,3179,3.5,1062795036
168130,172,1.0,1530962112
68863,1240,4.0,1282130153
179791,4226,4.0,1607856270
848,7438,5.0,1541221040
106732,85414,3.5,1522151844
120063,64034,4.0,1504836372
133803,159451,3.5,1570804433
131947,6565,4.0,1424645541
4351,592,4.0,1180638181
136231,7451,3.5,1410674105
106613,138036,2.5,1546035444
41779,123312,2.5,1597912375
153009,356,5.0,837091797
17426,1732,3.0,1037644339
38001,88405,3.5,1448926202
6351,2581,3.0,1042827659
90575,68319,5.0,1415053363
162284,1917,0.5,1112471815
19818,6430,2.0,1170534809
79767,8810,4.0,1111715781
195949,58559,5.0,1555960378
163147,27879,4.0,1587419838
146219,1023,3.0,1150211675
76635,96079,3.5,1466816005
159663,170939,3.5,1504489632
200906,69844,3.5,1454650684
26659,1693,3.5,1660101657
189992,79132,4.0,1633140017
55652,198,3.0,945670117
189726,51662,2.0,1228388690
45251,5952,4.5,1538036298
199591,1379,3.0,944179881
114794,1967,4.0,1419263313
60802,357,5.0,1019424549
152929,1997,4.5,1114388603
5398,64983,4.5,1507556257
196341,126,3.0,865533879
199827,1089,5.0,1586096208
57913,96829,4.0,1645609446
32025,65601,1.5,1565900717
179627,111,3.0,1451335809
133223,3552,4.0,1031880443
165098,539,4.0,1382533377
86560,69757,4.5,1302076214
94056,91658,4.0,1620554502
4238,4214,4.0,1007827887
157589,608,4.5,1073261065
167096,1259,4.0,1010600806
55002,5899,3.5,1072985541
116458,142997,3.0,1644216843
181939,4351,4.0,994661098
72341,3717,4.0,1254460108
25975,98585,4.0,1398531412
85271,6296,5.0,1059178364
107544,3869,1.0,1586199676
113392,103042,2.0,1600107649
37677,140279,1.0,1544724505
100574,4033,4.0,1012292677
69292,276,1.5,1085692305
82105,5989,4.0,1093624937
162196,194448,3.5,1567325832
15891,7153,4.0,1416871537
108917,8368,4.0,1138757459
21300,377,4.0,954174180
142453,91542,5.0,1529659691
66174,1965,3.0,1351985745
129701,8360,3.0,1225248923
141165,10,4.0,840826002
184437,521,2.0,838716625
172848,71745,3.5,1467864371
70213,2193,4.0,997763580
86135,3844,4.5,1144004730
104746,81537,4.5,1447361289
38927,288,5.0,847210293
117832,2090,4.0,1465660205
129698,955,4.5,1054747075
86167,180,3.5,1175649435
183811,7090,5.0,1447809055
90644,256,3.0,832679151
197266,502,2.0,835958909
179358,156561,3.5,1460154175
10277,1917,4.5,1427411643
61163,613,4.0,941460968
190857,1461,1.0,1655146918
61282,2762,4.5,1496986205
99084,197651,3.0,1683547097
154107,1022,3.5,1089448069
74520,8373,3.5,1437662793
199153,1258,4.0,996092787
117040,5502,3.5,1614299904
46484,172,2.0,1118216105
172527,3219,3.0,1360025515
109390,2640,0.5,1071274121
178171,3061,3.0,976730277
83425,102160,3.0,1471036768
52786,164179,4.0,1479064795
123937,111362,4.0,1427599373
27421,3238,2.0,986009117
96851,4262,3.0,1000808016
10844,60293,3.5,1557749477
28430,924,3.5,1273560933
102509,1011,4.0,979943630
69334,1256,5.0,950679439
140622,8783,3.5,1558885751
178143,367,2.5,1164236129
195020,80906,5.0,1332291842
173291,2571,4.5,1613622471
199582,150,5.0,829661714
66773,248,2.5,1089785228
35864,1769,3.0,944908162
115396,1307,4.0,1406043557
36268,1020,5.0,1331437135
119066,2132,4.0,952641056
42905,2580,5.0,954394571
98634,2329,3.0,993932054
77671,3301,2.0,969245585
34775,357,3.0,837784042
123049,104283,3.5,1551804263
133883,799,3.0,859711042
179747,1210,5.0,866742244
150617,2161,3.5,1304439288
159457,1513,3.5,1517802661
138362,431,3.0,839005796
199942,21,4.0,980038258
66577,8376,3.5,1465740435
116415,72131,3.5,1270770574
51034,69253,2.5,1455692937
88809,4153,4.5,1676234358
59580,4927,5.0,1026766717
8194,3300,1.0,1137172654
67382,53125,4.5,1507840028
152578,1127,5.0,944941481
39871,1920,3.0,1132435139
77991,1230,3.0,852748865
75205,1380,3.0,1108401000
160482,107406,4.0,1482963211
82820,227839,4.0,1644592298
78375,59810,4.0,1227401096
155305,281,3.0,831558697
153335,4876,2.5,1520628560
76907,109487,5.0,1665163315
138406,188307,4.0,1532867727
154324,3490,2.0,1149697656
84248,89745,5.0,1534035322
167291,382,3.0,945055385
156654,71264,3.5,1455402995
168912,122882,3.0,1433646548
155791,63859,2.5,1295910117
47439,274053,4.5,1684003740
153445,1262,4.0,1145483451
87324,1834,3.5,1672171645
105746,164983,3.5,1485753452
86326,59784,4.5,1251491565
6310,40414,2.5,1615921979
31571,55118,4.0,1204116768
163189,4259,3.0,1016170821
140676,355,3.0,833400701
122544,200332,3.5,1560239380
190394,242774,3.0,1630066271
77267,3499,4.0,1107142022
21486,185,3.0,1118473051
96914,3105,3.5,1229036765
71078,82196,0.5,1486708865
165423,1246,5.0,1529085997
75772,91488,4.5,1559255511
112812,63082,4.5,1611211090
112387,377,4.0,1168807377
172035,76093,4.0,1424657441
189614,260,5.0,1097682792
177632,7056,3.5,1165613044
140208,589,4.0,1296276198
57660,80860,3.0,1443132474
99877,73808,5.0,1495805912
22065,368,2.0,1054230244
136542,1387,4.5,1334123439
170230,908,4.0,1328407439
108528,114662,0.5,1556319874
27993,152970,4.0,1585077393
133190,2672,5.0,1643313867
79928,1221,5.0,1019444382
121267,1641,5.0,942857472
15599,1276,3.5,1159567349
107605,96606,4.5,1598115489
165050,31685,5.0,1226514676
137316,10,4.0,953265564
199935,275,3.0,845848510
78024,6539,4.0,1153349460
29030,47566,3.0,1501959055
91833,53125,5.0,1247359906
149796,50804,3.5,1533760546
46988,180,4.0,1362688275
105416,593,5.0,979409429
135081,1246,2.0,1254001341
36277,26242,3.5,1139695223
46997,93838,3.5,1653573095
173908,135887,4.5,1448900800
34024,1287,4.0,1290624318
119350,86880,2.5,1486056313
48861,969,5.0,1000254042
196663,413,1.0,1008618654
35680,54503,2.0,1511187620
24120,2329,4.5,1445806850
71851,33237,3.5,1451747102
71924,1976,3.0,975393355
80706,1259,5.0,850736654
153436,162882,4.5,1483983704
110632,44665,3.0,1220753227
181335,92509,4.0,1434668750
39960,4306,5.0,1433976546
146034,661,3.0,1657415224
161847,780,3.5,1097703682
19135,8907,0.5,1231571662
168022,7451,4.0,1622856649
174071,103228,4.0,1490770486
136385,200838,1.0,1575297841
99559,47,4.5,1471384576
161759,1197,3.0,945201061
96573,8969,2.0,1146724927
189355,2321,3.5,1111695374
102250,2393,4.0,915184693
13127,58295,4.0,1342907899
182465,51077,3.5,1285270802
92291,245382,5.0,1680399568
191903,2338,3.0,1111521669
170531,58154,3.5,1439423260
106569,25993,2.0,1649121570
97309,1230,4.5,1618982179
110183,72998,1.5,1430499951
98619,4262,3.5,1447594609
92003,593,4.0,858553388
60230,1704,4.0,1140200047
74465,1,5.0,1529664106
64042,1100,1.0,848944785
88644,2485,2.0,1182901342
71077,589,4.0,1145993149
50643,2133,5.0,982467587
106968,5876,3.0,1053718354
112456,933,4.0,1090339285
109053,6539,2.5,1253276400
34500,61350,1.0,1437932232
18566,5349,4.0,1673883859
66832,3161,2.5,1266337003
30242,47,4.0,1603024775
171631,2683,3.0,999980708
81135,440,3.0,938952950
143013,1393,3.0,978046970
105134,3147,4.0,1119329954
167277,8368,4.0,1113929315
63475,1377,1.0,1003788421
192291,1961,3.5,1114740942
23635,457,4.0,1305063344
199241,1035,5.0,1623994433
165509,1704,5.0,1589678577
182165,54785,0.5,1530894642
195028,4734,3.5,1231425725
47682,227,3.0,835927668
186085,3964,3.0,1446841728
12874,106782,4.0,1608622344
185156,30707,4.0,1503728441
178150,882,3.0,863073699
30977,6,2.5,1090268818
108780,2571,5.0,945998165
142077,7445,4.5,1234732090
95948,3175,4.0,1039405841
33467,6377,3.5,1570864586
180749,53121,3.5,1197871485
176541,39,4.0,838302172
101607,110102,4.5,1411289574
109044,30825,0.5,1298338272
170981,1387,5.0,1429195053
171642,1021,2.5,1077731833
15490,1923,5.0,965343473
195228,104,3.5,1580535710
48618,6157,0.5,1634635672
198110,480,5.0,845614565
176190,90719,2.0,1436520698
162854,4602,2.5,1062711563
31201,4956,5.0,1007400306
188858,919,4.0,1651459478
140265,88911,3.0,1620168565
174264,1101,3.0,957544911
3041,6,4.0,1505693807
56561,1911,3.0,1017466549
16233,4611,3.0,1221481274
152784,4980,4.0,1218858013
61556,5377,4.0,1534967486
89516,2605,3.5,1493069174
28284,2716,2.5,1195481481
26664,77780,2.0,1279549597
186238,8807,3.5,1481358677
45935,2396,5.0,938932830
84100,318,5.0,1595538068
122195,1967,4.0,1326167865
64121,60069,5.0,1667911378
64425,1179,4.0,1000968630
149045,1396,3.0,856693426
158265,534,4.0,939133134
158090,68554,3.0,1352562851
196721,4398,3.0,1049403809
124908,344,2.0,845170607
173270,167832,5.0,1531804264
136044,39231,1.0,1670724247
99033,7444,2.5,1535420746
109527,3108,4.5,1349387595
178504,2570,4.0,945378441
186622,111759,3.5,1457202694
114258,75813,5.0,1273642492
29187,10,2.5,1274549018
59862,296,5.0,841349858
162342,1370,2.0,1005263703
61962,926,5.0,945334011
110129,25764,4.5,1494690677
78842,94262,3.0,1679144642
186703,51540,3.0,1563978901
192480,2815,2.0,948574534
92963,156944,5.0,1530562724
190036,42723,1.5,1481773769
12806,6936,4.0,1695709371
102417,6934,2.0,1157351009
32831,22,2.5,1104536003
71771,94677,3.5,1631349630
61482,1025,5.0,910971447
97693,420,3.0,842868225
105559,68157,2.5,1522939351
68320,410,3.0,846925343
38096,4718,1.0,1454262549
175097,6539,3.5,1173233452
183224,3701,3.0,975229634
47677,7153,5.0,1504614500
91312,1732,2.0,1076368938
151615,5989,4.0,1103645613
122701,96610,3.5,1492555251
130272,261,3.5,1194382688
66851,610,4.0,954591485
117280,2706,4.0,1044443547
6042,288,2.5,1093623936
146500,49530,3.5,1476370881
4202,1200,4.0,963297661
150117,1288,5.0,1039355184
149115,7438,4.0,1167945229
153506,1690,3.0,1101139948
137040,25,5.0,1465664060
145602,81845,5.0,1504482464
23998,61160,3.0,1245533058
38136,2505,1.0,944909507
76585,1,2.0,1212356794
126251,4723,2.0,1020004585
84706,858,4.0,1390181210
66385,7361,4.0,1610047299
17291,1873,4.0,1080675636
140012,45447,2.5,1601193464
144023,5152,1.5,1607831386
42756,93443,3.5,1342109712
86875,96610,3.5,1436485974
185432,1611,3.0,940268761
114460,275,3.0,834999034
113320,95441,2.0,1495387443
97685,25771,3.0,1331978721
197439,224280,5.0,1637261082
51271,1367,2.5,1152580306
13636,1223,2.5,1310927297
49275,1393,2.5,1616565011
77557,383,2.0,941404768
200370,5380,4.0,1601906097
173756,191351,3.0,1585387587
1916,93510,2.5,1575950158
126049,1485,4.0,944949699
30495,4887,3.0,1574837345
117696,2959,5.0,1188985427
101466,1385,3.0,1187567786
12755,161954,3.5,1504400796
62416,85342,4.5,1519266133
37228,500,3.0,1154347015
133321,2997,4.0,1043514397
194213,1515,3.0,949892644
6422,4388,1.0,1219706209
107078,5152,3.5,1521089252
48369,56367,3.0,1590256033
61354,152081,3.0,1682366959
118083,3578,5.0,1425620788
184349,1999,4.0,965284612
3414,56775,4.0,1378676409
129104,3362,4.0,1108145038
75232,168250,4.0,1568457787
4161,3702,3.5,1534642924
44750,6502,4.0,1179721010
187792,553,4.5,1077245303
97143,64614,3.5,1247278578
85911,587,1.5,1131142400
29966,69757,4.5,1467928328
171847,8874,5.0,1538508294
120887,5379,3.5,1055821092
158284,37729,4.5,1626291794
182278,84152,4.0,1607004800
35188,2407,3.0,982296559
54779,160563,3.0,1586050021
94828,2688,3.5,1231581446
12970,76173,4.0,1529956033
72590,2379,3.0,1581819671
55473,205917,3.5,1654831896
152433,2683,4.5,1674005905
172653,2028,3.5,1078512553
67807,4367,3.0,1554237693
4949,6377,4.0,1186771300
198783,1213,3.5,1613232181
95096,33834,3.5,1575772064
17021,7458,3.0,1488243328
70708,103249,3.5,1607862213
121356,76093,4.5,1310858937
74666,33794,3.0,1540244810
174158,1645,2.0,1028944835
174091,2644,4.0,1043511959
156547,98961,4.0,1693107025
35252,65,2.0,941535469
69815,42011,2.5,1198090369
32466,91128,4.0,1337018179
99743,198,4.0,1287368218
31549,1674,5.0,1354913804
64769,82463,4.0,1315783060
83894,54256,4.5,1197097369
125441,2052,2.0,1225246430
109068,1196,1.5,1515183654
132699,4262,4.5,1162216821
168523,1580,3.5,1465250945
111914,778,2.0,951841517
64766,35836,3.0,1551452491
168727,2016,4.0,974414618
31883,809,4.0,863589417
105625,6365,3.0,1459180628
131704,206857,4.0,1660619750
175215,112175,4.0,1690072524
27408,6942,4.0,1444572074
48216,1732,5.0,1608057661
41466,464,4.0,993408326
132768,116823,5.0,1472501393
40755,2140,4.0,1225252497
140670,509,3.0,956613172
122430,177765,4.5,1607555736
165914,783,4.0,860793491
151454,35836,5.0,1466426673
188194,6537,3.0,1591649423
78198,2690,5.0,978396028
113006,1225,4.5,1378641952
135423,1644,1.5,1378434240
6428,3253,4.5,1111611420
44844,274053,5.0,1660325520
188935,2067,4.5,1111689420
68125,253,3.0,993087932
81358,3632,2.5,1412199334
56639,2791,4.0,1485984053
126878,1921,4.0,942675016
148085,4914,4.5,1341490665
118212,3948,3.5,1460147938
30744,112552,4.5,1679487854
69371,3507,5.0,1006873075
146748,69844,4.0,1662404896
66773,1873,3.0,938877979
108099,296,5.0,1427917804
66641,5378,4.5,1408302164
75804,59784,3.5,1500418347
22392,2942,3.0,1039132117
149504,6746,0.5,1167914015
119042,1965,2.0,944968889
95636,137857,3.0,1536827200
145122,1967,4.0,1520168635
190565,1193,4.0,955555871
62579,125916,1.0,1449446121
81626,3476,3.5,1135385695
191594,106072,3.5,1452628018
178578,3256,2.5,1203801482
123415,589,4.0,844517733
21870,1230,5.0,956418904
71260,924,5.0,1306725875
59190,7153,5.0,1590279558
32741,29,5.0,867772019
22292,1517,4.0,943883751
152758,1237,4.0,975698110
164691,1586,1.0,941288987
73761,70286,2.5,1570116106
77268,55820,4.5,1613239962
139415,1023,4.5,1569705772
139550,173,2.5,1439678025
196755,2160,4.0,1222208681
185037,2353,3.5,1136413409
38631,225173,3.5,1662045489
72818,1012,3.0,874497794
49970,6874,3.5,1412199423
22917,6428,3.5,1056925134
109515,122904,4.0,1660059045
197358,36529,4.0,1442078261
125654,4447,3.0,1308035236
162988,593,5.0,1522575067
4124,8798,4.5,1412784864
113528,3996,3.5,1117310345
133640,2005,3.5,1093037175
4825,4306,4.5,1124224607
72962,6874,4.5,1438838188
127105,7293,3.5,1173172046
94031,165,2.0,1182522926
129441,5735,2.0,1658283065
125165,47610,2.5,1594756658
81249,223876,2.5,1684506768
87367,1083,3.0,844768314
184973,5364,3.5,1695340660
169856,62437,3.0,1257984890
132837,135518,4.0,1631121929
119598,88163,4.5,1617872353
181243,4128,2.5,1104017524
82775,7178,3.0,1113026702
18812,7347,3.0,1445104289
148182,4495,4.0,996811907
86357,2762,5.0,1147172547
100993,1216,4.0,942821873
129990,1248,5.0,961079003
185924,3285,2.0,993671646
172803,588,4.0,975949095
50597,66097,4.5,1352794316
53348,135143,3.5,1598484293
58063,902,4.0,1335607564
199546,720,3.0,1155005523
30481,7444,3.0,1132603632
165418,66097,3.0,1449327424
86889,33861,4.0,1501465853
150549,904,4.5,1337429611
134394,104457,2.0,1629084811
174046,212587,1.0,1593699942
155459,4720,5.0,1396195176
195748,3897,2.0,1603664194
152508,55257,3.0,1241343648
57895,3793,3.0,1112395060
38922,8493,3.5,1139944616
117912,471,2.5,1091841363
26862,85881,4.0,1540509846
200578,39292,3.5,1326447687
48966,47099,3.5,1485550841
174699,4226,3.0,1009729458
111073,66203,4.5,1604436357
5812,2985,3.5,1067551241
185833,1939,4.0,945148981
159740,91535,5.0,1544462580
169476,2329,3.0,1146357815
32410,356,3.0,1162246948
128465,7149,3.5,1209299896
175325,83468,2.0,1465648879
185684,1213,4.5,1093148406
134536,92259,2.0,1493488945
133308,102125,4.0,1608979014
65366,103249,3.0,1456416939
176064,5218,4.0,1458550951
167292,616,3.0,1286326772
156453,1580,4.5,1543443545
107372,3863,2.5,1182015581
37228,3994,3.5,1153919715
105159,7147,4.5,1221599904
33552,68157,2.0,1605556462
45298,662,3.0,845720086
9558,805,4.0,1629374227
70429,3742,4.5,1218235242
60001,2989,4.0,1101497847
107299,6947,2.0,1208002459
52352,316,2.5,1108216473
80449,3075,3.5,1672680151
125375,5872,3.0,1436511526
188303,6502,4.0,1235004649
18081,361,1.0,1132877228
148399,49284,3.5,1199719014
119757,91542,5.0,1448895324
157779,48394,4.5,1453429517
20511,4446,2.5,1111556256
150253,2841,4.5,1147737271
35924,4190,4.0,984438731
131527,79132,4.0,1682750912
146146,2195,3.0,975400133
31159,289033,2.5,1690306118
68660,115122,3.0,1491972324
69896,150,3.0,1236553351
175742,1408,5.0,1343597705
92134,5478,3.0,1687490136
107429,5944,3.0,1171659541
107482,1208,3.0,1416845110
104620,2908,3.0,1152902471
89622,5349,4.0,1426525159
185746,1824,2.0,937999661
135259,3477,3.0,1364619631
46048,1240,4.0,957901523
57471,4246,2.5,1169947753
145384,1721,4.0,1015086380
29543,6534,3.0,1496335340
46700,317,4.5,1553562537
66317,589,3.5,1068075637
155701,226580,3.0,1665513669
123465,6433,5.0,1290918901
32623,1286,4.0,958691058
84196,2054,2.5,1112155595
81014,926,5.0,1025962450
57161,1945,4.5,1059813088
119866,2122,3.0,1494873356
57618,32,4.5,1568118142
165417,553,3.0,1036089392
22310,1544,3.0,942148857
114593,260,5.0,862638660
80563,5882,3.5,1552516154
54088,1214,5.0,958272296
184200,1997,4.0,1085876734
68364,435,3.5,1448399086
21424,69844,4.0,1466237377
22199,3253,4.0,1083180495
142837,39,3.5,1551452393
56270,2019,5.0,1293619684
137029,6874,4.5,1180819388
149932,71057,2.5,1571235807
9098,3911,3.0,993759468
44508,5577,4.0,1033430953
79923,5219,1.0,1063655992
61965,244178,4.5,1655004334
142119,2605,4.0,951825216
131921,8970,4.0,1215943211
56961,60040,3.5,1455590569
195030,5620,2.0,1187660595
24720,89,2.5,1088799648
119084,2288,1.0,946776038
111103,500,4.0,844628476
90361,457,5.0,943258113
117710,192389,0.5,1564884661
47405,89260,4.0,1458050548
162442,2951,4.0,1076991777
183773,32587,5.0,1210397595
517,1198,3.0,1038138039
174775,21,3.0,975650112
43326,2001,4.0,1094138222
163123,1259,4.0,1486875047
106617,58559,0.5,1447511387
139790,33660,5.0,1335241983
157470,111,4.5,1443900660
121810,481,3.0,1020052582
143019,253,3.5,1101423956
94185,1092,5.0,994170138
78037,858,5.0,1668882772
60131,277856,2.5,1684633863
181273,1356,5.0,972059033
148125,3591,2.0,975523065
167682,1,3.0,1452305764
7961,2248,4.0,963734221
85103,249316,4.5,1640385611
154741,3399,3.0,1107146779
200606,119145,4.5,1626052650
13643,37380,2.5,1173019173
24884,366,4.0,1522184478
155086,6485,0.5,1158071785
116739,221576,3.0,1602190822
20239,1777,4.0,1120284627
16060,2313,4.0,1008897514
59419,214242,3.0,1635985174
186734,5349,1.5,1171986976
176125,908,4.0,1074456681
43197,6296,4.5,1118944805
115894,923,3.0,1131063096
21681,4447,4.0,1038949508
98436,160,3.0,834745198
48931,52435,3.5,1688210954
157957,2053,3.0,944956441
197249,5254,4.5,1510011166
17376,1377,1.0,1019843680
3935,47894,3.0,1450836505
58534,2513,1.0,1191328904
89841,60069,3.5,1597181372
173873,480,4.0,980719680
145706,1232,5.0,1351116049
185543,720,1.0,1157874770
83357,2324,5.0,1095899577
38896,1343,3.0,1453560901
150979,122904,4.0,1525815171
145379,1588,3.5,1313035172
38396,2398,3.0,1553920577
21153,1391,4.0,1177422686
198515,26247,2.5,1236661022
139084,136712,2.5,1641385768
153404,2662,3.0,1275196761
73774,2915,4.0,997417531
178979,2268,3.0,939029223
53406,7438,2.0,1613218235
143978,1253,3.0,957489710
26486,952,4.0,941547011
2806,54995,4.0,1201511068
129818,2863,3.0,984751597
195599,86882,3.5,1440065234
171598,8665,4.0,1284927993
175830,2393,0.5,1437946732
21088,130988,2.5,1480628512
96620,253,4.0,843733889
189042,44191,5.0,1522200353
162487,1100,3.5,1061680401
39511,5480,1.0,1327091723
7603,122918,5.0,1534194089
182521,60040,2.0,1444769052
110322,1408,1.5,1260241756
187256,2011,3.0,1111543330
148411,59103,3.5,1508878390
200283,296,4.0,1510071439
12675,66934,3.5,1499740379
150917,3019,3.0,997938954
79041,4533,4.0,1338948919
155086,4990,0.5,1165491965
101499,71282,4.0,1257458203
73067,1552,1.5,1507999455
69660,53125,4.0,1478713180
93219,58559,4.0,1599094640
168522,32,3.0,851179056
166551,39292,4.5,1285564022
29588,2329,4.5,1466964764
165314,2006,3.0,938862670
167779,1679,2.0,1055962412
87392,111781,3.5,1507768323
186419,2554,2.0,945090559
137990,218,5.0,965238244
48484,4370,1.5,1077665629
75323,4036,4.0,1040963750
131769,606,1.0,839149255
150892,16,4.5,1545188955
125148,2094,2.0,965917768
67666,6378,4.5,1488457566
183629,2174,4.0,1079718819
58765,236,4.0,847061675
193260,45899,3.5,1457351774
41012,434,4.0,850301467
61233,35836,5.0,1208438076
59633,4022,4.0,1109713758
184459,50514,3.0,1433584866
148706,296,4.0,840556399
186474,1042,5.0,1446177201
7664,133645,4.5,1553589515
193264,932,3.0,1036348179
20312,4553,3.5,1615060487
74243,3253,2.0,1046466619
9887,366,2.0,900689587
175325,105439,3.0,1570182700
169502,1172,4.0,909426576
199755,1089,4.0,1113092923
44997,1961,4.5,1221158326
196777,32587,4.0,1354458546
124054,4643,2.0,1287311976
160540,6440,4.0,1611461701
47711,7361,3.5,1136927825
80248,343,4.0,840972524
12763,115210,3.0,1624213089
175196,2359,3.0,992986491
32090,2788,2.0,1225239310
164722,45950,5.0,1155305904
192124,60756,3.0,1592688393
134954,595,5.0,1020816809
99595,2916,4.0,974593976
195327,260,4.0,1120660650
168281,1681,4.0,1545995837
146599,551,2.0,1672132550
49146,858,4.0,955065168
7150,441,5.0,1405128629
25267,4218,4.0,1014242966
97795,3543,4.0,965311792
46035,2858,3.5,1054507849
56193,4886,5.0,1090256741
29768,2042,4.0,941983914
112632,6095,5.0,1046858890
31104,4973,5.0,1437415714
7137,2124,4.0,1182759537
169205,1293,4.0,1282859651
16500,1079,4.0,1133145965
154448,2193,4.0,1102203023
18445,589,5.0,847079387
161363,2253,3.5,1069723407
183978,88812,4.0,1546147226
54030,6440,3.5,1188729770
12653,51540,4.0,1522491626
61273,784,3.5,1534239451
108030,173,3.0,1499124414
152329,4034,5.0,1004364072
196668,51935,3.0,1582346430
96561,5400,4.0,1537632306
283,10,3.0,996893194
54085,6936,4.0,1693877048
173008,858,3.0,1575782434
17614,1090,4.5,1595566730
151962,110,3.0,846811087
50066,6,4.0,838709159
79307,95167,3.5,1590941876
25963,91529,4.0,1561564787
179062,2248,5.0,946670720
26625,74789,3.5,1420273686
1971,3032,3.0,945810039
163664,2688,5.0,1049745170
184012,2005,4.0,1622871522
37805,48394,4.0,1235017035
45202,158,4.0,836659658
177440,126072,3.5,1491070917
88190,4912,3.5,1055107748
76908,1366,4.0,966836832
92060,7361,5.0,1613511577
3789,1221,4.0,860229344
21810,5617,5.0,1420627670
87016,4327,4.0,1017378317
90555,898,4.0,944940687
181654,47629,4.5,1201799249
117378,1258,4.5,1499866434
25078,2683,4.0,1252253468
54505,2413,2.0,943233068
70126,733,3.0,978876979
63675,5377,3.0,1240021202
130814,1270,2.0,1651109131
118874,3623,4.0,1067566030
66905,106920,5.0,1611427714
86597,1617,4.0,879945412
46759,4022,3.5,1493947282
164425,5418,5.0,1524350452
194477,30810,3.5,1250702715
116703,1179,3.0,1039369282
120008,2450,1.0,965000329
154386,2628,3.5,1300873835
168281,56174,3.0,1546375944
60649,6934,3.5,1615496700
181856,1704,4.5,1686237521
22223,2918,3.0,1173738262
185794,69644,4.0,1246983096
34880,4507,0.5,1489822188
117444,3743,4.0,975946539
200225,153,5.0,841735236
32372,48774,5.0,1245001484
122531,51540,5.0,1436233749
15976,2174,3.5,1111743421
66963,32,4.5,1577407662
96801,247,4.0,832807575
70993,120799,3.0,1588256937
28119,1204,4.0,971766677
25858,6377,3.5,1153374119
59381,288,2.0,874514761
7928,21,3.5,1214084417
189664,370,3.0,1584298398
62773,1278,2.0,879647714
121783,2395,3.5,1517718348
196820,426,1.0,1152990419
73460,7669,4.0,1300935619
185617,106696,5.0,1529104261
144923,135887,2.5,1612216932
159719,34048,1.0,1433706951
79615,130452,2.0,1503470257
42318,608,3.0,860258953
169455,142222,3.5,1524134377
177580,1221,5.0,1439776400
46306,122892,4.0,1447546560
1161,117533,5.0,1618318905
94796,2017,4.0,1108785977
105666,4993,5.0,1481066383
135596,2502,4.0,1485997344
180752,1590,2.5,1262490148
171634,2712,3.0,1360330488
21422,1923,4.0,1462312983
191633,1923,5.0,1006315000
82001,520,3.0,857480649
96442,208,5.0,829758689
126414,5989,4.0,1679329811
184932,18,2.0,1085707436
174649,3742,3.5,1265933523
29457,923,5.0,1112839952
40960,2542,4.5,1057952118
108259,4226,4.0,1590812351
68129,4367,3.0,1146048484
110853,2918,4.0,1135214786
105125,56003,3.5,1480105206
20393,59315,1.0,1589745857
62371,254726,5.0,1651536732
52466,93510,4.5,1446583196
67762,500,3.0,1093890279
197138,3298,5.0,1547790729
168394,80463,4.5,1286757227
155707,3396,4.0,974171411
63250,3784,1.5,1499019771
148000,2405,3.0,965437267
128577,216,3.0,1126063347
110368,2599,3.0,1135886061
16182,318,4.0,841773496
73305,47099,5.0,1538761017
153191,2691,3.0,945003055
111942,48082,1.5,1357150191
53444,40,4.0,1183257956
179650,56788,4.0,1443216715
150556,65642,5.0,1546320240
10859,246,3.0,867170416
110649,6218,2.5,1648458296
140135,2019,5.0,945191206
104544,7319,1.5,1445030760
169125,95,3.0,854030254
117157,49530,5.0,1235679223
79650,1265,5.0,958060082
8962,902,3.0,1273699073
200939,508,3.0,834437867
188121,33794,3.0,1441523960
62485,122892,3.5,1517337637
188831,1210,4.0,1570033231
68558,71156,4.0,1546843226
199591,3999,3.0,994554302
151130,7153,4.0,1137597132
78186,112171,5.0,1481484315
152048,2059,2.0,1619740167
68256,1206,4.0,1559067378
105003,161,4.0,865853532
55859,909,4.0,953691111
77918,53000,3.5,1524928074
5924,2,3.0,1521138152
79107,1834,3.5,1587120552
105696,52604,4.0,1478145582
123533,1676,4.5,1637880267
159325,296,0.5,1260789784
17930,7022,2.0,1201783685
105611,2518,2.0,940293650
198922,110,5.0,1015442643
167686,2053,1.0,978646583
51331,6537,5.0,1536746241
16532,2766,3.0,968460857
38718,45,4.0,1454752408
93147,165,5.0,838548644
102089,59900,2.0,1588487745
62793,7293,2.5,1436627818
12299,93840,4.5,1432712547
139016,5991,3.5,1163031293
182249,1608,5.0,974229134
3699,1230,4.0,945013822
57076,222,2.0,834939388
28936,54736,4.0,1203110482
32079,3578,4.5,1681159804
156086,74851,2.0,1486565306
174120,1484,4.0,1142912077
198618,51255,5.0,1680113924
50889,3868,4.0,1357432625
195529,2378,2.0,1081881829
12084,1220,4.5,1240542381
169086,2729,4.0,1546781215
152184,104841,2.5,1590729176
368,4903,3.5,1105409023
199687,57669,3.5,1446775944
188902,2355,4.0,974746768
47692,2028,3.5,1164345139
134903,3196,4.0,1078149934
12802,2727,3.5,1325156514
112469,5377,5.0,1301278406
7512,2716,4.0,965826801
156882,115122,2.0,1571941783
133132,4995,5.0,1596700822
34123,2717,3.5,1105254879
35872,1161,5.0,1420234194
83346,3157,3.0,1564993726
100643,8956,5.0,1191242468
67909,134130,4.5,1505274155
108163,3882,2.0,1416683117
199718,127390,4.0,1514969196
136867,1293,4.5,1084989321
98549,6155,4.5,1112643513
13288,80590,4.0,1305692481
58769,55363,3.5,1265822231
113406,2146,1.0,939111607
128228,7791,3.0,1111763773
38537,268324,2.0,1641907968
185630,90647,3.5,1443013360
15958,4154,4.0,1027917356
15695,3994,4.5,1461787945
218,1234,3.5,1088259609
31451,1748,4.0,1480114221
25056,7103,1.0,1127069559
151127,223,4.0,975017194
168435,111251,3.0,1422713922
7277,52973,2.5,1549187138
18097,4993,3.5,1542663204
92680,5630,3.5,1459915355
5306,2028,4.0,999619759
2844,47629,4.0,1184607254
123111,6502,4.5,1267691420
77957,4002,4.0,1165669630
143838,55765,3.5,1225232673
82638,1453,4.5,1201557083
45200,183011,4.0,1549828126
53867,3198,4.5,1067434304
111675,122886,4.5,1469964091
67345,339,4.0,829136694
83272,2364,2.0,1064181648
95394,587,4.0,847985466
22544,541,4.0,1586888387
156057,5679,4.0,1690911373
48542,4151,4.0,1065670125
133567,293,4.0,1080762633
68465,1909,5.0,978475978
166373,55247,3.5,1436405800
69882,118696,3.0,1678265806
55946,2470,3.5,1074351420
198169,59784,2.5,1447467619
174239,78499,0.5,1460257939
16448,2373,2.0,1008082703
25544,3503,4.5,1553213408
60757,924,3.0,1314639157
144447,1653,4.5,1147201296
148046,67923,4.0,1355029818
146849,2571,5.0,1497035446
103060,3163,0.5,1143698471
25323,53996,3.5,1451238952
25847,42011,3.5,1372128124
5002,189363,3.0,1642725462
8812,2208,4.0,1435149618
129245,1923,3.5,1073717061
97274,5003,3.5,1094105283
138422,8340,4.0,1339046607
22355,2240,4.0,1018547751
18362,36,3.0,1292435794
163513,3452,2.5,1193046248
161445,6365,3.0,1228677775
54912,59315,0.5,1415890601
14483,5247,4.0,1049923052
190778,3852,4.0,1674085025
88528,1257,3.5,1129956505
62933,50,4.0,1434448304
12667,3996,3.0,1629011717
35271,36,3.0,852191838
79260,1198,4.0,1124942074
192620,46578,4.0,1478683351
25251,66371,3.5,1430904536
145521,318,4.0,1513523871
176,3505,4.0,1225230606
22443,187541,3.5,1680969540
66872,4005,5.0,981832844
38319,81784,3.0,1608151064
156266,2066,4.5,1202481158
158837,1212,4.5,1085019716
48963,2174,4.0,945661929
359,950,5.0,974767535
83735,89745,5.0,1338224022
119450,2490,3.0,952725531
153511,54001,3.5,1451961702
28229,173369,3.5,1543388172
23701,111,4.0,1234533601
174668,1380,3.5,1244436759
69741,5903,4.5,1130952995
196446,17,4.0,1078164986
69295,296,3.0,976234798
156878,527,5.0,1199306394
148074,45447,3.0,1443807167
10775,413,4.0,1307401158
45784,902,4.0,1581202796
1269,1208,3.0,1167304469
133514,4370,3.5,1083371790
186152,558,3.0,952479721
145503,2115,2.5,1283807460
137057,32,4.0,953622158
159714,1968,3.5,1147011738
38057,66203,1.5,1479153061
72302,8916,2.0,1214543781
142115,1193,4.0,1655940400
77275,4306,4.0,1054157093
164551,15,3.5,1435839288
116322,134130,3.5,1445674640
58902,858,4.5,1379199022
94434,1477,3.0,949132055
93595,3285,4.0,995414709
178156,33493,4.0,1269103695
157595,194,4.0,978123369
34371,33794,2.0,1172424915
138225,86880,3.0,1417708931
150545,1193,4.0,1281883550
170191,160,3.0,1257195253
185977,141866,4.0,1463368146
75180,1193,3.0,1449608828
10204,118896,4.0,1448214228
158279,46337,2.5,1169505407
20994,81804,4.0,1405230088
189322,91126,3.5,1497633218
89242,19,4.0,1500411121
96531,435,3.5,1081732646
167075,31,3.0,966575305
180076,4865,3.0,1578321535
73836,27469,3.5,1455972287
132642,177867,3.0,1521155523
126678,59220,2.5,1598942727
27333,117895,1.5,1468774069
164032,6874,3.5,1501347635
127641,4623,3.5,1115825484
60372,1213,3.0,1590131849
82623,32587,4.0,1234932761
194624,50,4.0,836553950
45196,6281,4.0,1452279605
190209,8610,4.0,1144204493
110864,1136,2.5,1448115783
180968,118930,4.0,1428512233
90247,1805,4.0,944156251
84253,1222,3.0,1679813888
66616,3717,4.0,1612733914
128321,349,4.0,1176329784
48270,2606,2.0,1043176477
11821,2288,4.0,1341108597
13497,13,3.0,838569652
66889,2409,4.0,1446626734
11745,27124,3.5,1281466913
83992,44972,0.5,1441399611
18766,8874,4.5,1444866909
103973,207313,4.0,1597849229
75109,455,3.0,837614168
24470,5816,3.5,1513838643
19217,130452,3.5,1638061539
194859,5378,3.5,1690911846
64701,7896,0.5,1131854544
138355,133645,4.0,1461456774
97212,25759,5.0,1226366090
138728,6793,4.0,1094918835
157580,2572,4.0,1459280073
6416,2762,4.0,1482771845
186955,265,5.0,940717755
78685,25738,3.0,1247862151
132856,7004,1.0,1106960937
126363,134853,5.0,1534287563
38847,861,5.0,962589029
37615,4878,5.0,1043725101
23783,76130,4.5,1580447308
127191,50872,4.0,1484112721
50947,106916,3.0,1445093230
177691,31696,4.5,1116129201
85529,64614,4.5,1521839255
184177,37741,3.5,1376714078
83341,1188,5.0,1031689690
171537,2716,4.0,945853677
147893,59485,3.5,1305091445
110047,2706,5.0,1493625376
54085,88129,4.0,1693876993
134287,1201,3.0,1112182570
91896,1196,5.0,1019599160
126452,112623,5.0,1445104205
9138,648,2.5,1460451915
45809,1086,4.0,1573253180
130743,527,4.0,1607198446
47771,2361,3.0,1620808751
186361,3204,4.0,968033229
153052,66097,3.5,1568789687
155985,6333,3.5,1113939997
181082,1699,3.0,898107442
160642,89470,2.0,1331297002
9454,377,2.5,1484619945
180647,7001,3.5,1581743750
30250,51931,3.0,1203068779
193398,114935,4.5,1654604545
190681,370,4.0,846165389
102006,86882,4.0,1530525143
56542,1917,5.0,901406541
63415,1136,4.5,1549680248
150580,350,5.0,865096971
93378,5810,3.5,1311462545
167470,3578,4.5,1554517269
69831,6887,4.5,1133149419
26661,2126,3.5,1169001515
81571,2028,4.0,1462504332
156708,5418,4.0,1328425290
71670,6711,1.0,1530189529
41531,8636,3.5,1380808108
90112,426,2.5,1058196275
35519,3068,4.5,1131351531
34822,1350,4.0,974677818
102250,685,3.0,894730692
138799,4561,3.0,1009973101
41135,930,4.5,1137599848
197654,3033,4.0,981146050
188000,1227,4.5,1225333551
39505,592,3.0,832542977
81890,170,5.0,832084130
72707,3176,4.0,993664072
24719,5902,4.0,1342076567
113687,253,4.0,832313523
109548,52458,3.0,1670172132
191232,1047,3.0,851289286
136378,1120,4.0,1193548135
40165,41566,4.0,1241289954
58869,2420,5.0,977210484
82327,1968,4.5,1104885566
71368,196891,3.0,1614225943
56349,1925,4.0,977534779
22103,6595,3.0,1117732675
34760,1077,3.0,903416373
194434,61323,4.5,1564951742
18064,6609,3.0,1275229927
163385,514,3.0,1017693187
140389,7725,0.5,1174046945
193118,72226,0.5,1601036784
54997,2710,1.0,1036315362
63009,3426,3.0,992887103
148924,4378,3.5,1064514801
11587,2391,3.0,952845657
109948,92259,4.0,1514507487
18709,4973,5.0,1647032769
173973,5945,4.0,1338656660
108578,2535,3.0,962913883
141550,1189,4.0,938653174
88328,317,3.0,944915890
121217,2571,3.5,1565361305
69806,4995,3.0,1473930156
35285,1183,5.0,869593550
17157,2329,3.5,1487870481
146213,48385,4.5,1175536945
199835,5712,3.0,1610757585
174226,59725,3.5,1590513097
42394,4092,3.0,1047162603
45017,2694,3.0,1046233328
117949,2997,2.0,1111130312
4006,3869,4.0,1320918659
162327,1214,4.0,1504124644
177213,1291,4.0,925207240
11058,104,4.0,1078162421
80512,8644,4.0,1112676833
54254,589,3.5,1365732349
32329,163645,4.0,1636116408
128831,8529,3.5,1230854945
141828,3916,4.0,1544592139
51049,68554,4.5,1451950864
111951,44555,4.5,1626985692
123714,1307,4.5,1097987595
45555,153,3.0,830978456
135697,30825,3.5,1123219959
181436,372,3.5,1465091509
93643,8014,4.5,1128348909
113497,6711,4.5,1535851318
192607,4161,3.0,1629674059
722,1206,3.0,1115863555
128,7617,2.5,1669607194
1273,1199,4.5,1228852746
42205,72998,4.0,1531068321
135029,5054,2.0,1010374183
40387,6296,4.0,1052603633
162198,122892,4.0,1463963360
43481,177615,5.0,1553944694
129926,1193,5.0,1041424375
128102,317,4.0,833870836
193935,1028,5.0,1138293094
107977,1246,5.0,1564167559
57304,99917,4.0,1573712269
193129,1097,3.0,1133202885
3826,923,4.5,1055482582
153014,1573,4.0,1079879540
132160,71379,4.0,1527761291
125054,2340,3.0,1378745270
144734,62,4.0,843334206
19387,97860,3.0,1376691361
143776,46976,3.5,1544849842
19015,5618,3.0,1535996981
192464,69951,4.0,1586705534
3271,4015,0.5,1613461616
89268,866,3.5,1248920091
15568,832,3.0,860522230
86837,2303,4.0,939459597
14642,2571,3.0,1548653711
195725,48774,3.5,1354734138
150055,7419,5.0,1199656458
199117,2139,4.0,1187642806
190507,1212,4.5,1610929736
136241,2628,2.0,971550471
25806,4975,1.5,1196189790
8400,381,2.0,949186310
165313,4011,4.0,1216067805
191219,8961,3.0,1507123872
191269,61123,4.0,1462753694
95366,3969,3.0,992989855
78016,1258,4.5,1137562165
13760,2617,4.0,1076974361
11376,122882,4.5,1470852213
92153,3149,3.0,1210614597
151257,1394,4.0,1008372824
91871,44199,4.5,1471861634
52951,2413,3.0,1042598074
67754,119145,5.0,1618406921
110919,1408,4.0,981258621
183519,152031,3.5,1454954778
132144,3409,2.0,1387204737
905,2567,3.0,1222644115
68883,6442,4.0,1205520472
124858,159717,3.0,1471120675
106660,4262,5.0,1071068287
152500,112,2.5,1075727695
58413,2109,4.0,1360218299
183771,2828,2.0,974775183
5222,69757,4.5,1349200977
159236,4310,3.5,1478694390
164508,1198,3.5,1491446481
175282,5782,4.5,1117167410
112278,165969,5.0,1665791490
26121,116797,5.0,1424288641
169270,56782,4.0,1439478180
188039,555,5.0,1357760163
118658,527,4.0,1198160003
158940,356,1.0,841221366
176026,92210,3.0,1682170146
134832,555,5.0,831346906
150390,1217,3.0,1206950158
159690,1378,2.5,1076096305
21656,2826,1.0,936021008
67136,74458,3.0,1292875364
148410,2641,4.0,974685631
15631,1730,5.0,1521334033
125267,41566,2.0,1169554853
37527,34,5.0,1068151986
149583,1588,2.0,968214130
104700,122918,4.5,1539098265
80207,4226,5.0,1568935537
133941,8528,2.5,1184942384
198632,940,4.0,976644598
22502,1644,2.0,987151117
108348,260,5.0,1668215897
200701,5459,3.5,1639164920
64318,1446,5.0,1068581543
130079,2427,3.0,956582107
126393,4367,1.5,1509109821
173299,594,4.0,1302665503
2327,179875,4.0,1678472941
8307,5573,1.5,1504238452
172009,48394,4.0,1456511762
128508,98243,3.5,1392927805
90735,6323,3.0,1453500408
118669,4020,4.0,980755494
90801,1278,3.0,1182378962
36694,1193,4.0,1673737023
124771,78893,2.0,1487609078
182091,260,4.0,1117697457
64300,1235,5.0,974735772
61776,50641,0.5,1666206852
41006,7235,2.0,1125743387
64743,3949,3.5,1144297026
32400,79357,3.5,1479857430
41219,72043,2.5,1394244324
70822,8665,4.0,1563393972
150276,3706,3.5,1098486547
106775,3471,5.0,979344831
110384,79132,4.0,1675015626
36605,2,3.0,835105358
190198,31685,3.5,1236378160
20057,34405,4.0,1612681777
104931,5218,4.5,1557114463
180707,2502,4.0,1357009472
58553,3697,3.5,1361482534
172698,61132,3.5,1537705326
116537,5608,4.5,1262143314
190043,1198,3.0,854017066
67505,882,3.0,854874041
172097,11,2.0,832972217
169783,2917,4.0,975401432
27411,53464,2.5,1237747066
7327,2571,3.5,1254295505
102201,8798,4.0,1135930837
125993,6,4.0,1442876653
70885,2250,3.0,964212599
195002,1214,5.0,1654372526
70788,2692,5.0,1388961753
96231,3740,4.5,1203628480
143892,1194,1.0,1351956913
131961,1240,4.0,996649166
37346,122904,3.5,1636906464
5665,3793,4.0,1043755951
153500,60074,3.0,1588528527
42283,2427,5.0,945557378
192028,68157,4.5,1338904592
110754,2232,4.5,1450453685
6051,1917,3.0,919425525
99064,69757,5.0,1431945913
155861,81932,4.5,1667954036
93946,172841,3.5,1643123299
184459,59103,3.0,1433584846
164967,7049,4.0,1077032332
83946,166635,3.5,1637973313
18982,111759,3.5,1632165062
57162,1590,2.0,1284950463
199516,2571,4.0,1592166829
182478,1288,4.0,1188426262
110182,225173,4.0,1632669060
117285,318,5.0,1603604116
200268,109487,3.5,1521832724
13288,1291,2.5,1305693453
53622,48,3.5,1537208666
56136,50,4.0,1544979655
132351,2778,3.0,1220165769
6459,588,4.0,834125781
153721,256,1.5,1290209858
70071,1307,4.0,1455983736
28583,116797,5.0,1479324650
96019,81845,1.5,1652203271
14823,458,3.0,953420175
130654,77240,2.0,1323383920
181974,3246,4.5,1297672602
3998,6874,3.0,1447078536
179702,1207,4.0,1547857613
145825,3994,4.0,1181766000
11635,47610,5.0,1636997502
50820,1258,3.0,1424816991
136816,4007,3.5,1058128110
113509,183869,5.0,1589767668
99922,1210,3.5,1164456830
165381,81834,4.0,1448215027
176141,3751,4.0,1493796261
2348,53123,5.0,1356067962
166042,1128,2.0,947645466
32149,8914,4.0,1586910260
107061,3438,2.5,1089376331
90676,1377,2.5,1111414273
37677,173817,2.0,1681391552
25479,1544,3.0,1264987658
4019,350,2.0,844283898
42704,74458,3.0,1347767449
55006,5902,4.5,1484542094
13013,45880,3.0,1500816111
153330,94959,4.0,1423742282
185336,744,2.0,832360958
186506,79091,3.5,1666821516
123851,4963,5.0,1557078136
170173,1645,1.5,1489897101
187240,1111,5.0,1667880977
149134,2315,1.0,976657599
58993,1694,3.0,976937045
72172,370,3.0,1457580038
148821,784,2.5,1268552470
108114,3081,4.0,1037815764
139960,2236,3.0,1012172827
125448,44195,4.0,1253944043
65627,63072,3.0,1478352829
119367,2502,4.5,1206628824
136944,2671,1.0,1035247426
38095,1834,4.5,1460865526
101991,902,4.5,1197490238
13395,2692,4.0,1505759907
54608,236,3.0,849116486
107311,37382,3.5,1152730410
74600,3925,2.5,1187592295
98363,71282,4.0,1516215709
94513,1580,4.0,904304191
51438,117176,4.5,1691493834
131425,1376,2.0,1154628186
5105,438,4.0,976336004
46232,159061,4.0,1554354205
17175,158783,3.5,1507551637
144099,6763,3.5,1127077231
53250,59315,5.0,1556549651
128266,5816,4.0,1136135785
136918,410,3.0,1272488224
67283,62,4.0,851101479
20170,110,4.0,1002923336
11132,5954,4.5,1521275689
184181,1,2.0,1504835471
29020,2396,4.0,1026181985
1756,671,4.0,949288392
131,1704,3.5,1242557395
170285,1199,5.0,939785541
107086,6724,4.5,1666749618
4024,2115,4.5,1544750108
119644,1218,5.0,975281934
34267,1701,4.0,1560797378
73942,3916,2.0,1132754780
197286,174483,2.5,1572925573
195484,10,4.0,1164152750
159330,337,2.0,874931316
172460,1233,5.0,1167823557
129740,111113,2.0,1427088833
98464,506,2.0,940342126
63129,1729,4.5,1113478717
65678,3271,2.0,978496026
75807,260,4.0,1511130827
85650,4290,1.0,1016724988
133518,2364,3.0,1009669821
51287,515,5.0,846921904
126022,45722,4.0,1474776014
20612,434,4.0,984655105
113137,548,3.0,974760629
588,3825,1.5,1152044050
135476,2571,5.0,1493002906
130012,3763,2.5,1080656742
171048,50,3.0,1466386691
160260,4226,5.0,998616552
82891,551,4.5,1358433490
44001,292,2.0,1025161047
64086,63992,1.5,1388269145
98110,8533,2.0,1517145112
143820,1,5.0,1534764537
116875,63113,4.0,1228368731
112061,3753,4.0,1041669561
198458,665,2.0,964837431
74719,4857,3.0,1153818651
103442,2641,3.0,1310181886
190154,1603,3.5,1318558745
90031,111362,4.0,1631360552
146876,83613,3.0,1455629445
141349,296,4.5,1225245831
2704,115122,4.0,1505061891
116588,329,2.0,846340014
78987,77561,3.0,1648771138
2420,2871,4.5,1353539310
156594,6711,4.0,1263257577
55541,4310,3.0,1505339720
146707,1097,3.0,1303213264
44508,42732,3.5,1156910068
171496,1210,4.0,976218820
49987,849,1.0,1233423892
175325,1191,4.0,1455251730
157949,5970,3.5,1444386442
43057,517,4.0,951674031
164551,58998,0.5,1435839025
180969,33615,4.0,1465244238
147037,3578,3.5,1505196914
101949,122884,4.0,1620861795
16795,65088,2.5,1310347030
124314,4306,4.0,1124257195
14050,7022,2.5,1492858852
49237,159690,3.0,1478033671
159851,74458,5.0,1448512448
12873,3033,3.5,1117397350
100565,128360,4.0,1635527086
17151,1447,3.0,855487827
84582,1185,4.0,950258973
31404,1753,5.0,1489018736
71959,7438,2.5,1604002422
163226,1198,3.0,1171379051
121991,16,4.0,1012190668
88241,3617,4.0,993484459
186361,750,5.0,963675974
116391,53322,4.0,1481735258
54920,2302,4.0,1078004862
15548,151,5.0,839279780
162088,695,1.0,885526926
67835,1517,3.0,1030422708
37144,134853,5.0,1640527953
150806,6377,4.0,1444931613
198646,1221,4.0,1538333650
54070,3897,3.5,1110077368
23181,85510,3.0,1478214181
90944,1027,3.5,1322038270
100666,128360,4.0,1507962545
144409,2174,4.0,1607258891
19783,2002,3.0,1172991539
124654,5445,4.5,1255216699
79641,1917,3.0,1556364227
35020,2291,3.0,1442491990
76258,132,2.0,901835054
35165,8340,4.5,1219006301
20583,61350,3.0,1674097885
68012,2959,4.5,1137335404
16796,1183,4.5,1093379021
103613,342,4.0,1185246236
185041,1641,4.5,1065817937
119278,6503,3.5,1107390504
86457,8368,4.0,1165537288
200582,387,2.0,1007755253
66159,1283,4.0,1093014541
130811,1197,4.5,1546825818
100116,1690,2.5,1170771436
179238,203208,3.5,1602666746
145357,4848,3.0,1446575413
33135,5349,4.0,1597176261
37161,780,4.0,860862195
92065,81834,4.0,1542041744
155678,91529,1.0,1447705460
163193,1302,5.0,992541491
48191,4896,4.0,1494025493
68923,1240,3.0,1225367847
147941,89774,5.0,1337295845
142588,227,1.0,1108792664
141289,76130,3.5,1289001713
166949,2303,4.0,960323078
18336,2145,3.0,968522305
102040,55851,3.5,1379963780
194770,374,3.0,836502029
79626,1240,5.0,1556144241
117151,4223,4.0,1405340066
59901,55830,4.0,1431805003
5129,1200,3.0,1299535014
48741,500,3.0,847875257
49127,1954,4.0,1053993683
35386,2004,2.0,1035300577
89884,3169,3.0,1497584239
64861,29,3.5,1134194135
82151,165639,3.0,1653862016
61289,2706,2.0,1275025405
191389,114700,3.0,1501974439
51499,6503,1.0,1573940161
169140,62718,4.5,1639717340
62563,48,2.0,944950845
95872,36517,4.5,1522769922
17098,1379,4.0,949610513
117613,908,3.5,1447389168
34474,34,5.0,846562288
19408,1240,5.0,902075434
76180,168248,3.0,1627529663
112950,1835,3.5,1273009032
19035,1096,4.0,977982254
57389,82152,3.0,1678417949
150506,4878,5.0,1111113186
65225,46970,5.0,1522084367
139094,188,3.0,927152287
39398,432,3.0,983219093
30682,1197,1.0,1554083978
68755,3108,5.0,1027584152
166578,55765,5.0,1365204547
174386,2391,4.0,1043620017
129647,2011,3.5,1082346768
44871,2143,4.5,1067012029
165214,1252,1.0,974064455
56841,569,3.0,995050644
180676,480,3.0,839348032
73725,1573,4.0,1460511460
73833,846,4.0,1045347840
125889,135133,2.5,1653515851
175501,356,5.0,1222097596
59624,34437,3.0,1202765912
73669,3039,3.0,944927394
130012,6078,3.0,1256958062
149475,356,3.0,1683098912
29212,4975,4.5,1344098670
33157,3265,4.0,1072560997
123001,134130,3.5,1475708495
200939,481,4.0,834438283
156132,47,4.5,1257091021
186456,140711,2.5,1453698013
58227,98243,4.0,1495370509
200855,87869,3.5,1567705261
92142,7311,3.5,1262310185
73397,34,1.5,1216106503
58117,316,3.0,1371422083
49518,293,5.0,1566771323
69652,165551,3.5,1630595575
101142,93838,5.0,1502178509
99089,7560,4.0,1337214502
135742,68157,5.0,1502629634
57123,54503,3.5,1298850822
162773,745,4.0,1427999210
152054,4011,4.5,1102979494
116525,207313,4.0,1689036861
128785,1033,5.0,1238815113
68339,207,4.0,836847691
66807,4502,1.0,1036253664
21854,1895,3.0,968882921
165119,100,4.0,856028751
20950,21,4.0,946669912
17098,292,4.0,949605986
184222,51540,3.5,1560114622
193178,59387,2.0,1232881769
48765,4368,1.5,1110208361
126420,106841,4.5,1451656968
2334,1997,4.0,1545694449
104188,161582,3.0,1586915261
175325,6031,4.0,1455488812
108509,106072,1.5,1440740007
86870,339,3.0,879196372
45981,11,4.0,842734386
197920,3081,3.5,1130195704
170981,72380,3.0,1429151189
99846,2959,5.0,1601279062
115036,780,4.0,1490492935
125610,26776,4.0,1296841370
95123,356,5.0,840134722
52701,1974,5.0,1125631653
34730,7222,4.5,1219884254
167161,47997,3.0,1486952580
3227,1266,5.0,945308627
185788,296,5.0,1593431693
117579,69526,2.0,1573619927
9396,2859,4.0,1138293087
48657,96610,4.0,1594766036
58769,2018,2.0,1265821217
85541,4403,1.5,1262141100
124529,6539,3.5,1519496345
6308,98809,4.0,1441667800
114675,6056,3.5,1131155392
32133,1274,4.5,1650892656
191414,99402,4.0,1442226666
157004,103384,2.5,1606222427
119155,110,3.5,1548508122
189099,317,3.0,840309894
98887,1884,4.5,1114025028
27064,5481,3.5,1176191596
78356,3147,4.0,1582292553
199566,349,3.0,840052926
98551,7458,2.5,1442089628
175001,91658,3.5,1419989976
77579,161580,3.0,1493615848
31461,1196,0.5,1626624287
99334,106916,4.0,1481527771
66062,27834,4.5,1288102678
87238,1619,4.0,1461978170
93452,88140,3.5,1461110717
120313,4011,4.0,1487215824
102731,41,3.0,836983535
25836,8865,1.5,1201385200
158070,1036,4.5,1117384559
89418,292,3.0,1112065076
83341,1584,1.0,1031691694
78394,7566,3.5,1083637970
112199,55820,4.0,1642543096
155122,4720,4.5,1098941779
157595,110593,3.0,1398173653
146991,350,3.0,839881363
36841,39,2.0,1476840633
3559,2633,2.0,946358576
15624,4728,4.0,1012436859
176115,592,3.0,848910681
115979,1527,3.0,1228934121
67290,8665,5.0,1540047190
48463,203222,4.0,1614315473
113884,32031,4.0,1179957692
66873,8961,5.0,1129606016
18942,44665,4.0,1480389203
8069,480,5.0,1621372523
174386,529,4.0,1043556557
98883,2291,3.0,1220992836
22292,1380,3.0,949984238
96566,33437,5.0,1157929050
198777,119450,3.0,1439794182
169800,5574,3.5,1084376713
72963,741,4.0,1280999800
147289,198729,0.5,1632628591
161242,2463,3.0,938950330
117579,166615,3.0,1598065224
62945,74789,3.5,1452320498
112568,5445,1.5,1608302105
110964,2393,4.0,1315675919
15105,911,4.5,1420426960
37077,5449,2.0,1489198647
22370,44555,5.0,1673463748
55233,1196,4.0,1231110651
57121,1046,4.5,1099566889
142513,4993,4.0,1505619868
33971,2997,3.5,1313094503
37514,838,4.0,1362284443
16718,6016,5.0,1449998505
35276,153,3.0,849029532
47785,59315,4.5,1567012645
4195,157296,2.5,1545217503
86011,697,4.0,944919805
47383,69757,2.5,1522490526
110529,208,2.5,1410456805
140375,6711,3.0,1166712953
157509,33166,1.0,1621357173
107572,85056,1.0,1449443164
53746,5989,3.5,1548493443
172430,1258,5.0,1195849394
12682,2006,4.0,944158492
198465,5952,4.5,1523144871
39609,4226,4.5,1441553480
199868,1719,5.0,951107101
168321,3476,4.0,955003163
49375,1307,2.5,1227218804
106322,116161,3.0,1459685426
86736,180,3.5,1571242386
22077,2920,2.0,939151771
111180,891,2.0,849786407
53163,3260,4.0,965223046
21662,260,5.0,1112392390
196818,1304,5.0,992292101
130390,367,3.0,837843537
46622,4963,3.0,1457640055
150287,48774,3.0,1225284853
134160,6281,5.0,1153667655
122157,356,4.0,833129920
10225,4226,4.5,1546639971
155367,1175,5.0,938910760
158895,1219,4.5,1118790950
90540,64695,5.0,1452402976
42316,2021,4.0,1035062666
69292,3253,3.5,1085444251
173145,4700,3.0,1026951977
121583,99114,4.5,1443582723
68697,7263,5.0,1265437647
7910,553,5.0,857595135
87933,442,3.0,975393291
85375,6711,4.5,1103552942
141129,116823,3.5,1548708559
163530,1569,3.5,1281378839
181615,1888,3.0,974728763
117964,151605,3.0,1486845597
112010,27773,4.0,1547598663
29860,31420,3.5,1248796947
114751,135569,4.0,1476248661
194179,2174,3.0,1057869892
30484,6373,3.5,1522239797
200324,2015,4.0,949870432
171112,1233,3.0,1177241979
71199,2860,3.0,944898832
42393,2944,5.0,1137025626
11862,1203,4.0,1679796367
89052,1200,3.0,1349305826
115618,72226,3.5,1325531640
42375,3000,5.0,1052115761
141811,5254,3.0,1329778637
159858,3967,4.0,1488034671
193539,6287,2.5,1284221896
130738,293,5.0,1510199054
82517,1032,3.0,891679946
69076,108932,4.0,1423915922
175203,4846,3.5,1094761111
2974,457,4.5,1513028056
54483,608,4.5,1447595756
87393,94780,3.5,1464544500
109842,329,3.0,835090838
133919,1499,3.0,909097496
94505,122920,3.5,1469564305
191007,47423,3.0,1367353420
3135,205591,4.0,1696296923
87056,104,4.0,834865372
138420,114662,5.0,1486264720
162080,33660,3.5,1527883233
200702,4886,4.0,1260826816
70490,34530,3.0,1495303566
56777,102445,3.5,1613259822
139546,1061,4.0,1281013692
174477,493,1.0,940640684
16283,5378,3.0,1610927445
29107,96821,3.0,1550341865
63275,5027,3.0,1565905750
189700,150262,5.0,1548898247
8382,2716,3.5,1186788431
70419,2083,3.5,1339376969
86828,1207,3.0,1005785520
43978,87004,4.5,1547136431
174903,89745,1.5,1417029445
7492,103341,4.5,1503024298
4754,1198,5.0,1351703158
102666,3471,4.0,964813196
123956,5989,3.0,1107413533
50676,798,2.0,965341039
117666,1584,4.0,1070350005
177209,173,3.5,1152193274
137539,4720,4.0,1408075574
102740,2114,5.0,967018013
37516,1835,2.5,1448130821
43703,210139,2.5,1664549073
170625,1288,5.0,950209704
34864,1128,4.0,1447929507
94620,1515,2.0,992973533
65474,1729,4.0,901494381
192705,2528,3.0,1241537709
193750,7361,5.0,1665516732
188972,589,4.0,941561741
133882,6803,3.0,1514225736
34162,590,5.0,843081820
91142,1210,4.0,854207794
71519,648,4.0,854730881
137908,1060,4.5,1373168608
160386,2747,3.0,993069423
28879,1258,5.0,1100400182
125962,633,4.0,852535670
147771,2723,3.0,978383825
81682,3911,5.0,1022687042
53242,1391,2.0,965331538
147982,2000,4.0,1085794593
100787,2202,4.0,945847771
105133,8376,3.0,1443105445
44658,2892,1.0,1039396746
115498,5459,4.0,1470624351
84282,3448,5.0,973288344
49231,79224,1.5,1280175298
158570,318,3.0,1136771560
156875,7445,5.0,1489825072
83336,2396,4.0,1483319293
78205,34002,4.0,1230958818
110119,1292,3.0,858120081
40382,1196,2.0,1465085572
198950,33794,4.0,1251886607
110968,1805,1.0,1385938001
106112,3114,5.0,1174227311
45853,4246,5.0,1487464872
59241,65225,4.0,1237406923
77863,179695,3.0,1550157281
4050,407,3.0,1016387107
194852,648,4.0,863351258
30633,26776,5.0,1650687353
36977,16,4.0,939945296
96617,342,2.5,1368802161
185023,4262,5.0,1579279156
19244,1188,5.0,851274163
126596,47,5.0,1500243419
82334,1242,3.0,1225230435
89396,88163,5.0,1684709500
152464,4105,4.0,1114069908
21406,2352,4.0,945655337
5964,3081,4.0,1164355519
195687,3663,2.5,1069177654
87872,98809,5.0,1504574769
59426,4246,3.5,1146781557
116913,106002,5.0,1648285908
129705,101142,3.5,1482247127
23773,852,4.0,1000319763
179593,2393,3.0,1054388492
56871,3706,4.0,1155586878
129858,36529,2.5,1466174832
94485,2617,3.5,1109134995
50096,174,3.0,836418878
84492,4963,3.5,1210881852
85176,99114,5.0,1502697959
62382,82461,3.5,1508011085
122489,64614,4.5,1615479767
133337,3635,4.0,971088165
185506,97423,4.0,1597767179
106292,1198,4.5,1652895228
401,3468,4.5,1263564839
40383,6554,2.5,1195784724
183341,115122,4.0,1604111268
57656,296,4.0,847938149
86575,2890,3.0,1149384622
58410,2805,1.0,981833511
162559,1088,3.5,1468400072
160828,4447,2.0,1492789310
114171,2294,3.0,1165298899
34804,54736,4.0,1689382426
93065,1460,2.5,1482102034
197378,3036,4.0,974710631
61899,788,2.0,1210337655
200025,1625,3.5,1421948480
120786,111360,2.5,1468820045
139196,1222,4.0,1427722072
39819,68237,4.5,1348380249
187300,31,4.0,840647854
68772,2529,4.0,1614125677
114964,2161,5.0,998437601
95754,920,5.0,1010900589
49305,8403,2.0,1189410109
7265,77837,3.5,1586823862
75203,4814,4.0,1020651831
163829,2995,2.0,1133639920
31764,5900,4.0,1474796830
100346,67923,5.0,1614493460
155002,1380,3.0,1078350174
129688,435,2.0,836372146
24826,185029,4.0,1636153597
193737,2325,0.5,1164982348
14910,1262,5.0,1506233974
144564,2916,4.0,975342254
17400,4226,5.0,997029167
49011,157296,4.5,1467840509
90116,8874,4.5,1111473784
78002,5991,4.0,1182877357
67893,3578,4.5,1369766714
99463,81845,4.0,1405736445
189839,2396,0.5,1090392590
67304,858,4.5,1553949800
40367,50,4.0,1089834589
64357,517,3.0,983929493
121851,2356,3.0,974792212
21770,32587,4.5,1284969689
36487,968,4.0,948144795
69728,2502,3.5,1554256584
117778,586,4.0,856808896
169713,3791,3.0,965183897
130645,8784,4.0,1333930055
142318,541,2.0,1487560858
190337,2176,3.5,1212178014
67048,318,4.0,1091536528
145580,555,3.5,1328278780
104409,7153,3.5,1438611900
150523,434,4.0,832226357
74347,356,4.0,1471068607
150127,10,1.0,836991373
100958,588,3.0,843821455
95353,2321,3.0,1013021919
105482,88129,1.5,1534891527
67588,134853,3.5,1549839596
115728,3479,4.0,980436177
37847,3176,3.0,1021961620
28079,6230,4.5,1063354582
131425,553,3.0,1113334385
67152,1222,4.0,1092035935
22341,46967,3.5,1454972308
50520,31435,4.0,1150819791
175271,61350,3.5,1377295952
124671,1909,2.5,1191752462
200730,1350,4.0,1463532561
146372,61352,1.5,1492463109
184144,4262,2.5,1501375055
31700,48394,4.0,1279088895
145878,104913,3.5,1687989640
16152,2502,3.0,945149373
143211,1275,3.0,1652052833
86575,410,1.5,1149579550
120781,1454,4.0,943708057
194718,139385,5.0,1622482702
127542,786,3.0,864598131
16256,1198,3.0,1431307149
33710,1097,3.5,1318239923
73191,57223,1.5,1462809352
16507,4415,3.5,1165541351
39985,2571,4.5,1566675550
118495,145,4.0,1084805627
19465,91048,4.0,1503439929
28990,171763,2.0,1631571696
102753,2312,3.0,1086998707
48297,4993,5.0,1691342237
86978,786,3.0,859932854
22808,1917,3.5,1673796153
176331,2918,4.5,1077299001
55867,88125,4.5,1524440489
154629,4890,3.0,1540468722
18927,101893,3.5,1521722819
13450,65682,4.0,1431644975
48409,1393,3.0,1091428074
136628,50,5.0,1446578178
139307,1,5.0,1550311939
142527,112183,4.0,1440294001
196412,1246,4.0,1614022797
122448,912,3.0,1271986041
18303,551,3.5,1391586745
165949,91529,2.5,1360986935
65058,2010,3.0,965930389
26748,1193,4.0,945463496
56494,2012,2.0,1538070814
100763,2723,4.0,1035819000
125749,33004,4.5,1116607665
141074,95,4.0,854914857
198486,1729,4.0,980728322
152329,1272,4.0,924011194
129453,3932,3.0,1064515454
50822,6365,4.0,1189473184
106307,136016,3.0,1478387263
132464,1934,3.5,1104619035
86780,110,3.0,844613522
40252,1641,5.0,896815639
154546,1301,5.0,940824915
190814,86293,2.5,1313016000
56308,312,5.0,861132505
26811,3250,4.0,1500154139
197188,348,3.0,1305932676
98679,54997,2.5,1504925253
96034,7477,1.5,1539269309
111391,1968,1.0,1222130350
111431,8873,3.5,1397046577
81827,2511,3.0,949109029
190132,49647,4.0,1615080569
152287,2272,4.0,975467135
87243,8264,5.0,1351632569
200326,4388,2.5,1055951064
142763,104913,3.5,1549740740
121686,663,3.0,1000575650
55445,69358,4.0,1311710258
102986,2052,3.0,1553514049
41564,112852,1.0,1491249856
112147,5363,3.5,1135322847
165639,47,3.5,1590505819
180172,55768,2.0,1675935516
23609,3471,3.0,1329595797
155823,1278,4.0,1080003805
4267,953,3.0,1060663776
48369,62374,4.0,1590256034
119687,136864,2.5,1510733479
1743,1979,2.5,1541164443
42060,3578,3.0,1266631619
191917,500,5.0,1188635310
120106,2289,4.0,974926966
77592,58559,4.5,1601758217
100219,4235,4.5,1076280574
36038,31026,3.5,1135701683
127155,2490,4.0,965147331
148441,7153,4.0,1222787988
80301,733,4.0,858634840
158439,8965,1.0,1129589838
122712,1946,5.0,938798671
51368,168252,4.5,1505938922
173147,68157,4.0,1668895114
35980,8376,3.5,1257114719
45347,2021,4.0,949588745
13012,33679,0.5,1180814634
196993,4776,4.0,1537365421
80,96610,3.5,1468690804
157644,104944,4.0,1587034388
139978,2105,3.0,959949322
115955,315,3.0,839097700
82944,50,5.0,1304980850
172650,55820,4.5,1440044712
169358,29,3.0,844958826
174564,5574,4.0,1207079316
146252,1968,3.5,1458811958
2817,68319,3.5,1357408957
74474,440,3.5,1225821072
23519,497,5.0,836210068
100185,5283,2.5,1329080328
31115,79132,5.0,1499603170
182808,2918,4.5,1092146383
106370,4022,5.0,1693587198
194049,2302,5.0,958510255
104833,8361,3.0,1677148157
66768,2950,2.0,957812997
162409,1210,4.5,1474160318
72279,177113,3.5,1600208981
174351,115991,5.0,1535856647
11191,52885,3.5,1203349823
37808,810,4.5,1193240478
142821,1097,4.0,1227430264
166101,5989,4.0,1057953050
96878,74727,5.0,1509569169
81635,6377,4.5,1273862265
147321,3395,1.0,951848334
161114,1527,5.0,1512769821
69139,460,1.0,848363232
195755,56782,3.0,1531691773
193539,2034,2.5,1431872489
66309,55209,1.0,1585522972
185426,88125,4.0,1311438782
191835,434,4.5,1494594574
51130,2883,3.5,1070825089
21667,5816,5.0,1040236257
98144,581,4.0,889886135
31214,5248,3.0,1027450491
123138,33004,3.5,1135140165
121763,5669,4.5,1561975039
111169,5445,3.0,1113345916
78718,120635,4.0,1642254942
153047,1483,5.0,998189168
156217,595,4.0,974737591
189665,51084,3.0,1335902070
88528,4085,3.5,1122241693
175684,46965,2.5,1649106426
183401,77866,4.0,1696179302
29608,3703,3.0,1436652723
101361,4205,4.5,1493361792
42316,440,3.0,1035063884
190812,922,4.5,1629162167
99343,3949,4.5,1074360911
143546,47423,4.0,1488546104
46700,34150,2.5,1553563527
24729,407,3.5,1681677232
123678,2414,3.0,1537206286
58641,5389,3.5,1456854180
79972,6264,3.5,1100380350
2019,5481,3.0,1074451265
183890,7153,5.0,1338329859
28807,4995,5.0,1490552892
17609,593,4.0,999497032
114678,48738,4.5,1517499530
105045,5311,5.0,1018563154
183721,1718,2.0,972669701
30887,117444,1.0,1439889423
143893,2791,4.0,1243819347
196502,103249,4.0,1430214572
161107,3224,4.5,1405585630
148289,648,5.0,861204354
166927,158,2.0,1249349158
34762,537,3.0,838216564
198112,8501,5.0,1573966913
184210,4306,4.0,1566613643
40603,2012,3.0,1356970957
146256,2421,1.0,1171274166
29191,94864,4.5,1362888255
190551,27716,3.5,1535207252
166850,49330,4.0,1285196853
114449,2752,2.0,962929493
59294,306,2.0,1151752578
17035,76077,0.5,1436135456
47184,27821,3.0,1324939299
16421,1704,4.0,903307259
185089,5989,4.0,1616713956
194059,2013,4.0,996079850
144257,1347,4.0,1437526775
80800,110,2.0,943876870
100754,866,5.0,1227624484
70936,8641,4.0,1212896868
26711,2010,3.5,1419657438
159906,2236,4.0,967242380
27581,377,4.0,1109523067
100769,81845,3.0,1585249758
130997,7007,4.0,1097603829
36642,3702,3.0,1254255656
82286,90531,3.5,1571069952
197090,4734,3.5,1158500611
199023,593,4.5,1306830640
38294,1193,5.0,1159793167
49903,143347,1.5,1574025480
131855,608,3.5,1588559621
101380,3968,2.0,1441742257
189878,349,3.5,1562935738
138364,109848,5.0,1594443674
142028,140174,3.0,1679800527
174318,152081,5.0,1503733642
55779,223,2.0,972709529
98088,593,3.0,839945252
183718,58998,4.0,1555457328
128195,1407,2.0,1088751856
158613,152591,1.5,1592328494
69051,1230,3.0,945381050
2109,1917,4.5,1467908231
94446,1895,3.0,965768688
23775,2890,1.5,1118159428
122322,780,2.5,1459783095
49055,4015,2.0,995769838
58241,784,4.0,945021850
95363,2916,3.0,945103378
140620,4027,4.0,1563290683
115957,26163,0.5,1333662585
136168,202749,4.5,1596139327
127463,1027,2.5,1153905581
147289,103335,3.0,1632969858
4884,3255,2.0,1042853794
61280,88140,0.5,1420345702
180136,745,4.0,857986459
160186,135143,4.0,1532920031
183224,55052,3.0,1209230792
20982,653,3.0,839332377
169714,2022,4.0,954916778
36277,7,3.0,1092021691
139627,168252,3.0,1683056006
139412,2176,1.5,1088306165
96040,1358,4.0,1174149024
93249,91094,2.5,1640995724
52427,60069,4.5,1477751553
161533,5952,5.0,1447150861
22520,6300,4.0,1069246807
130247,2803,3.0,1036451090
145560,6411,4.0,1086872491
196390,608,5.0,974611871
87231,5502,2.5,1475577303
172723,2572,3.0,976675000
193841,32031,3.0,1357167824
154801,156,3.0,858856016
36249,36,4.0,1081570928
72449,88129,4.0,1519410201
70740,2018,2.5,1593122256
2317,4056,4.0,1077020514
184113,50,0.5,1439864245
172086,1258,4.5,1417686401
8706,2572,2.0,1142870761
148073,96811,4.0,1650910510
197953,318,3.5,1111786941
198991,1380,4.0,971843650
91034,1272,5.0,906804703
64913,662,3.0,856383505
65804,29,1.0,864600783
92080,2140,5.0,1539126587
86889,112070,3.0,1501465833
5963,56782,3.5,1225252915
89289,140956,3.5,1535130186
3362,2268,5.0,1159583933
109683,6942,3.5,1435701096
189646,40815,5.0,1303173372
141881,111362,4.0,1628072480
193502,104841,3.0,1385493536
184971,288,4.0,901165712
179194,111443,2.5,1636953842
93831,136485,4.5,1458612264
99276,66783,2.0,1629141536
47928,4020,4.0,1092837403
106109,1676,3.0,1144617543
110894,8874,1.5,1358709490
31674,4306,3.5,1228091661
175893,103335,3.0,1471867114
6565,4022,4.0,997814203
41539,5803,2.0,1051548947
107856,1275,1.5,1461492958
23385,2686,5.0,975001532
38519,61132,2.0,1623610993
120461,46062,3.5,1617578287
170411,1304,4.0,1326970046
55111,5747,3.0,1107069721
64487,1247,3.0,1439821193
23687,6776,5.0,1549733299
34474,783,5.0,846563244
186473,5140,1.5,1053587793
65056,71926,4.0,1428099116
131271,3285,3.5,1228560106
60322,74152,4.0,1313040705
126372,2485,2.0,1051813280
104112,2997,1.5,1468005057
156791,2916,4.0,974629659
119871,5388,3.5,1628504693
117924,92681,3.0,1443803599
30020,236,3.0,966459903
178904,110,4.0,1437734763
1025,805,2.5,1063559276
40380,54503,3.0,1522095988
184609,1923,4.5,1191772500
108901,1060,4.0,1301370764
74429,380,3.0,837210897
15324,80831,2.0,1305434103
41032,380,3.0,847137716
193764,7325,3.0,1177687242
58005,79702,5.0,1490546990
119649,1197,4.0,1441434701
103593,1230,4.0,1460131024
140537,1682,4.5,1437059479
127984,1,2.5,1436680062
100568,3040,2.0,1068133614
86856,4343,3.5,1462583576
107681,2826,2.0,987411552
85568,1199,1.0,895534949
187289,32587,5.0,1140007379
112408,122904,4.0,1473547385
61108,1306,4.0,949722271
163202,2012,5.0,1591328766
14302,2788,5.0,974901225
111557,47,4.0,1577382789
135745,70286,4.0,1541844621
151767,1216,2.0,968094876
28831,81847,0.5,1564645088
136655,6377,4.0,1293665732
189807,2210,3.5,1184605943
105276,6595,2.0,1645209825
59102,2774,4.0,949081326
42152,3897,5.0,1147599034
88840,106487,3.5,1455963475
113670,44195,5.0,1403986079
151245,2186,5.0,1086593285
103885,921,4.0,1004566807
68697,5620,4.5,1263884029
48563,293,4.0,1507617857
39685,4939,3.5,1105442058
153500,65514,4.5,1588546302
15571,59784,4.0,1492510297
53800,24,3.5,1459020287
35958,380,1.0,835553253
197492,33679,4.0,1551461021
96731,3751,3.0,1150947283
174159,78499,0.5,1542529071
173979,104350,3.0,1559117799
77326,58295,4.0,1515011826
130012,5569,3.0,1256958521
79581,103339,4.0,1514709853
52686,1199,5.0,1357201031
120991,3735,4.0,1006182580
51061,122918,5.0,1581153254
32442,1196,4.0,945458741
97269,1199,5.0,1004960083
194919,79592,2.0,1481171393
42745,419,1.0,841997996
61693,1148,4.5,1134734488
84689,6708,4.5,1167891783
31555,780,5.0,858450134
135038,224943,3.0,1640164932
182031,120134,4.0,1436927885
97372,249964,3.5,1663121714
168151,95441,3.0,1484686978
16754,4886,2.5,1084419887
86087,3363,4.0,1392279005
30273,4973,4.0,1179636389
80575,163645,3.5,1629934090
106002,235,5.0,830585868
141920,84392,4.0,1572081114
70103,2176,4.0,1255141819
60091,3256,3.5,1355023152
152809,47629,1.0,1485010436
108562,1073,4.0,1115619735
105049,73321,2.0,1611641246
4077,152338,2.0,1455215914
4716,1377,4.0,850846941
100039,134569,2.5,1541962648
179870,369,4.0,1039377090
180549,786,1.0,857738778
107446,2699,2.0,1049494564
156576,5785,4.0,1450817675
78403,1821,3.0,1045974619
177834,55577,2.0,1690638677
8404,1103,4.0,844894328
120803,33493,3.5,1546546257
171795,116483,3.0,1553298984
170746,1198,4.0,1440249336
19800,112,3.0,854982148
74634,89492,3.5,1399328425
67552,5956,3.0,1434972165
165249,4620,4.5,1512024017
147300,4232,4.5,1577903539
7080,109487,3.5,1432320394
66642,1683,3.0,943004500
182732,3753,1.0,1118853115
198591,1676,3.0,941899750
94356,5872,1.5,1164539022
55533,65261,3.5,1603747489
64053,480,3.0,1014009930
91863,40815,4.5,1470438574
45537,103253,5.0,1584652565
7481,1183,5.0,859439383
50563,45447,2.0,1249841044
199470,4718,2.5,1439897647
138619,41569,3.0,1452327709
87330,48598,4.5,1202799788
88500,5707,4.0,1462542743
39219,54286,4.0,1485373919
60257,8983,3.0,1156033979
111350,2533,4.0,1537577298
24813,376,3.0,952460495
147368,1291,3.0,867499746
145954,2015,3.0,973796493
200071,3753,4.0,1424737025
31530,56003,1.5,1638434964
15251,2324,4.0,1016503740
190945,7458,2.5,1644609604
43837,40819,2.5,1545954522
184712,3471,3.5,1060851159
115640,115713,5.0,1599340955
179053,102716,3.5,1635480229
53892,110,5.0,842824365
183937,3072,3.0,1121459329
106382,2249,4.0,1027063319
155570,1968,4.5,1126011373
67052,2054,4.0,942583617
72643,1259,4.5,1053650260
25763,304,4.0,834215222
191977,2571,5.0,1262098794
190431,1037,2.5,1151326013
69567,69524,3.5,1483744604
183320,1863,1.0,939132168
175325,175423,4.0,1501022640
34769,88810,4.5,1325221183
53625,54001,4.0,1469149635
7809,4077,3.0,996187064
32817,4878,5.0,1227477897
28819,1235,5.0,952465269
177405,60684,1.5,1640040735
18390,80590,4.5,1506751334
153893,25,1.0,966738986
74470,80094,3.0,1489771953
120384,1281,4.0,854828519
190296,36529,4.0,1254459223
83489,87529,1.5,1448829177
120961,608,4.0,1448743949
46146,899,4.0,1690156618
145914,1968,3.5,1487533648
20896,3869,3.0,991086850
33787,4963,4.0,1184609029
26710,1586,3.5,1225230673
83404,176371,4.5,1584317687
94770,190555,3.5,1586121819
39165,236,3.5,1118188427
34416,2021,2.0,1632049450
22157,194016,3.5,1580502374
33767,541,4.0,956785248
148334,3578,4.0,1432288374
15884,1271,4.0,966104158
23816,1270,4.0,1168998489
191754,4291,5.0,991800438
36145,108977,4.0,1667487333
14752,743,3.0,859996127
29674,4979,4.0,1051791158
200612,208,4.0,1445839053
82653,2116,5.0,1197342082
8106,1414,3.0,940092449
46232,2988,3.0,1288572048
65856,7149,3.0,1205009059
172049,3439,4.0,1590871123
34185,4558,2.5,1520791059
79837,2407,5.0,950194867
135941,1203,5.0,853784528
31549,102481,4.0,1680466450
71442,2174,2.0,1049679603
100992,59501,3.0,1233997461
1154,293,4.0,1101695133
59966,6385,4.0,1057115590
103151,150,3.0,841590335
53025,7698,4.0,1111541068
184808,60069,5.0,1517136765
109704,3083,2.0,1438704561
97030,1032,5.0,842622104
124193,2070,3.5,1056332432
50514,2087,4.0,1314996026
161439,104841,5.0,1459077626
176214,1907,5.0,991019919
12577,5066,3.0,1130033685
127892,1214,5.0,1584506027
123603,122912,5.0,1526781174
41219,82461,3.0,1394391364
69224,65216,4.0,1524516831
158035,1178,5.0,1638035280
62322,64957,3.0,1455477329
5232,2716,4.0,974661801
65986,637,1.0,974680662
153172,33660,4.5,1203313656
115775,96610,5.0,1507213991
68902,454,4.0,978376468
108031,3948,4.0,992258428
135163,86882,5.0,1534346812
48500,2683,3.5,1446915237
17831,1339,4.0,975805023
65199,842,2.0,993171142
134431,1721,3.5,1451586360
188115,1767,4.0,946863599
93969,3535,4.0,995856182
24965,497,4.0,946922143
73822,1573,2.0,946658927
116422,195417,4.0,1541642681
159445,1265,4.0,853426213
115470,904,4.5,1584392597
35480,6711,4.5,1126785252
127797,1222,4.0,946499028
30431,680,3.0,1045151845
184787,1079,2.5,1128553398
38589,1089,4.5,1473559704
128673,4995,2.5,1535600442
142018,1784,3.5,1294713136
30716,2194,4.0,964983193
54190,653,4.0,859488570
188550,919,3.0,1535479807
165991,33669,4.0,1646608497
32236,1391,3.0,867744938
197195,2011,4.5,1053049059
184690,597,3.5,1287659971
195014,3967,4.5,1548514307
107731,969,5.0,953660600
137029,27721,3.0,1180817698
34483,1920,2.0,1014972351
67556,2797,4.5,1081726609
195928,68237,4.5,1680382146
166034,106920,4.0,1577314710
64054,31658,3.5,1601104161
106107,95167,3.0,1500174372
173681,78637,4.0,1674763433
163788,356,3.0,1565494019
34877,33615,4.0,1463429201
176658,6591,3.0,1127801001
23223,420,4.0,1133558014
130634,694,4.0,857655525
100566,2716,3.5,1105940347
133495,64032,2.5,1692326808
47338,1682,4.0,1130948479
32790,2391,5.0,965619120
143363,8783,4.0,1110603752
150889,10,4.0,845491929
49402,8783,5.0,1619485583
41892,72641,4.5,1533484315
200455,1193,5.0,907356083
97996,64983,3.0,1244236795
130068,380,4.0,1654140945
7954,1911,3.0,958270213
67838,5957,4.5,1166495485
37007,480,4.5,1325962829
123580,1391,3.5,1160609843
84409,2396,3.0,1494797941
53437,5445,3.5,1160141937
84723,609,3.0,861401527
70885,608,5.0,946773843
61838,4351,4.0,997365798
67346,6157,2.5,1114686765
119409,64716,5.0,1596397625
123409,180031,4.0,1684533654
57402,1689,4.5,1456697431
63085,543,2.0,1239383164
32535,1409,2.5,1523293999
121140,148626,4.0,1673070273
37562,3826,3.5,1671597626
41240,1246,3.0,1088356235
161944,1258,5.0,1121202994
97212,87306,3.5,1342495857
46305,80463,4.0,1347422097
157252,215,4.5,1511836606
177615,3730,4.5,1082081690
30099,1223,4.5,1243283048
62945,59315,3.5,1452321174
20259,1291,4.0,1654977838
12024,127114,4.0,1682819339
159073,92259,4.5,1438031650
57908,80463,4.5,1577625806
29975,45726,2.0,1154928883
179914,110102,3.5,1493669855
86922,596,4.0,1690058401
120932,5378,2.0,1444584743
140325,1292,4.0,1112398305
97966,4776,4.0,1464775352
66746,2617,4.5,1139933617
136900,67408,5.0,1302800127
109698,48394,4.5,1450191308
14758,151639,2.0,1519934655
182965,1265,0.5,1472951137
31564,91658,4.0,1482765674
106359,592,4.0,1554441898
191479,1409,2.0,867129515
155671,90266,4.0,1461502634
28028,474,4.0,841259774
155868,2529,3.0,1602961431
197331,119145,5.0,1460963508
132476,187593,4.0,1543349524
70786,216,0.5,1260740109
54290,89753,4.0,1635430577
159526,5765,0.5,1112739992
150794,4388,1.5,1148581288
82050,7366,5.0,1579563127
179842,213347,2.5,1649926106
24374,3897,4.0,979841568
34812,2386,0.5,1133448617
113985,1208,5.0,1608176682
158379,3611,2.0,1438349154
196179,2694,2.5,1310382799
191675,30848,3.0,1172170036
166979,64839,0.5,1240352336
121436,278,4.0,840820201
54565,11,3.0,843826704
176921,234,2.0,906854994
140807,141,3.0,832691646
22385,2918,4.0,946207123
98865,3552,3.5,1142887023
90093,4776,4.5,1344323308
182548,3471,2.0,1260853120
5433,367,3.5,1381685587
190242,60756,4.0,1476240385
46100,497,3.5,1059925310
184934,25852,4.5,1394424996
23176,552,3.0,835532223
122447,7438,1.5,1479145753
198007,440,3.5,1076796560
91685,7263,4.0,1282584138
131866,2028,3.5,1234770319
66929,223,5.0,943279052
153572,1673,3.5,1146949355
127521,68073,3.5,1695087785
192224,1562,2.0,868463835
170947,1654,3.0,1198161251
176283,1090,3.0,1103749091
177266,189713,4.0,1671072372
72061,1240,4.0,1111906624
25944,3285,2.5,1221930704
23064,920,3.5,1218641554
69429,36509,2.5,1466752626
89639,73290,4.0,1361476357
179482,186003,5.0,1564405125
64181,263007,4.0,1661571583
3137,1196,4.5,1585796923
175857,5064,4.5,1117762318
62767,1210,3.5,1095552996
48483,8225,2.5,1103843133
113309,1259,5.0,1595851010
153917,1214,4.5,1271927980
106092,1291,4.0,955549111
180630,48997,4.0,1534713793
31817,3578,5.0,1480401988
72282,1461,3.0,880910576
130197,4848,3.0,1335556017
141993,59315,5.0,1369864108
119856,953,3.5,1111166180
151356,1027,3.0,901980631
54227,588,4.0,837495285
126153,1380,0.5,1107922923
130857,59016,4.5,1476658953
49429,154358,3.5,1678009664
112748,1091,2.0,844693973
116379,296,1.0,844131610
177113,318,4.0,1608585288
31839,6473,3.0,1062708813
116245,1196,5.0,1120790800
39835,5418,3.5,1424207039
124417,53894,3.5,1238290642
18149,162606,3.0,1543207621
199913,8961,3.0,1333520340
149556,60037,2.5,1459649326
27794,1222,4.5,1279967597
170525,1805,4.0,1676387481
22292,3477,2.0,1009673071
141974,1203,4.0,1460881690
196598,5418,5.0,1238694133
17767,2174,4.0,1494398706
